2025-07-03 16:01:40,842 [INFO] Activator:176 - 


2025-07-03 16:01:40,845 [INFO] Activator:177 - !SESSION log4j initialized
2025-07-03 16:01:58,586 [INFO] LogOutputStream:77 - [STDOUT_REDIRECT] 
2025-07-03 16:02:00,738 [INFO] ApplicationProperties:184 - Using Application install path: /home/adrian/st/stm32cubeide_1.18.1/plugins/com.st.stm32cube.common.mx_6.14.1.202504091515
2025-07-03 16:02:00,754 [INFO] DbMcusXml:78 - Set database path to: /home/adrian/st/stm32cubeide_1.18.1/plugins/com.st.stm32cube.common.mx_6.14.1.202504091515//db//mcu/
2025-07-03 16:02:00,755 [INFO] ApiDb:274 - Set plugin database path to: /home/adrian/st/stm32cubeide_1.18.1/plugins/com.st.stm32cube.common.mx_6.14.1.202504091515//db//plugins/boardmanager/
2025-07-03 16:02:00,755 [WARN] ApiDb:259 - Overriding images path with different value:  => /home/adrian/st/stm32cubeide_1.18.1/plugins/com.st.stm32cube.common.mx_6.14.1.202504091515//db//plugins/mcufinder/images/
2025-07-03 16:02:00,760 [INFO] ApiDb:250 - Set database path to: /home/adrian/.stmcufinder/plugins/mcufinder//mcu/
2025-07-03 16:02:00,762 [INFO] DbMcusAds:125 - Set database path to: /home/adrian/.stmcufinder/plugins/mcufinder//mcu/
2025-07-03 16:02:00,764 [INFO] CrossReferenceDbSqlite:203 - Set database path to: /home/adrian/.stmcufinder/plugins/mcufinder//mcu/cs/
2025-07-03 16:02:00,854 [INFO] RulesReader:64 - Compatibility file has been processed (302 Rules)
2025-07-03 16:02:00,899 [INFO] DbMcusXml:78 - Set database path to: /home/adrian/st/stm32cubeide_1.18.1/plugins/com.st.stm32cube.common.mx_6.14.1.202504091515//db//mcu/
2025-07-03 16:02:00,900 [INFO] ApiDb:274 - Set plugin database path to: /home/adrian/st/stm32cubeide_1.18.1/plugins/com.st.stm32cube.common.mx_6.14.1.202504091515//db//plugins/boardmanager/
2025-07-03 16:02:00,900 [INFO] ApiDb:261 - Set plugin images path to: /home/adrian/st/stm32cubeide_1.18.1/plugins/com.st.stm32cube.common.mx_6.14.1.202504091515//db//plugins/mcufinder/images/
2025-07-03 16:02:00,900 [WARN] DbFile:41 - Overriding database path with different value: /home/adrian/.stmcufinder/plugins/mcufinder/ => /home/adrian/.stmcufinder/plugins/mcufinder
2025-07-03 16:02:00,900 [INFO] ApiDb:250 - Set database path to: /home/adrian/.stmcufinder/plugins/mcufinder//mcu/
2025-07-03 16:02:00,900 [WARN] DbFile:41 - Overriding database path with different value: /home/adrian/.stmcufinder/plugins/mcufinder/ => /home/adrian/.stmcufinder/plugins/mcufinder
2025-07-03 16:02:00,900 [INFO] DbMcusAds:125 - Set database path to: /home/adrian/.stmcufinder/plugins/mcufinder//mcu/
2025-07-03 16:02:00,900 [WARN] DbFile:41 - Overriding database path with different value: /home/adrian/.stmcufinder/plugins/mcufinder/ => /home/adrian/.stmcufinder/plugins/mcufinder
2025-07-03 16:02:00,900 [WARN] DbFile:41 - Overriding database path with different value: /home/adrian/.stmcufinder/plugins/mcufinder/ => /home/adrian/.stmcufinder/plugins/mcufinder
2025-07-03 16:02:00,900 [INFO] CrossReferenceDbSqlite:203 - Set database path to: /home/adrian/.stmcufinder/plugins/mcufinder//mcu/cs/
2025-07-03 16:02:00,949 [INFO] MainPanel:272 - HeapMemory: 268435456
2025-07-03 16:02:01,037 [INFO] DbMcusXml:78 - Set database path to: /home/adrian/st/stm32cubeide_1.18.1/plugins/com.st.stm32cube.common.mx_6.14.1.202504091515//db//mcu/
2025-07-03 16:02:01,037 [INFO] ApiDb:274 - Set plugin database path to: /home/adrian/st/stm32cubeide_1.18.1/plugins/com.st.stm32cube.common.mx_6.14.1.202504091515//db//plugins/boardmanager/
2025-07-03 16:02:01,037 [INFO] ApiDb:261 - Set plugin images path to: /home/adrian/st/stm32cubeide_1.18.1/plugins/com.st.stm32cube.common.mx_6.14.1.202504091515//db//plugins/mcufinder/images/
2025-07-03 16:02:01,037 [WARN] DbFile:41 - Overriding database path with different value: /home/adrian/.stmcufinder/plugins/mcufinder/ => /home/adrian/.stmcufinder/plugins/mcufinder
2025-07-03 16:02:01,037 [INFO] ApiDb:250 - Set database path to: /home/adrian/.stmcufinder/plugins/mcufinder//mcu/
2025-07-03 16:02:01,037 [WARN] DbFile:41 - Overriding database path with different value: /home/adrian/.stmcufinder/plugins/mcufinder/ => /home/adrian/.stmcufinder/plugins/mcufinder
2025-07-03 16:02:01,037 [INFO] DbMcusAds:125 - Set database path to: /home/adrian/.stmcufinder/plugins/mcufinder//mcu/
2025-07-03 16:02:01,037 [WARN] DbFile:41 - Overriding database path with different value: /home/adrian/.stmcufinder/plugins/mcufinder/ => /home/adrian/.stmcufinder/plugins/mcufinder
2025-07-03 16:02:01,037 [WARN] DbFile:41 - Overriding database path with different value: /home/adrian/.stmcufinder/plugins/mcufinder/ => /home/adrian/.stmcufinder/plugins/mcufinder
2025-07-03 16:02:01,037 [INFO] CrossReferenceDbSqlite:203 - Set database path to: /home/adrian/.stmcufinder/plugins/mcufinder//mcu/cs/
2025-07-03 16:02:01,049 [INFO] ApplicationProperties:184 - Using Application install path: /home/adrian/st/stm32cubeide_1.18.1/plugins/com.st.stm32cube.common.mx_6.14.1.202504091515
2025-07-03 16:02:01,050 [INFO] PluginManage:196 - Search for loadable plugins [exclusion list=, ]
2025-07-03 16:02:01,051 [INFO] PluginManage:310 - Check plugin analytics
2025-07-03 16:02:01,153 [INFO] AnalyticsPlugin:253 - Accepted Software Licenses: 
2025-07-03 16:02:01,153 [INFO] AnalyticsPlugin:255 - Accepted CMSIS Pack Licenses: 
2025-07-03 16:02:01,153 [INFO] AnalyticsPlugin:257 - Accepted Firmware Licenses: 
2025-07-03 16:02:01,155 [INFO] PluginManage:359 - Loaded plugin analytics (category:tool,tabindex:-1)
2025-07-03 16:02:01,155 [INFO] PluginManage:310 - Check plugin cadmodel
2025-07-03 16:02:01,158 [INFO] CADModel:105 - Init CAD model plugin
2025-07-03 16:02:01,158 [INFO] PluginManage:359 - Loaded plugin cadmodel (category:power,tabindex:5)
2025-07-03 16:02:01,158 [INFO] PluginManage:310 - Check plugin clock
2025-07-03 16:02:01,165 [INFO] PluginManage:359 - Loaded plugin clock (category:base,tabindex:2)
2025-07-03 16:02:01,165 [INFO] PluginManage:310 - Check plugin ddr
2025-07-03 16:02:01,166 [INFO] PluginManage:359 - Loaded plugin ddr (category:tool,tabindex:6)
2025-07-03 16:02:01,167 [INFO] PluginManage:310 - Check plugin filemanager
2025-07-03 16:02:01,275 [INFO] PluginManage:359 - Loaded plugin filemanager (category:base,tabindex:10)
2025-07-03 16:02:01,275 [INFO] PluginManage:310 - Check plugin ipmanager
2025-07-03 16:02:01,279 [INFO] PluginManage:359 - Loaded plugin ipmanager (category:base,tabindex:5)
2025-07-03 16:02:01,279 [INFO] PluginManage:310 - Check plugin lpbam
2025-07-03 16:02:01,285 [INFO] PluginManage:359 - Loaded plugin lpbam (category:base,tabindex:0)
2025-07-03 16:02:01,285 [INFO] PluginManage:310 - Check plugin memorymap
2025-07-03 16:02:01,292 [INFO] PluginManage:359 - Loaded plugin memorymap (category:base,tabindex:4)
2025-07-03 16:02:01,292 [INFO] PluginManage:310 - Check plugin pinoutandconfiguration
2025-07-03 16:02:01,298 [INFO] PluginManage:359 - Loaded plugin pinoutandconfiguration (category:base,tabindex:1)
2025-07-03 16:02:01,298 [INFO] PluginManage:310 - Check plugin pinoutconfig
2025-07-03 16:02:01,359 [WARN] SupportedApi:132 - Cannot load RTOS API schema: s4s-elt-must-match.1: The content of 'definitions' must match (annotation?, (simpleType | complexType)?, (unique | key | keyref)*)). A problem was found starting at: attribute.
2025-07-03 16:02:01,455 [INFO] PluginManage:359 - Loaded plugin pinoutconfig (category:base,tabindex:0)
2025-07-03 16:02:01,456 [INFO] PluginManage:310 - Check plugin power
2025-07-03 16:02:01,462 [INFO] PluginManage:359 - Loaded plugin power (category:power,tabindex:4)
2025-07-03 16:02:01,462 [INFO] PluginManage:310 - Check plugin projectmanager
2025-07-03 16:02:01,473 [INFO] PluginManage:359 - Loaded plugin projectmanager (category:projectmanager,tabindex:4)
2025-07-03 16:02:01,474 [INFO] PluginManage:310 - Check plugin rif
2025-07-03 16:02:01,479 [INFO] PluginManage:359 - Loaded plugin rif (category:base,tabindex:3)
2025-07-03 16:02:01,479 [INFO] PluginManage:310 - Check plugin thirdparty
2025-07-03 16:02:01,553 [INFO] PluginManage:359 - Loaded plugin thirdparty (category:base,tabindex:-1)
2025-07-03 16:02:01,552 [WARN] IntegrityCheckThread:84 - waiting for thirdparty lock release [integrity check]
2025-07-03 16:02:01,553 [INFO] PluginManage:310 - Check plugin tools
2025-07-03 16:02:01,553 [INFO] IntegrityCheckThread:86 - entering critical section [integrity check]
2025-07-03 16:02:01,553 [INFO] ThirdPartyUpdaterWithRetryManager:70 - Updater plugin not ready yet. [1/15]
2025-07-03 16:02:01,555 [INFO] PluginManage:359 - Loaded plugin tools (category:base,tabindex:7)
2025-07-03 16:02:01,555 [INFO] PluginManage:310 - Check plugin tutovideos
2025-07-03 16:02:01,675 [INFO] PluginManage:359 - Loaded plugin tutovideos (category:base,tabindex:-1)
2025-07-03 16:02:01,675 [INFO] PluginManage:310 - Check plugin updater
2025-07-03 16:02:01,692 [INFO] PluginManage:359 - Loaded plugin updater (category:base,tabindex:12)
2025-07-03 16:02:01,692 [INFO] PluginManage:310 - Check plugin userauth
2025-07-03 16:02:01,696 [INFO] UserAuth:118 - Init User Auth plugin
2025-07-03 16:02:01,696 [INFO] PluginManage:359 - Loaded plugin userauth (category:base,tabindex:14)
2025-07-03 16:02:01,697 [INFO] PluginManage:283 - PluginManage : Loaded plugins [18]
2025-07-03 16:02:01,829 [INFO] PinOutPanel:1589 - setPackage(No Configuration,No Configuration)
2025-07-03 16:02:01,883 [INFO] CADModel:165 - CPN selected for project level
2025-07-03 16:02:01,883 [INFO] CADModel:114 - Register for checkConnection events
2025-07-03 16:02:01,893 [INFO] IPUIPlugin:80 - create IPUIPlugin
2025-07-03 16:02:01,893 [INFO] PluginManager:220 - loadIPPluginJar : add lorawan
2025-07-03 16:02:01,897 [INFO] IPUIPlugin:80 - create IPUIPlugin
2025-07-03 16:02:01,897 [INFO] PluginManager:220 - loadIPPluginJar : add freertos
2025-07-03 16:02:04,554 [INFO] ThirdPartyUpdaterWithRetryManager:70 - Updater plugin not ready yet. [2/15]
2025-07-03 16:02:06,126 [INFO] IPUIPlugin:80 - create IPUIPlugin
2025-07-03 16:02:10,453 [INFO] PluginManager:220 - loadIPPluginJar : add gtzc
2025-07-03 16:02:10,461 [INFO] IPUIPlugin:80 - create IPUIPlugin
2025-07-03 16:02:10,461 [INFO] PluginManager:220 - loadIPPluginJar : add dfsdm
2025-07-03 16:02:10,462 [INFO] IPUIPlugin:80 - create IPUIPlugin
2025-07-03 16:02:10,462 [INFO] PluginManager:220 - loadIPPluginJar : add tim
2025-07-03 16:02:10,465 [INFO] IPUIPlugin:80 - create IPUIPlugin
2025-07-03 16:02:10,465 [INFO] PluginManager:220 - loadIPPluginJar : add openamp
2025-07-03 16:02:10,466 [INFO] IPUIPlugin:80 - create IPUIPlugin
2025-07-03 16:02:10,466 [INFO] PluginManager:220 - loadIPPluginJar : add tsc
2025-07-03 16:02:10,469 [INFO] IPUIPlugin:80 - create IPUIPlugin
2025-07-03 16:02:10,469 [INFO] PluginManager:220 - loadIPPluginJar : add i2c
2025-07-03 16:02:10,470 [INFO] IPUIPlugin:80 - create IPUIPlugin
2025-07-03 16:02:10,471 [INFO] PluginManager:220 - loadIPPluginJar : add i2s
2025-07-03 16:02:10,472 [INFO] IPUIPlugin:80 - create IPUIPlugin
2025-07-03 16:02:10,472 [INFO] PluginManager:220 - loadIPPluginJar : add can
2025-07-03 16:02:10,478 [INFO] IPUIPlugin:80 - create IPUIPlugin
2025-07-03 16:02:10,478 [INFO] PluginManager:220 - loadIPPluginJar : add linkedlist
2025-07-03 16:02:10,480 [INFO] IPUIPlugin:80 - create IPUIPlugin
2025-07-03 16:02:10,480 [INFO] PluginManager:220 - loadIPPluginJar : add touchsensing
2025-07-03 16:02:10,482 [INFO] IPUIPlugin:80 - create IPUIPlugin
2025-07-03 16:02:10,483 [INFO] PluginManager:220 - loadIPPluginJar : add pdm2pcm
2025-07-03 16:02:10,485 [INFO] IPUIPlugin:80 - create IPUIPlugin
2025-07-03 16:02:10,486 [INFO] PluginManager:220 - loadIPPluginJar : add gpio
2025-07-03 16:02:10,490 [INFO] IPUIPlugin:80 - create IPUIPlugin
2025-07-03 16:02:10,491 [INFO] PluginManager:220 - loadIPPluginJar : add stm32_wpan
2025-07-03 16:02:10,491 [INFO] IPUIPlugin:80 - create IPUIPlugin
2025-07-03 16:02:10,492 [INFO] PluginManager:220 - loadIPPluginJar : add fatfs
2025-07-03 16:02:10,493 [INFO] IPUIPlugin:80 - create IPUIPlugin
2025-07-03 16:02:10,493 [INFO] PluginManager:220 - loadIPPluginJar : add aes
2025-07-03 16:02:10,495 [INFO] IPUIPlugin:80 - create IPUIPlugin
2025-07-03 16:02:10,495 [INFO] PluginManager:220 - loadIPPluginJar : add opamp
2025-07-03 16:02:10,495 [INFO] IPUIPlugin:80 - create IPUIPlugin
2025-07-03 16:02:10,495 [INFO] PluginManager:220 - loadIPPluginJar : add comp
2025-07-03 16:02:10,496 [INFO] IPUIPlugin:80 - create IPUIPlugin
2025-07-03 16:02:10,496 [INFO] PluginManager:220 - loadIPPluginJar : add genericplugin
2025-07-03 16:02:10,498 [INFO] IPUIPlugin:80 - create IPUIPlugin
2025-07-03 16:02:10,498 [INFO] PluginManager:220 - loadIPPluginJar : add ddr_ctrl_phy
2025-07-03 16:02:10,500 [INFO] IPUIPlugin:80 - create IPUIPlugin
2025-07-03 16:02:10,500 [INFO] PluginManager:220 - loadIPPluginJar : add usart
2025-07-03 16:02:10,505 [INFO] IPUIPlugin:80 - create IPUIPlugin
2025-07-03 16:02:10,506 [INFO] PluginManager:220 - loadIPPluginJar : add mdma
2025-07-03 16:02:10,507 [INFO] IPUIPlugin:80 - create IPUIPlugin
2025-07-03 16:02:10,507 [INFO] PluginManager:220 - loadIPPluginJar : add tracer_emb
2025-07-03 16:02:10,510 [INFO] IPUIPlugin:80 - create IPUIPlugin
2025-07-03 16:02:10,510 [INFO] PluginManager:220 - loadIPPluginJar : add usbx
2025-07-03 16:02:10,515 [INFO] IPUIPlugin:80 - create IPUIPlugin
2025-07-03 16:02:10,517 [INFO] PluginManager:220 - loadIPPluginJar : add plateformsettings
2025-07-03 16:02:10,519 [INFO] IPUIPlugin:80 - create IPUIPlugin
2025-07-03 16:02:10,519 [INFO] PluginManager:220 - loadIPPluginJar : add quadspi
2025-07-03 16:02:10,521 [INFO] IPUIPlugin:80 - create IPUIPlugin
2025-07-03 16:02:10,521 [INFO] PluginManager:220 - loadIPPluginJar : add resmgrutility
2025-07-03 16:02:10,525 [INFO] IPUIPlugin:80 - create IPUIPlugin
2025-07-03 16:02:10,525 [INFO] PluginManager:220 - loadIPPluginJar : add gic
2025-07-03 16:02:10,527 [INFO] IPUIPlugin:80 - create IPUIPlugin
2025-07-03 16:02:10,527 [INFO] PluginManager:220 - loadIPPluginJar : add radio
2025-07-03 16:02:10,530 [INFO] IPUIPlugin:80 - create IPUIPlugin
2025-07-03 16:02:10,530 [INFO] PluginManager:220 - loadIPPluginJar : add ipddr
2025-07-03 16:02:10,532 [INFO] IPUIPlugin:80 - create IPUIPlugin
2025-07-03 16:02:10,533 [INFO] PluginManager:220 - loadIPPluginJar : add hash
2025-07-03 16:02:10,534 [INFO] IPUIPlugin:80 - create IPUIPlugin
2025-07-03 16:02:10,535 [INFO] PluginManager:220 - loadIPPluginJar : add gfxmmu
2025-07-03 16:02:10,539 [INFO] IPUIPlugin:80 - create IPUIPlugin
2025-07-03 16:02:10,539 [INFO] PluginManager:220 - loadIPPluginJar : add fmc
2025-07-03 16:02:10,541 [INFO] IPUIPlugin:80 - create IPUIPlugin
2025-07-03 16:02:10,541 [INFO] PluginManager:220 - loadIPPluginJar : add spi
2025-07-03 16:02:10,543 [INFO] IPUIPlugin:80 - create IPUIPlugin
2025-07-03 16:02:10,543 [INFO] PluginManager:220 - loadIPPluginJar : add dma3
2025-07-03 16:02:10,544 [INFO] IPUIPlugin:80 - create IPUIPlugin
2025-07-03 16:02:10,544 [INFO] PluginManager:220 - loadIPPluginJar : add ltdc
2025-07-03 16:02:10,546 [INFO] IPUIPlugin:80 - create IPUIPlugin
2025-07-03 16:02:10,547 [INFO] PluginManager:220 - loadIPPluginJar : add extmemmanager
2025-07-03 16:02:10,548 [INFO] IPUIPlugin:80 - create IPUIPlugin
2025-07-03 16:02:10,548 [INFO] PluginManager:220 - loadIPPluginJar : add ucpd
2025-07-03 16:02:10,553 [INFO] IPUIPlugin:80 - create IPUIPlugin
2025-07-03 16:02:10,553 [INFO] PluginManager:220 - loadIPPluginJar : add dma
2025-07-03 16:02:10,555 [INFO] IPUIPlugin:80 - create IPUIPlugin
2025-07-03 16:02:10,555 [INFO] PluginManager:220 - loadIPPluginJar : add ts
2025-07-03 16:02:10,559 [INFO] IPUIPlugin:80 - create IPUIPlugin
2025-07-03 16:02:10,559 [INFO] PluginManager:220 - loadIPPluginJar : add adc
2025-07-03 16:02:10,561 [INFO] IPUIPlugin:80 - create IPUIPlugin
2025-07-03 16:02:10,561 [INFO] PluginManager:220 - loadIPPluginJar : add i3c
2025-07-03 16:02:10,563 [INFO] IPUIPlugin:80 - create IPUIPlugin
2025-07-03 16:02:10,563 [INFO] PluginManager:220 - loadIPPluginJar : add sai
2025-07-03 16:02:10,565 [INFO] IPUIPlugin:80 - create IPUIPlugin
2025-07-03 16:02:10,565 [INFO] PluginManager:220 - loadIPPluginJar : add cryp
2025-07-03 16:02:10,569 [INFO] IPUIPlugin:80 - create IPUIPlugin
2025-07-03 16:02:10,569 [INFO] PluginManager:220 - loadIPPluginJar : add nvic
2025-07-03 16:02:10,666 [FATAL] Updater:351 - Updater called before beeing initialized
2025-07-03 16:02:10,686 [INFO] RulesReader:64 - Compatibility file has been processed (302 Rules)
2025-07-03 16:02:10,705 [INFO] RulesReader:64 - Compatibility file has been processed (302 Rules)
2025-07-03 16:02:10,711 [INFO] CADModel:165 - CPN selected for project level
2025-07-03 16:02:10,711 [INFO] CADModel:114 - Register for checkConnection events
2025-07-03 16:02:10,711 [FATAL] Updater:351 - Updater called before beeing initialized
2025-07-03 16:02:10,711 [ERROR] CADModel:125 - Updater not yet initialized, retry later 
2025-07-03 16:02:10,820 [FATAL] Updater:351 - Updater called before beeing initialized
2025-07-03 16:02:10,822 [INFO] CADModel:165 - CPN selected for project level
2025-07-03 16:02:10,822 [INFO] CADModel:114 - Register for checkConnection events
2025-07-03 16:02:10,822 [FATAL] Updater:351 - Updater called before beeing initialized
2025-07-03 16:02:10,822 [ERROR] CADModel:125 - Updater not yet initialized, retry later 
2025-07-03 16:02:10,826 [FATAL] Updater:351 - Updater called before beeing initialized
2025-07-03 16:02:10,884 [FATAL] Updater:351 - Updater called before beeing initialized
2025-07-03 16:02:10,889 [INFO] DbMcusAds:53 - JSON generation date=Thu Sep 30 01:55:09 CDT 2021 (1632984909247)
2025-07-03 16:02:10,889 [FATAL] Updater:351 - Updater called before beeing initialized
2025-07-03 16:02:10,915 [WARN] DetailPanel:346 - Failed to get advertising image, set to default
2025-07-03 16:02:11,105 [FATAL] Updater:351 - Updater called before beeing initialized
2025-07-03 16:02:11,107 [FATAL] Updater:351 - Updater called before beeing initialized
2025-07-03 16:02:11,107 [FATAL] Updater:351 - Updater called before beeing initialized
2025-07-03 16:02:11,107 [WARN] DetailPanel:346 - Failed to get advertising image, set to default
2025-07-03 16:02:11,107 [FATAL] Updater:351 - Updater called before beeing initialized
2025-07-03 16:02:11,130 [ERROR] Updater:1198 - MainUpdater not yet initialized. External WinMGr cannot be set.
2025-07-03 16:02:11,131 [INFO] Updater:1134 - Updater Version found : 6.14.1
2025-07-03 16:02:11,145 [INFO] ApplicationProperties:184 - Using Application install path: /home/adrian/st/stm32cubeide_1.18.1/plugins/com.st.stm32cube.common.mx_6.14.1.202504091515
2025-07-03 16:02:11,480 [INFO] MainUpdater:2872 - connection check result : 10
2025-07-03 16:02:11,480 [INFO] MainUpdater:289 - Updater Check For Update Now.
2025-07-03 16:02:11,481 [INFO] MicroXplorer:498 - Change Database Version : DB.6.0.141
2025-07-03 16:02:11,490 [INFO] McuFinderGlobals:63 - Set McuFinder mode to 2 (CubeIDE integrated)
2025-07-03 16:02:11,490 [INFO] UserAuth:171 - activating auth plugin
2025-07-03 16:02:11,492 [INFO] UserAuth:484 - Internet connection configuration mode: 1
2025-07-03 16:02:11,505 [INFO] JxBrowserEngine:152 - Initiate JxBrowser Engine with user profile folder
2025-07-03 16:02:11,629 [INFO] CheckServerUpdateThread:120 - End of CheckServer Thread
2025-07-03 16:02:12,273 [INFO] WebApp:169 - Instantiating new browser for Auth
2025-07-03 16:02:12,864 [INFO] WebApp:463 - Apply proxy settings
2025-07-03 16:02:12,865 [INFO] WebApp:548 - Chromium requires no authentication
2025-07-03 16:02:12,871 [INFO] WebApp:491 - Direct internet connection detected
2025-07-03 16:02:12,882 [INFO] WebApp:894 - Register for checkConnection events
2025-07-03 16:02:12,882 [INFO] WebApp:463 - Apply proxy settings
2025-07-03 16:02:12,882 [INFO] WebApp:548 - Chromium requires no authentication
2025-07-03 16:02:12,883 [INFO] WebApp:491 - Direct internet connection detected
2025-07-03 16:02:12,966 [INFO] WebApp:225 - Starting web application
2025-07-03 16:02:12,966 [INFO] WebApp:593 - Web application path used /home/adrian/st/stm32cubeide_1.18.1/plugins/com.st.stm32cube.common.mx_6.14.1.202504091515/db/plugins/mcufinder/reactClient1/index.html
2025-07-03 16:02:13,132 [INFO] WebApp:191 - Connection restablished
2025-07-03 16:02:13,554 [WARN] PackLoader:240 - Cannot read IP mode file for STMicroelectronics.FP-SNS-MOTENVWB1.1.4.0
2025-07-03 16:02:13,559 [WARN] PackLoader:240 - Cannot read IP mode file for STMicroelectronics.FP-ATR-ASTRA1.2.0.2
2025-07-03 16:02:13,564 [WARN] PackLoader:240 - Cannot read IP mode file for STMicroelectronics.X-CUBE-SMBUS.2.1.0
2025-07-03 16:02:13,568 [WARN] PackLoader:240 - Cannot read IP mode file for STMicroelectronics.X-CUBE-ST60.1.0.0
2025-07-03 16:02:13,590 [WARN] PackLoader:240 - Cannot read IP mode file for STMicroelectronics.X-CUBE-AZRTOS-F7.1.1.0
2025-07-03 16:02:13,614 [WARN] PackLoader:240 - Cannot read IP mode file for Infineon.AIROC-Wi-Fi-Bluetooth-STM32.1.7.0
2025-07-03 16:02:13,625 [WARN] PackLoader:240 - Cannot read IP mode file for STMicroelectronics.X-CUBE-DISPLAY.3.0.0
2025-07-03 16:02:13,644 [WARN] PackLoader:240 - Cannot read IP mode file for STMicroelectronics.X-CUBE-NFC10.1.0.0
2025-07-03 16:02:13,661 [WARN] PackLoader:240 - Cannot read IP mode file for STMicroelectronics.X-CUBE-BLEMGR.4.0.0
2025-07-03 16:02:13,671 [WARN] PackLoader:240 - Cannot read IP mode file for emotas.I-CUBE-CANOPEN.1.3.0
2025-07-03 16:02:13,675 [WARN] ConditionMgr:438 - getConditionDescription Invalid condition id : Cortex-A Device cause : null
2025-07-03 16:02:13,691 [WARN] ConditionMgr:1044 - genDependencies : Invalid condition id : Cortex-A Device cause : null
2025-07-03 16:02:13,692 [WARN] ConditionMgr:1044 - genDependencies : Invalid condition id : Cortex-A Device cause : null
2025-07-03 16:02:13,692 [WARN] ConditionMgr:1044 - genDependencies : Invalid condition id : Cortex-A Device cause : null
2025-07-03 16:02:13,696 [WARN] PackLoader:240 - Cannot read IP mode file for STMicroelectronics.FP-SNS-SMARTAG2.1.2.0
2025-07-03 16:02:13,719 [WARN] PackLoader:240 - Cannot read IP mode file for STMicroelectronics.FP-SNS-FLIGHT1.5.1.0
2025-07-03 16:02:13,732 [INFO] LogOutputStream:77 - [STDOUT_REDIRECT] 1 : Invalid condition id : UX_CORESTACK_Condition cause : null
2025-07-03 16:02:13,733 [INFO] LogOutputStream:77 - [STDOUT_REDIRECT] 1 : Invalid condition id : UX_CORESTACK_Condition cause : null
2025-07-03 16:02:13,734 [INFO] LogOutputStream:77 - [STDOUT_REDIRECT] 1 : Invalid condition id : UX_CORESTACK_Condition cause : null
2025-07-03 16:02:13,734 [INFO] LogOutputStream:77 - [STDOUT_REDIRECT] 1 : Invalid condition id : UX_CORESTACK_Condition cause : null
2025-07-03 16:02:13,734 [INFO] LogOutputStream:77 - [STDOUT_REDIRECT] 1 : Invalid condition id : UX_CORESTACK_Condition cause : null
2025-07-03 16:02:13,740 [WARN] PackLoader:240 - Cannot read IP mode file for STMicroelectronics.X-CUBE-AZRTOS-WL.2.0.0
2025-07-03 16:02:13,747 [WARN] PackLoader:240 - Cannot read IP mode file for STMicroelectronics.FP-SNS-MOTENV1.5.0.0
2025-07-03 16:02:13,756 [WARN] PackLoader:240 - Cannot read IP mode file for WES.I-CUBE-Cesium.1.3.0
2025-07-03 16:02:13,761 [WARN] PackLoader:240 - Cannot read IP mode file for STMicroelectronics.X-CUBE-BLE2.3.3.0
2025-07-03 16:02:13,767 [WARN] PackLoader:240 - Cannot read IP mode file for STMicroelectronics.X-CUBE-NFC9.1.0.0
2025-07-03 16:02:13,773 [WARN] PackLoader:240 - Cannot read IP mode file for wolfSSL.I-CUBE-wolfSSL.5.8.0
2025-07-03 16:02:13,777 [WARN] PackLoader:240 - Cannot read IP mode file for STMicroelectronics.X-CUBE-BLE1.7.1.0
2025-07-03 16:02:13,780 [WARN] PackLoader:240 - Cannot read IP mode file for wolfSSL.I-CUBE-wolfMQTT.1.19.2
2025-07-03 16:02:13,783 [WARN] PackLoader:240 - Cannot read IP mode file for STMicroelectronics.X-CUBE-AI.10.1.0
2025-07-03 16:02:13,795 [WARN] PackLoader:240 - Cannot read IP mode file for STMicroelectronics.X-CUBE-AZRTOS-G0.1.1.0
2025-07-03 16:02:13,801 [WARN] PackLoader:240 - Cannot read IP mode file for STMicroelectronics.X-CUBE-SAFEA1.1.2.2
2025-07-03 16:02:13,806 [WARN] PackLoader:240 - Cannot read IP mode file for STMicroelectronics.X-CUBE-NFC4.3.0.0
2025-07-03 16:02:13,812 [WARN] PackLoader:240 - Cannot read IP mode file for EmbeddedOffice.I-CUBE-FS-RTOS.1.0.1
2025-07-03 16:02:13,816 [WARN] PackLoader:240 - Cannot read IP mode file for STMicroelectronics.X-CUBE-WB05N.2.0.0
2025-07-03 16:02:13,819 [WARN] PackLoader:240 - Cannot read IP mode file for wolfSSL.I-CUBE-wolfTPM.3.8.0
2025-07-03 16:02:13,822 [WARN] PackLoader:240 - Cannot read IP mode file for STMicroelectronics.X-CUBE-TCPP.4.2.0
2025-07-03 16:02:13,826 [WARN] PackLoader:240 - Cannot read IP mode file for RealThread.X-CUBE-RT-Thread_Nano.4.1.1
2025-07-03 16:02:13,828 [WARN] PackLoader:240 - Cannot read IP mode file for STMicroelectronics.FP-ATR-SIGFOX1.3.2.0
2025-07-03 16:02:13,832 [WARN] PackLoader:240 - Cannot read IP mode file for STMicroelectronics.X-CUBE-EEPRMA1.5.1.0
2025-07-03 16:02:13,838 [WARN] PackLoader:240 - Cannot read IP mode file for ITTIA_DB.I-CUBE-ITTIADB.8.9.0
2025-07-03 16:02:13,842 [WARN] PackLoader:240 - Cannot read IP mode file for STMicroelectronics.X-CUBE-ST67W61.1.0.0
2025-07-03 16:02:13,860 [WARN] PackLoader:240 - Cannot read IP mode file for SEGGER.I-CUBE-embOS.1.3.1
2025-07-03 16:02:13,896 [WARN] PackLoader:240 - Cannot read IP mode file for STMicroelectronics.X-CUBE-ALGOBUILD.1.4.0
2025-07-03 16:02:13,929 [WARN] PackLoader:240 - Cannot read IP mode file for STMicroelectronics.X-CUBE-MEMS1.11.3.0
2025-07-03 16:02:14,050 [WARN] PackLoader:240 - Cannot read IP mode file for STMicroelectronics.X-CUBE-PM33A1.1.0.0
2025-07-03 16:02:14,064 [WARN] PackLoader:240 - Cannot read IP mode file for STMicroelectronics.X-CUBE-AZRTOS-F4.1.1.0
2025-07-03 16:02:14,072 [WARN] PackLoader:240 - Cannot read IP mode file for Avnet-IotConnect.X-CUBE-IoTC-DA16k-PMOD.1.0.0
2025-07-03 16:02:14,076 [WARN] PackLoader:240 - Cannot read IP mode file for STMicroelectronics.X-CUBE-ISPU.2.1.0
2025-07-03 16:02:14,091 [WARN] PackLoader:240 - Cannot read IP mode file for STMicroelectronics.X-CUBE-AZRTOS-L5.2.0.0
2025-07-03 16:02:14,100 [WARN] PackLoader:240 - Cannot read IP mode file for STMicroelectronics.X-CUBE-NFC6.3.1.0
2025-07-03 16:02:14,107 [WARN] PackLoader:240 - Cannot read IP mode file for STMicroelectronics.X-CUBE-FREERTOS.1.3.1
2025-07-03 16:02:14,112 [WARN] PackLoader:240 - Cannot read IP mode file for STMicroelectronics.FP-SNS-STAIOTCFT.1.0.0
2025-07-03 16:02:14,116 [WARN] PackLoader:240 - Cannot read IP mode file for STMicroelectronics.X-CUBE-DPower.1.3.0
2025-07-03 16:02:14,132 [WARN] ConditionMgr:438 - getConditionDescription Invalid condition id : LAN8742 Phy interface Condition cause : null
2025-07-03 16:02:14,133 [WARN] PackLoader:240 - Cannot read IP mode file for STMicroelectronics.X-CUBE-AZRTOS-L4.2.0.0
2025-07-03 16:02:14,134 [WARN] ConditionMgr:1044 - genDependencies : Invalid condition id : LAN8742 Phy interface Condition cause : null
2025-07-03 16:02:14,135 [WARN] ConditionMgr:1044 - genDependencies : Invalid condition id : LAN8742 Phy interface Condition cause : null
2025-07-03 16:02:14,135 [WARN] ConditionMgr:1044 - genDependencies : Invalid condition id : LAN8742 Phy interface Condition cause : null
2025-07-03 16:02:14,143 [WARN] PackLoader:240 - Cannot read IP mode file for STMicroelectronics.X-CUBE-SFXS2LP1.4.0.0
2025-07-03 16:02:14,166 [WARN] PackLoader:240 - Cannot read IP mode file for STMicroelectronics.X-CUBE-AZRTOS-H7.3.3.0
2025-07-03 16:02:14,191 [WARN] ConditionMgr:438 - getConditionDescription Invalid condition id : UX DEVICE CLASS RTOS Condition cause : null
2025-07-03 16:02:14,192 [WARN] ConditionMgr:438 - getConditionDescription Invalid condition id : UX DEVICE CLASS RTOS Condition cause : null
2025-07-03 16:02:14,195 [WARN] PackLoader:240 - Cannot read IP mode file for STMicroelectronics.X-CUBE-AZRTOS-WB.2.0.0
2025-07-03 16:02:14,196 [WARN] ConditionMgr:1044 - genDependencies : Invalid condition id : UX DEVICE CLASS RTOS Condition cause : null
2025-07-03 16:02:14,196 [WARN] ConditionMgr:1044 - genDependencies : Invalid condition id : UX DEVICE CLASS RTOS Condition cause : null
2025-07-03 16:02:14,196 [WARN] ConditionMgr:1044 - genDependencies : Invalid condition id : UX DEVICE CLASS RTOS Condition cause : null
2025-07-03 16:02:14,197 [WARN] ConditionMgr:1044 - genDependencies : Invalid condition id : UX DEVICE CLASS RTOS Condition cause : null
2025-07-03 16:02:14,197 [WARN] ConditionMgr:1044 - genDependencies : Invalid condition id : UX DEVICE CLASS RTOS Condition cause : null
2025-07-03 16:02:14,203 [WARN] PackLoader:240 - Cannot read IP mode file for STMicroelectronics.X-CUBE-GNSS1.7.0.1
2025-07-03 16:02:14,208 [WARN] PackLoader:240 - Cannot read IP mode file for STMicroelectronics.X-CUBE-TOUCHGFX.4.25.0
2025-07-03 16:02:14,214 [WARN] PackLoader:240 - Cannot read IP mode file for STMicroelectronics.FP-SNS-STBOX1.2.0.0
2025-07-03 16:02:14,227 [WARN] PackLoader:240 - Cannot read IP mode file for STMicroelectronics.X-CUBE-SUBG2.5.0.0
2025-07-03 16:02:14,261 [WARN] PackLoader:240 - Cannot read IP mode file for STMicroelectronics.X-CUBE-AZRTOS-H7RS.1.1.0
2025-07-03 16:02:14,268 [WARN] PackLoader:240 - Cannot read IP mode file for Cesanta.I-CUBE-Mongoose.7.13.0
2025-07-03 16:02:14,282 [WARN] PackLoader:240 - Cannot read IP mode file for STMicroelectronics.X-CUBE-AZRTOS-G4.2.0.0
2025-07-03 16:02:14,288 [WARN] PackLoader:240 - Cannot read IP mode file for wolfSSL.I-CUBE-wolfSSH.1.4.20
2025-07-03 16:02:14,291 [WARN] PackLoader:240 - Cannot read IP mode file for STMicroelectronics.X-CUBE-NFC7.2.0.0
2025-07-03 16:02:14,301 [WARN] PackLoader:240 - Cannot read IP mode file for STMicroelectronics.X-CUBE-IPS.3.1.0
2025-07-03 16:02:14,308 [WARN] PackLoader:240 - Cannot read IP mode file for STMicroelectronics.X-CUBE-ALS.1.0.2
2025-07-03 16:02:14,312 [WARN] PackLoader:240 - Cannot read IP mode file for portGmbH.I-Cube-SoM-uGOAL.1.1.0
2025-07-03 16:02:14,319 [WARN] PackLoader:240 - Cannot read IP mode file for STMicroelectronics.X-CUBE-TOF1.3.4.3
2025-07-03 16:02:14,326 [INFO] ThirdParty:978 - Integrity check success = true
2025-07-03 16:02:14,326 [INFO] IntegrityCheckThread:100 - exiting critical section [integrity check]
2025-07-03 16:02:14,326 [INFO] IntegrityCheckThread:103 - End integrity checks thread
2025-07-03 16:49:23,529 [INFO] WebApp:194 - Connection lost
2025-07-03 16:49:43,678 [INFO] WebApp:191 - Connection restablished
2025-07-03 16:49:46,316 [INFO] WebApp:194 - Connection lost
2025-07-03 16:49:46,864 [INFO] WebApp:191 - Connection restablished
2025-07-03 16:49:53,228 [INFO] WebApp:194 - Connection lost
2025-07-03 16:49:53,363 [INFO] WebApp:191 - Connection restablished
2025-07-03 16:52:24,369 [INFO] WebApp:194 - Connection lost
2025-07-03 16:53:04,903 [INFO] WebApp:191 - Connection restablished
2025-07-03 16:58:28,223 [INFO] WebApp:194 - Connection lost
2025-07-03 16:58:31,563 [INFO] WebApp:191 - Connection restablished
2025-07-03 17:05:27,841 [INFO] WebApp:194 - Connection lost
2025-07-03 17:05:30,958 [INFO] WebApp:191 - Connection restablished
2025-07-03 17:06:20,277 [INFO] WebApp:194 - Connection lost
2025-07-03 17:06:24,578 [INFO] WebApp:191 - Connection restablished
2025-07-03 17:06:52,518 [INFO] WebApp:194 - Connection lost
2025-07-03 17:06:52,650 [INFO] WebApp:191 - Connection restablished
2025-07-03 17:06:57,802 [INFO] WebApp:194 - Connection lost
2025-07-03 17:06:58,194 [INFO] WebApp:191 - Connection restablished
2025-07-03 18:49:11,602 [INFO] McuFinderGlobals:63 - Set McuFinder mode to 2 (CubeIDE integrated)
2025-07-03 18:49:11,605 [INFO] MainUpdater:2872 - connection check result : 10
2025-07-03 18:49:11,606 [INFO] MainUpdater:2872 - connection check result : 10
2025-07-03 18:49:11,624 [INFO] MicroXplorer:468 - Change Database Path : 
2025-07-03 18:49:11,624 [INFO] MicroXplorer:498 - Change Database Version : DB.6.0.141
2025-07-03 18:49:11,628 [WARN] ThirdParty:871 - waiting for thirdparty lock release [close project]
2025-07-03 18:49:11,629 [INFO] ThirdParty:873 - entering critical section [close project]
2025-07-03 18:49:11,630 [INFO] ThirdParty:883 - exiting critical section [close project]
2025-07-03 18:49:11,631 [INFO] PinOutPanel:1589 - setPackage(No Configuration,No Configuration)
2025-07-03 18:49:11,636 [INFO] UtilMem:75 - Begin LoadConfig() Used Memory: 163682464 Bytes (517996544)
2025-07-03 18:49:24,314 [INFO] ServerAccessManage:473 - Download File stm32cube_db_v60140.zip
2025-07-03 18:49:34,795 [INFO] FileExtend:242 - Unzip File : stm32cube_db_v60140.zip
2025-07-03 18:49:34,795 [INFO] FileExtend:257 - Standard Zip Deflate
2025-07-03 18:49:36,915 [INFO] LoadServerPackagesThread:196 - End of LoadServerPackages Thread
2025-07-03 18:49:37,093 [INFO] CheckServerUpdateThread:120 - End of CheckServer Thread
2025-07-03 18:49:59,456 [INFO] MainUpdater:2872 - connection check result : 10
2025-07-03 18:49:59,456 [INFO] MainUpdater:2872 - connection check result : 10
2025-07-03 18:49:59,461 [INFO] MicroXplorer:468 - Change Database Path : 
2025-07-03 18:49:59,461 [INFO] MicroXplorer:498 - Change Database Version : DB.6.0.141
2025-07-03 18:49:59,461 [WARN] ThirdParty:871 - waiting for thirdparty lock release [close project]
2025-07-03 18:49:59,461 [INFO] ThirdParty:873 - entering critical section [close project]
2025-07-03 18:49:59,461 [INFO] ThirdParty:883 - exiting critical section [close project]
2025-07-03 18:49:59,462 [INFO] PinOutPanel:1589 - setPackage(No Configuration,No Configuration)
2025-07-03 18:49:59,463 [INFO] UtilMem:75 - Begin LoadConfig() Used Memory: 973370568 Bytes (1073741824)
2025-07-03 18:49:59,466 [INFO] MicroXplorer:468 - Change Database Path : /home/adrian/.stm32cubemx/databases/DB.6.0.140/db/
2025-07-03 18:49:59,466 [INFO] MicroXplorer:498 - Change Database Version : DB.6.0.140
2025-07-03 18:50:01,041 [INFO] OpenFileManager:354 - Change cursor
2025-07-03 18:50:01,064 [INFO] Mcu:2011 - Initializing MCU STM32F411C(C-E)Ux STM32F411CEUx STM32F411CEU6
2025-07-03 18:50:01,664 [INFO] Context:756 - Trying to add GPIOservice into a context  which must be forbidden
2025-07-03 18:50:01,917 [INFO] ImportTextPane:218 - (OptionalMessage_ERROR) Pin25 (VP_RIF_VS_RIF1) cannot be retrieved for this MCU
2025-07-03 18:50:01,980 [INFO] RtosManager:558 - Registered RTOS mode: class=CMSIS, group=RTOS, mode=CMSIS_V1, owner=FREERTOS
2025-07-03 18:50:01,980 [INFO] RtosManager:558 - Registered RTOS mode: class=CMSIS, group=RTOS2, mode=CMSIS_V2, owner=FREERTOS
2025-07-03 18:50:01,981 [INFO] RtosManager:558 - Registered RTOS mode: class=RTOS, group=Core, mode=CMSIS_V1, owner=FREERTOS
2025-07-03 18:50:01,981 [INFO] RtosManager:558 - Registered RTOS mode: class=RTOS, group=Core, mode=CMSIS_V2, owner=FREERTOS
2025-07-03 18:50:01,981 [WARN] ModelIntegratedComponent:184 - Missing modes for component STMicroelectronics:FreeRTOS:0.0.1:STMicroelectronics:RTOS:FreeRTOS:Core:::10.2.0:
2025-07-03 18:50:01,986 [WARN] ModelIntegratedComponent:182 - Modes not found for component STMicroelectronics:USB_HOST:1.0.0:STMicroelectronics:USB::USB Host:Audio HS::1.0:USB_HOST_1_0_RESTRICTED_HS
2025-07-03 18:50:01,986 [WARN] ModelIntegratedComponent:188 - Modes not found for component STMicroelectronics:USB_HOST:1.0.0:STMicroelectronics:USB::USB Host:Audio HS::1.0:USB_HOST_1_0_RESTRICTED_HS
2025-07-03 18:50:01,986 [WARN] ModelIntegratedComponent:182 - Modes not found for component STMicroelectronics:USB_HOST:1.0.0:STMicroelectronics:USB::USB Host:CDC HS::1.0:USB_HOST_1_0_RESTRICTED_HS
2025-07-03 18:50:01,986 [WARN] ModelIntegratedComponent:188 - Modes not found for component STMicroelectronics:USB_HOST:1.0.0:STMicroelectronics:USB::USB Host:CDC HS::1.0:USB_HOST_1_0_RESTRICTED_HS
2025-07-03 18:50:01,986 [WARN] ModelIntegratedComponent:182 - Modes not found for component STMicroelectronics:USB_HOST:1.0.0:STMicroelectronics:USB::USB Host:MSC HS::1.0:USB_HOST_1_0_RESTRICTED_HS
2025-07-03 18:50:01,986 [WARN] ModelIntegratedComponent:188 - Modes not found for component STMicroelectronics:USB_HOST:1.0.0:STMicroelectronics:USB::USB Host:MSC HS::1.0:USB_HOST_1_0_RESTRICTED_HS
2025-07-03 18:50:01,986 [WARN] ModelIntegratedComponent:182 - Modes not found for component STMicroelectronics:USB_HOST:1.0.0:STMicroelectronics:USB::USB Host:HID HS::1.0:USB_HOST_1_0_RESTRICTED_HS
2025-07-03 18:50:01,986 [WARN] ModelIntegratedComponent:188 - Modes not found for component STMicroelectronics:USB_HOST:1.0.0:STMicroelectronics:USB::USB Host:HID HS::1.0:USB_HOST_1_0_RESTRICTED_HS
2025-07-03 18:50:01,987 [WARN] ModelIntegratedComponent:182 - Modes not found for component STMicroelectronics:USB_HOST:1.0.0:STMicroelectronics:USB::USB Host:MTP HS::1.0:USB_HOST_1_0_RESTRICTED_HS
2025-07-03 18:50:01,987 [WARN] ModelIntegratedComponent:188 - Modes not found for component STMicroelectronics:USB_HOST:1.0.0:STMicroelectronics:USB::USB Host:MTP HS::1.0:USB_HOST_1_0_RESTRICTED_HS
2025-07-03 18:50:01,994 [WARN] ModelIntegratedComponent:63 - No mode defined for component null
2025-07-03 18:50:01,994 [WARN] ModelIntegratedComponent:63 - No mode defined for component null
2025-07-03 18:50:01,994 [WARN] ModelIntegratedComponent:63 - No mode defined for component null
2025-07-03 18:50:01,994 [WARN] ModelIntegratedComponent:63 - No mode defined for component null
2025-07-03 18:50:01,994 [WARN] ModelIntegratedComponent:63 - No mode defined for component null
2025-07-03 18:50:01,994 [WARN] ModelIntegratedComponent:63 - No mode defined for component null
2025-07-03 18:50:01,994 [WARN] ModelIntegratedComponent:63 - No mode defined for component null
2025-07-03 18:50:01,994 [WARN] ModelIntegratedComponent:63 - No mode defined for component null
2025-07-03 18:50:01,994 [WARN] ModelIntegratedComponent:63 - No mode defined for component null
2025-07-03 18:50:01,995 [WARN] ModelIntegratedComponent:63 - No mode defined for component null
2025-07-03 18:50:01,995 [WARN] ModelIntegratedComponent:63 - No mode defined for component null
2025-07-03 18:50:01,995 [WARN] ModelIntegratedComponent:63 - No mode defined for component null
2025-07-03 18:50:01,995 [WARN] ModelIntegratedComponent:63 - No mode defined for component null
2025-07-03 18:50:01,995 [WARN] ModelIntegratedComponent:63 - No mode defined for component null
2025-07-03 18:50:01,995 [WARN] ModelIntegratedComponent:63 - No mode defined for component null
2025-07-03 18:50:01,995 [WARN] ModelIntegratedComponent:63 - No mode defined for component null
2025-07-03 18:50:01,995 [WARN] ModelIntegratedComponent:63 - No mode defined for component null
2025-07-03 18:50:01,995 [WARN] ModelIntegratedComponent:63 - No mode defined for component null
2025-07-03 18:50:01,995 [WARN] ModelIntegratedComponent:63 - No mode defined for component null
2025-07-03 18:50:01,995 [WARN] ModelIntegratedComponent:63 - No mode defined for component null
2025-07-03 18:50:01,995 [WARN] ModelIntegratedComponent:63 - No mode defined for component null
2025-07-03 18:50:01,995 [WARN] ModelIntegratedComponent:63 - No mode defined for component null
2025-07-03 18:50:01,995 [WARN] ModelIntegratedComponent:63 - No mode defined for component null
2025-07-03 18:50:01,996 [WARN] ModelIntegratedComponent:63 - No mode defined for component null
2025-07-03 18:50:01,996 [WARN] ModelIntegratedComponent:63 - No mode defined for component null
2025-07-03 18:50:01,996 [WARN] ModelIntegratedComponent:63 - No mode defined for component null
2025-07-03 18:50:01,996 [WARN] ModelIntegratedComponent:63 - No mode defined for component null
2025-07-03 18:50:01,996 [WARN] ModelIntegratedComponent:63 - No mode defined for component null
2025-07-03 18:50:01,996 [WARN] ModelIntegratedComponent:63 - No mode defined for component null
2025-07-03 18:50:01,996 [WARN] ModelIntegratedComponent:63 - No mode defined for component null
2025-07-03 18:50:01,996 [WARN] ModelIntegratedComponent:63 - No mode defined for component null
2025-07-03 18:50:01,996 [WARN] ModelIntegratedComponent:63 - No mode defined for component null
2025-07-03 18:50:01,996 [WARN] ModelIntegratedComponent:63 - No mode defined for component null
2025-07-03 18:50:01,996 [WARN] ModelIntegratedComponent:63 - No mode defined for component null
2025-07-03 18:50:01,996 [WARN] ModelIntegratedComponent:63 - No mode defined for component null
2025-07-03 18:50:01,997 [WARN] ModelPack:524 - Component already loaded: STMicroelectronics:HAL Drivers:0.0.0:STMicroelectronics:Device:STMicro_Driver:XSPI:HAL::0.0.1:HAL_XSPI
2025-07-03 18:50:02,046 [WARN] ModelIntegratedComponent:182 - Modes not found for component STMicroelectronics:USB_DEVICE:1.0.0:STMicroelectronics:USB::USB Device:Audio HS::1.0:USB_DEVICE_1_0_RESTRICTED_HS
2025-07-03 18:50:02,047 [WARN] ModelIntegratedComponent:188 - Modes not found for component STMicroelectronics:USB_DEVICE:1.0.0:STMicroelectronics:USB::USB Device:Audio HS::1.0:USB_DEVICE_1_0_RESTRICTED_HS
2025-07-03 18:50:02,047 [WARN] ModelIntegratedComponent:182 - Modes not found for component STMicroelectronics:USB_DEVICE:1.0.0:STMicroelectronics:USB::USB Device:CDC HS::1.0:USB_DEVICE_1_0_RESTRICTED_HS
2025-07-03 18:50:02,047 [WARN] ModelIntegratedComponent:188 - Modes not found for component STMicroelectronics:USB_DEVICE:1.0.0:STMicroelectronics:USB::USB Device:CDC HS::1.0:USB_DEVICE_1_0_RESTRICTED_HS
2025-07-03 18:50:02,047 [WARN] ModelIntegratedComponent:182 - Modes not found for component STMicroelectronics:USB_DEVICE:1.0.0:STMicroelectronics:USB::USB Device:DFU HS::1.0:USB_DEVICE_1_0_RESTRICTED_HS
2025-07-03 18:50:02,047 [WARN] ModelIntegratedComponent:188 - Modes not found for component STMicroelectronics:USB_DEVICE:1.0.0:STMicroelectronics:USB::USB Device:DFU HS::1.0:USB_DEVICE_1_0_RESTRICTED_HS
2025-07-03 18:50:02,047 [WARN] ModelIntegratedComponent:182 - Modes not found for component STMicroelectronics:USB_DEVICE:1.0.0:STMicroelectronics:USB::USB Device:HID HS::1.0:USB_DEVICE_1_0_RESTRICTED_HS
2025-07-03 18:50:02,047 [WARN] ModelIntegratedComponent:188 - Modes not found for component STMicroelectronics:USB_DEVICE:1.0.0:STMicroelectronics:USB::USB Device:HID HS::1.0:USB_DEVICE_1_0_RESTRICTED_HS
2025-07-03 18:50:02,047 [WARN] ModelIntegratedComponent:182 - Modes not found for component STMicroelectronics:USB_DEVICE:1.0.0:STMicroelectronics:USB::USB Device:Custom HID HS::1.0:USB_DEVICE_1_0_RESTRICTED_HS
2025-07-03 18:50:02,047 [WARN] ModelIntegratedComponent:188 - Modes not found for component STMicroelectronics:USB_DEVICE:1.0.0:STMicroelectronics:USB::USB Device:Custom HID HS::1.0:USB_DEVICE_1_0_RESTRICTED_HS
2025-07-03 18:50:02,047 [WARN] ModelIntegratedComponent:182 - Modes not found for component STMicroelectronics:USB_DEVICE:1.0.0:STMicroelectronics:USB::USB Device:MSC HS::1.0:USB_DEVICE_1_0_RESTRICTED_HS
2025-07-03 18:50:02,047 [WARN] ModelIntegratedComponent:188 - Modes not found for component STMicroelectronics:USB_DEVICE:1.0.0:STMicroelectronics:USB::USB Device:MSC HS::1.0:USB_DEVICE_1_0_RESTRICTED_HS
2025-07-03 18:50:02,059 [INFO] ThirdPartyModel:298 - Start build external matchings
2025-07-03 18:50:02,320 [INFO] ThirdPartyModel:316 - End build external matchings
2025-07-03 18:50:02,336 [INFO] ImportTextPane:218 - (OptionalMessage_ERROR) IP (DMA) : Parameter (Instance) has Id (I2C1_TX) currently not set
2025-07-03 18:50:02,336 [INFO] ImportTextPane:218 - (OptionalMessage_ERROR) IP (DMA) : Parameter (Channel) has Id (I2C1_TX) currently not set
2025-07-03 18:50:02,336 [INFO] ImportTextPane:218 - (OptionalMessage_ERROR) IP (DMA) : Parameter (Direction) has Id (I2C1_TX) currently not set
2025-07-03 18:50:02,336 [INFO] ImportTextPane:218 - (OptionalMessage_ERROR) IP (DMA) : Parameter (PeriphInc) has Id (I2C1_TX) currently not set
2025-07-03 18:50:02,336 [INFO] ImportTextPane:218 - (OptionalMessage_ERROR) IP (DMA) : Parameter (MemInc) has Id (I2C1_TX) currently not set
2025-07-03 18:50:02,336 [INFO] ImportTextPane:218 - (OptionalMessage_ERROR) IP (DMA) : Parameter (PeriphDataAlignment) has Id (I2C1_TX) currently not set
2025-07-03 18:50:02,336 [INFO] ImportTextPane:218 - (OptionalMessage_ERROR) IP (DMA) : Parameter (MemDataAlignment) has Id (I2C1_TX) currently not set
2025-07-03 18:50:02,336 [INFO] ImportTextPane:218 - (OptionalMessage_ERROR) IP (DMA) : Parameter (Mode) has Id (I2C1_TX) currently not set
2025-07-03 18:50:02,337 [INFO] ImportTextPane:218 - (OptionalMessage_ERROR) IP (DMA) : Parameter (Priority) has Id (I2C1_TX) currently not set
2025-07-03 18:50:02,337 [INFO] ImportTextPane:218 - (OptionalMessage_ERROR) IP (DMA) : Parameter (FIFOMode) has Id (I2C1_TX) currently not set
2025-07-03 18:50:02,338 [WARN] IP:2250 - I2C_Coeff_DF not found: check if there is a RefParameter without a condition.
2025-07-03 18:50:02,338 [WARN] IP:2250 - Analog_Filter not found: check if there is a RefParameter without a condition.
2025-07-03 18:50:02,338 [INFO] ImportTextPane:218 - (OptionalMessage_ERROR) IP (RCC) : Parameter (48MHZClocksFreq_Value) has invalid value (50000000)
2025-07-03 18:50:02,339 [INFO] ImportTextPane:218 - (OptionalMessage_ERROR) IP (RCC) : Parameter (RTCHSEDivFreq_Value) has invalid value (12500000)
2025-07-03 18:50:02,487 [INFO] ApiDb:581 - Connected to CubeFinder SQLite database (/home/adrian/.stmcufinder/plugins/mcufinder/mcu/cube-finder-db.db)
2025-07-03 18:50:02,537 [INFO] ApiDb:668 - CubeFinder database Data Model version=2.1
2025-07-03 18:50:02,537 [INFO] ApiDb:669 - CubeFinder database Configuration version=3.0.39
2025-07-03 18:50:02,537 [INFO] ApiDb:670 - CubeFinder database generation date=2025-03-24 (1742811287)
2025-07-03 18:50:02,538 [INFO] ApiDb:671 - CubeFinder database FW Pack versions=[FP-ATR-ASTRA1_V2.0.0, FP-SNS-FLIGHT1_V5.0.2, FP-SNS-MOTENV1_V5.0.0, FP-SNS-MOTENVWB1_V1.4.0, FP-SNS-SMARTAG2_V1.2.0, FP-SNS-STBOX1_V2.0.0, STM32Cube_FW_C0_V1.4.0, STM32Cube_FW_F4_V1.28.1, STM32Cube_FW_F7_V1.17.2, STM32Cube_FW_G0_V1.6.2, STM32Cube_FW_G4_V1.6.1, STM32Cube_FW_H5_V1.5.0, STM32Cube_FW_H7RS_V1.2.0, STM32Cube_FW_H7_V1.12.1, STM32Cube_FW_L0_V1.12.2, STM32Cube_FW_L4_V1.18.1, STM32Cube_FW_L5_V1.5.1, STM32Cube_FW_N6_V1.1.0, STM32Cube_FW_U0_V1.2.0, STM32Cube_FW_U3_V1.1.0, STM32Cube_FW_U5_V1.7.0, STM32Cube_FW_WB0_V1.2.0, STM32Cube_FW_WBA_V1.6.0, STM32Cube_FW_WB_V1.22.0, STM32Cube_FW_WL3_V1.1.0, STM32Cube_FW_WL_V1.3.1, X-CUBE-ALGOBUILD_V1.4.0, X-CUBE-ALS_V1.0.2, X-CUBE-AZRTOS-F4_V1.1.0, X-CUBE-AZRTOS-F7_V1.1.0, X-CUBE-AZRTOS-G0_V1.1.0, X-CUBE-AZRTOS-G4_V2.0.0, X-CUBE-AZRTOS-H7RS_V1.0.0, X-CUBE-AZRTOS-H7_V3.3.0, X-CUBE-AZRTOS-L4_V2.0.0, X-CUBE-AZRTOS-L5_V2.0.0, X-CUBE-AZRTOS-WB_V2.0.0, X-CUBE-AZRTOS-WL_V2.0.0, X-CUBE-BLE1_V7.1.0, X-CUBE-BLE2_V3.3.0, X-CUBE-BLEMGR_V4.0.0, X-CUBE-EEPRMA1_V5.1.0, X-CUBE-FREERTOS_V1.3.0, X-CUBE-GNSS1_V6.0.0, X-CUBE-MEMS1_V11.1.0, X-CUBE-NFC4_V3.0.0, X-CUBE-NFC7_V1.0.1, X-CUBE-SFXS2LP1_V4.0.0, X-CUBE-SUBG2_V5.0.0, X-CUBE-TOF1_V3.4.2]
2025-07-03 18:50:02,618 [INFO] DbBoardsSqlite:226 - include board P-NUCLEO-WB55-NUCLEO as a kit item of type 'Nucleo-64'
2025-07-03 18:50:02,618 [INFO] DbBoardsSqlite:226 - include board P-NUCLEO-WB55-USBDONGLE as a kit item of type 'Nucleo USB Dongle'
2025-07-03 18:50:02,619 [INFO] DbBoardsSqlite:226 - include board STEVAL-IDP005V1 as a kit item of type 'Evaluation Board'
2025-07-03 18:50:02,619 [INFO] DbBoardsSqlite:226 - include board STEVAL-IDP005V2 as a kit item of type 'Evaluation Board'
2025-07-03 18:50:02,743 [INFO] ApiDb:240 - Found 895 in-development CPN: [B-G473E-ZEST1S, B-WB1M-WPAN1, B-WBA5M-WPAN, B-WL5M-SUBG1, NUCLEO-C031C6, NUCLEO-C051C8, NUCLEO-C071RB, NUCLEO-C092RC, NUCLEO-H503RB, NUCLEO-H533RE, NUCLEO-H563ZI, NUCLEO-H7S3L8, NUCLEO-N657X0-Q, NUCLEO-U031R8, NUCLEO-U083RC, NUCLEO-U385RG-Q, NUCLEO-U545RE-Q, NUCLEO-U5A5ZJ-Q, NUCLEO-WB05KZ, NUCLEO-WB07CC, NUCLEO-WB09KE, NUCLEO-WBA52CG, NUCLEO-WBA55CG, NUCLEO-WBA65RI, NUCLEO-WL33CC1, NUCLEO-WL33CC2, STEVAL-PROTEUS1, STEVAL-SMARTAG2, STEVAL-STWINBX1, STM320518-EVAL, STM32C0116-DK, STM32C011D6Y3TR, STM32C011D6Y6TR, STM32C011F4P3, STM32C011F4P6, STM32C011F4U3, STM32C011F4U6TR, STM32C011F6P3, STM32C011F6P6, STM32C011F6U3, STM32C011F6U6TR, STM32C011J4M3, STM32C011J4M6, STM32C011J6M3, STM32C011J6M6, STM32C0316-DK, STM32C031C4T3, STM32C031C4T6, STM32C031C4U3, STM32C031C4U6, STM32C031C6T3, STM32C031C6T6, STM32C031C6U3, STM32C031C6U6, STM32C031F4P3, STM32C031F4P6, STM32C031F6P3, STM32C031F6P6, STM32C031G4U3, STM32C031G4U6, STM32C031G6U3, STM32C031G6U6, STM32C031K4T3, STM32C031K4T6, STM32C031K4U3, STM32C031K4U6, STM32C031K6T3, STM32C031K6T6, STM32C031K6U3, STM32C031K6U6, STM32C051C6T6, STM32C051C6U6, STM32C051C8T6, STM32C051C8U6, STM32C051D8Y6TR, STM32C051F6P6, STM32C051F8P6, STM32C051G6U6, STM32C051G8U6, STM32C051K6T6, STM32C051K6U6, STM32C051K8T6, STM32C071C8T6, STM32C071C8T6N, STM32C071C8U6, STM32C071C8U6N, STM32C071CBT6, STM32C071CBT6N, STM32C071CBU6, STM32C071CBU6N, STM32C071F8P6, STM32C071F8P6N, STM32C071FBP6, STM32C071FBP6N, STM32C071FBY6TR, STM32C071G8U6, STM32C071G8U6N, STM32C071GBU6, STM32C071GBU6N, STM32C071K8T6, STM32C071K8T6N, STM32C071K8U6, STM32C071K8U6N, STM32C071KBT6, STM32C071KBT6N, STM32C071KBU6, STM32C071KBU6N, STM32C071R8T6, STM32C071R8T6N, STM32C071RBI6N, STM32C071RBT6, STM32C071RBT6N, STM32C091CBT6, STM32C091CBU6, STM32C091CCT6, STM32C091CCU6, STM32C091ECY6TR, STM32C091FBP6, STM32C091FCP6, STM32C091GBU6, STM32C091GCU6, STM32C091KBT6, STM32C091KBU6, STM32C091KCT6, STM32C091KCU6, STM32C091RBT6, STM32C091RCI6, STM32C091RCT6, STM32C092CBT6, STM32C092CBU6, STM32C092CCT6, STM32C092CCU6, STM32C092ECY6TR, STM32C092FBP6, STM32C092FCP6, STM32C092GBU6, STM32C092GCU6, STM32C092KBT6, STM32C092KBU6, STM32C092KCT6, STM32C092KCU6, STM32C092RBT6, STM32C092RCI6, STM32C092RCT6, STM32G071K8TXN, STM32G071K8UXN, STM32G081GBU6N, STM32G081KBT6N, STM32G081KBUXN, STM32G0B1CCT6N, STM32G0B1KCT6, STM32G0B1NEY6TR, STM32G0B1RCT6N, STM32G0C1CCT6, STM32G0C1CCT6N, STM32G0C1CCU6N, STM32G0C1CET6N, STM32G0C1CEU6N, STM32G0C1KCT6, STM32G0C1NEY6TR, STM32G0C1RCI6N, STM32G0C1RCT6N, STM32G0C1REI6N, STM32G0C1RET6N, STM32G0C1VCI6, STM32G0C1VEI6, STM32G411C6T3, STM32G411C6T6, STM32G411C6U3, STM32G411C6U6, STM32G411C8T3, STM32G411C8T6, STM32G411C8U3, STM32G411C8U6, STM32G411CBT3, STM32G411CBT6, STM32G411CBU3, STM32G411CBU6, STM32G411CCT3, STM32G411CCT6, STM32G411CCU3, STM32G411CCU6, STM32G411K6T3, STM32G411K6T6, STM32G411K6U3, STM32G411K6U6, STM32G411K8T3, STM32G411K8T6, STM32G411K8U3, STM32G411K8U6, STM32G411KBT3, STM32G411KBT6, STM32G411KBU3, STM32G411KBU6, STM32G411M6T3, STM32G411M6T6, STM32G411M8T3, STM32G411M8T6, STM32G411MBT3, STM32G411MBT6, STM32G411MCT3, STM32G411MCT6, STM32G411R6T3, STM32G411R6T6, STM32G411R8T3, STM32G411R8T6, STM32G411RBT3, STM32G411RBT6, STM32G411RCT3, STM32G411RCT6, STM32G414CBT3, STM32G414CBT6, STM32G414CBU3, STM32G414CBU6, STM32G414CCT3, STM32G414CCT6, STM32G414CCU3, STM32G414CCU6, STM32G414MBT3, STM32G414MBT6, STM32G414MCT3, STM32G414MCT6, STM32G414RBT3, STM32G414RBT6, STM32G414RCT3, STM32G414RCT6, STM32G414VBT3, STM32G414VBT6, STM32G414VCT3, STM32G414VCT6, STM32G431CBT3Z, STM32G431RBT3Z, STM32G471CCT6, STM32G471CCU6, STM32G471CET3, STM32G471CET6, STM32G471CEU3, STM32G471CEU6, STM32G471MCT6, STM32G471MET3, STM32G471MET6, STM32G471MEY6TR, STM32G471QCT6, STM32G471QET3, STM32G471RCT6, STM32G471RET3, STM32G471RET6, STM32G471VCH6, STM32G471VCI6, STM32G471VCT6, STM32G471VEH3, STM32G471VEH6, STM32G471VEI3, STM32G471VEI6, STM32G471VET3, STM32G471VET6, STM32G473QET3Z, STM32G473RET3Z, STM32G474CCT6, STM32G491RET3Z, STM32H503CBT6, STM32H503CBU6, STM32H503EBY6TR, STM32H503KBU6, STM32H503RBT6, STM32H523CCT6, STM32H523CCU6, STM32H523CET6, STM32H523CEU6, STM32H523HEY6TR, STM32H523RCT6, STM32H523RET6, STM32H523VCI6, STM32H523VCT6, STM32H523VEI6, STM32H523VET6, STM32H523ZCJ6, STM32H523ZCT6, STM32H523ZEJ6, STM32H523ZET6, STM32H533CET6, STM32H533CEU6, STM32H533HEY6TR, STM32H533RET6, STM32H533VEI6, STM32H533VET6, STM32H533ZEJ6, STM32H533ZET6, STM32H562AGI6, STM32H562AII6, STM32H562IGK6, STM32H562IGT6, STM32H562IIK6, STM32H562IIT6, STM32H562RGT6, STM32H562RGV6, STM32H562RIT6, STM32H562RIV6, STM32H562VGT6, STM32H562VIT6, STM32H562ZGT6, STM32H562ZIT6, STM32H563AGI6, STM32H563AII3Q, STM32H563AII6, STM32H563IGK6, STM32H563IGT6, STM32H563IIK3Q, STM32H563IIK6, STM32H563IIT3Q, STM32H563IIT6, STM32H563MIY3QTR, STM32H563RGT6, STM32H563RGV6, STM32H563RIT6, STM32H563RIV6, STM32H563VGT6, STM32H563VIT3Q, STM32H563VIT6, STM32H563ZGT6, STM32H563ZIT3Q, STM32H563ZIT6, STM32H573AII3Q, STM32H573AII6, STM32H573I-DK, STM32H573IIK3Q, STM32H573IIK6, STM32H573IIT3Q, STM32H573IIT6, STM32H573MIY3QTR, STM32H573RIT6, STM32H573RIV6, STM32H573VIT3Q, STM32H573VIT6, STM32H573ZIT3Q, STM32H573ZIT6, STM32H7R3A8I6, STM32H7R3I8K6, STM32H7R3I8T6, STM32H7R3L8H6, STM32H7R3L8H6H, STM32H7R3R8V6, STM32H7R3V8H6, STM32H7R3V8T6, STM32H7R3V8Y6TR, STM32H7R3Z8J6, STM32H7R3Z8T6, STM32H7R7A8I6, STM32H7R7I8K6, STM32H7R7I8T6, STM32H7R7L8H6, STM32H7R7L8H6H, STM32H7R7Z8J6, STM32H7S3A8I6, STM32H7S3I8K6, STM32H7S3I8T6, STM32H7S3L8H6, STM32H7S3L8H6H, STM32H7S3R8V6, STM32H7S3V8H6, STM32H7S3V8T6, STM32H7S3V8Y6TR, STM32H7S3Z8J6, STM32H7S3Z8T6, STM32H7S78-DK, STM32H7S7A8I6, STM32H7S7I8K6, STM32H7S7I8T6, STM32H7S7L8H6, STM32H7S7L8H6H, STM32H7S7Z8J6, STM32L4R5QGI6STR, STM32MP131AAE3, STM32MP131AAF3, STM32MP131AAG3, STM32MP131CAE3, STM32MP131CAF3, STM32MP131CAG3, STM32MP131DAE7, STM32MP131DAF7, STM32MP131DAG7, STM32MP131FAE7, STM32MP131FAF7, STM32MP131FAG7, STM32MP133AAE3, STM32MP133AAF3, STM32MP133AAG3, STM32MP133CAE3, STM32MP133CAF3, STM32MP133CAG3, STM32MP133DAE7, STM32MP133DAF7, STM32MP133DAG7, STM32MP133FAE7, STM32MP133FAF7, STM32MP133FAG7, STM32MP135AAE3, STM32MP135AAF3, STM32MP135AAG3, STM32MP135CAE3, STM32MP135CAF3, STM32MP135CAG3, STM32MP135DAE7, STM32MP135DAF7, STM32MP135DAG7, STM32MP135F-DK, STM32MP135FAE7, STM32MP135FAF7, STM32MP135FAF7T, STM32MP135FAF7U, STM32MP135FAG7, STM32MP231AAJ3, STM32MP231AAK3, STM32MP231AAL3, STM32MP231CAJ3, STM32MP231CAK3, STM32MP231CAL3, STM32MP231DAJ3, STM32MP231DAK3, STM32MP231DAL3, STM32MP231FAJ3, STM32MP231FAK3, STM32MP231FAL3, STM32MP233AAJ3, STM32MP233AAK3, STM32MP233AAL3, STM32MP233CAJ3, STM32MP233CAK3, STM32MP233CAL3, STM32MP233DAJ3, STM32MP233DAK3, STM32MP233DAL3, STM32MP233FAJ3, STM32MP233FAK3, STM32MP233FAL3, STM32MP235AAJ3, STM32MP235AAK3, STM32MP235AAL3, STM32MP235CAJ3, STM32MP235CAK3, STM32MP235CAL3, STM32MP235DAJ3, STM32MP235DAK3, STM32MP235DAL3, STM32MP235FAJ3, STM32MP235FAK3, STM32MP235FAL3, STM32MP251AAI3, STM32MP251AAJ3, STM32MP251AAK3, STM32MP251AAL3, STM32MP251CAI3, STM32MP251CAJ3, STM32MP251CAK3, STM32MP251CAL3, STM32MP251DAI3, STM32MP251DAJ3, STM32MP251DAK3, STM32MP251DAL3, STM32MP251FAI3, STM32MP251FAJ3, STM32MP251FAK3, STM32MP251FAL3, STM32MP253AAI3, STM32MP253AAJ3, STM32MP253AAK3, STM32MP253AAL3, STM32MP253CAI3, STM32MP253CAJ3, STM32MP253CAK3, STM32MP253CAL3, STM32MP253DAI3, STM32MP253DAJ3, STM32MP253DAK3, STM32MP253DAL3, STM32MP253FAI3, STM32MP253FAJ3, STM32MP253FAK3, STM32MP253FAL3, STM32MP255AAI3, STM32MP255AAJ3, STM32MP255AAK3, STM32MP255AAL3, STM32MP255CAI3, STM32MP255CAJ3, STM32MP255CAK3, STM32MP255CAL3, STM32MP255DAI3, STM32MP255DAJ3, STM32MP255DAK3, STM32MP255DAL3, STM32MP255FAI3, STM32MP255FAJ3, STM32MP255FAK3, STM32MP255FAL3, STM32MP257AAI3, STM32MP257AAJ3, STM32MP257AAK3, STM32MP257AAL3, STM32MP257CAI3, STM32MP257CAJ3, STM32MP257CAK3, STM32MP257CAL3, STM32MP257DAI3, STM32MP257DAJ3, STM32MP257DAK3, STM32MP257DAL3, STM32MP257F-DK, STM32MP257F-EV1, STM32MP257FAI3, STM32MP257FAJ3, STM32MP257FAK3, STM32MP257FAL3, STM32N645A0H3Q, STM32N645B0H3Q, STM32N645I0H3Q, STM32N645L0H3Q, STM32N645X0H3Q, STM32N645Z0H3Q, STM32N647A0H3Q, STM32N647B0H3Q, STM32N647I0H3Q, STM32N647L0H3Q, STM32N647X0H3Q, STM32N647Z0H3Q, STM32N655A0H3Q, STM32N655B0H3Q, STM32N655I0H3Q, STM32N655L0H3Q, STM32N655X0H3Q, STM32N655Z0H3Q, STM32N6570-DK, STM32N657A0H3Q, STM32N657B0H3Q, STM32N657I0H3Q, STM32N657L0H3Q, STM32N657X0H3Q, STM32N657Z0H3Q, STM32U031C6T6, STM32U031C6U6, STM32U031C8T6, STM32U031C8U6, STM32U031F4P6, STM32U031F6P6, STM32U031F8P6, STM32U031G6Y6TR, STM32U031G8Y6TR, STM32U031K4U6, STM32U031K6U6, STM32U031K8U6, STM32U031R6I6, STM32U031R6T6, STM32U031R8I6, STM32U031R8T6, STM32U073C8T6, STM32U073C8U6, STM32U073CBT6, STM32U073CBU6, STM32U073CCT6, STM32U073CCU6, STM32U073H8Y6TR, STM32U073HBY6TR, STM32U073HCY6TR, STM32U073K8U6, STM32U073KBU6, STM32U073KCU6, STM32U073M8I6, STM32U073M8T6, STM32U073MBI6, STM32U073MBT6, STM32U073MCI6, STM32U073MCT6, STM32U073R8I6, STM32U073R8T6, STM32U073RBI6, STM32U073RBT6, STM32U073RCI6, STM32U073RCT6, STM32U083C-DK, STM32U083CCT6, STM32U083CCU6, STM32U083HCY6TR, STM32U083KCU6, STM32U083MCI6, STM32U083MCT6, STM32U083RCI6, STM32U083RCT6, STM32U375CET6, STM32U375CET6Q, STM32U375CEU6, STM32U375CEU6Q, STM32U375CEY6QTR, STM32U375CGT6, STM32U375CGT6Q, STM32U375CGU6, STM32U375CGU6Q, STM32U375CGY6QTR, STM32U375KEU6, STM32U375KGU6, STM32U375REI6, STM32U375REI6Q, STM32U375RET6, STM32U375RET6Q, STM32U375REY6GTR, STM32U375REY6QTR, STM32U375RGI6, STM32U375RGI6Q, STM32U375RGT6, STM32U375RGT6Q, STM32U375RGY6GTR, STM32U375RGY6QTR, STM32U375VEI6, STM32U375VEI6Q, STM32U375VET6, STM32U375VET6Q, STM32U375VGI6, STM32U375VGI6Q, STM32U375VGT6, STM32U375VGT6Q, STM32U385CGT6, STM32U385CGT6Q, STM32U385CGU6, STM32U385CGU6Q, STM32U385CGY6QTR, STM32U385KGU6, STM32U385RGI6, STM32U385RGI6Q, STM32U385RGT6, STM32U385RGT6Q, STM32U385RGY6GTR, STM32U385RGY6QTR, STM32U385VGI6, STM32U385VGI6Q, STM32U385VGT6, STM32U385VGT6Q, STM32U535CBT6, STM32U535CBT6Q, STM32U535CBU6, STM32U535CBU6Q, STM32U535CCT6, STM32U535CCT6Q, STM32U535CCU6, STM32U535CCU6Q, STM32U535CET6, STM32U535CET6Q, STM32U535CEU6, STM32U535CEU6Q, STM32U535JEY6QTR, STM32U535NCY6QTR, STM32U535NEY6QTR, STM32U535RBI6, STM32U535RBI6Q, STM32U535RBT6, STM32U535RBT6Q, STM32U535RCI6, STM32U535RCI6Q, STM32U535RCT6, STM32U535RCT6Q, STM32U535REI6, STM32U535REI6Q, STM32U535RET6, STM32U535RET6Q, STM32U535VCI6, STM32U535VCI6Q, STM32U535VCT6, STM32U535VCT6Q, STM32U535VEI6, STM32U535VEI6Q, STM32U535VET6, STM32U535VET6Q, STM32U545CET6, STM32U545CET6Q, STM32U545CEU6, STM32U545CEU6Q, STM32U545JEY6QTR, STM32U545NEY6QTR, STM32U545REI6, STM32U545REI6Q, STM32U545RET6, STM32U545RET6Q, STM32U545VEI6, STM32U545VEI6Q, STM32U545VET6, STM32U545VET6Q, STM32U595AIH6, STM32U595AIH6Q, STM32U595AJH6, STM32U595AJH6Q, STM32U595QII6, STM32U595QII6Q, STM32U595QJI6, STM32U595QJI6Q, STM32U595RIT6, STM32U595RIT6Q, STM32U595RJT6, STM32U595RJT6Q, STM32U595VIT6, STM32U595VIT6Q, STM32U595VJT6, STM32U595VJT6Q, STM32U595ZIT6, STM32U595ZIT6Q, STM32U595ZIY6QTR, STM32U595ZJT6, STM32U595ZJT6Q, STM32U595ZJY6QTR, STM32U599BJY6QTR, STM32U599NIH6Q, STM32U599NJH6Q, STM32U599VIT6Q, STM32U599VJT6, STM32U599VJT6Q, STM32U599ZIT6Q, STM32U599ZIY6QTR, STM32U599ZJT6Q, STM32U599ZJY6QTR, STM32U5A5AJH6, STM32U5A5AJH6Q, STM32U5A5QII3Q , STM32U5A5QJI6, STM32U5A5QJI6Q, STM32U5A5RJT6, STM32U5A5RJT6Q, STM32U5A5VJT6, STM32U5A5VJT6Q, STM32U5A5ZJT6, STM32U5A5ZJT6Q, STM32U5A5ZJY6QTR, STM32U5A9BJY6QTR, STM32U5A9J-DK, STM32U5A9NJH6Q, STM32U5A9VJT6Q, STM32U5A9ZJT6Q, STM32U5A9ZJY6QTR, STM32U5F7VIT6, STM32U5F7VIT6Q, STM32U5F7VJT6, STM32U5F7VJT6Q, STM32U5F9BJY6QTR, STM32U5F9NJH6Q, STM32U5F9VIT6Q, STM32U5F9VJT6Q, STM32U5F9ZIJ6QTR, STM32U5F9ZIT6Q, STM32U5F9ZJJ6QTR, STM32U5F9ZJT6Q, STM32U5G7VJT6, STM32U5G7VJT6Q, STM32U5G9BJY6QTR, STM32U5G9J-DK1, STM32U5G9J-DK2, STM32U5G9NJH6Q, STM32U5G9VJT6Q, STM32U5G9ZJJ6QTR, STM32U5G9ZJT6Q, STM32WB05KZV6TR, STM32WB05KZV7TR, STM32WB05TZF6TR, STM32WB05TZF7TR, STM32WB06CCF6TR, STM32WB06CCF7TR, STM32WB06CCV6TR, STM32WB06CCV7TR, STM32WB06KCV6TR, STM32WB06KCV7TR, STM32WB07CCF6TR, STM32WB07CCF7TR, STM32WB07CCV6TR, STM32WB07CCV7TR, STM32WB07KCV6TR, STM32WB07KCV7TR, STM32WB09KEV6TR, STM32WB09KEV7TR, STM32WB09TEF6TR, STM32WB09TEF7TR, STM32WB1MMCH6, STM32WBA50KGU6, STM32WBA50KGU6TR, STM32WBA52CEU6, STM32WBA52CEU6TR, STM32WBA52CEU7, STM32WBA52CEU7TR, STM32WBA52CGU6, STM32WBA52CGU6TR, STM32WBA52CGU6U, STM32WBA52CGU7, STM32WBA52CGU7TR, STM32WBA52KEU6, STM32WBA52KEU6TR, STM32WBA52KGU6, STM32WBA52KGU6TR, STM32WBA54CEU6, STM32WBA54CEU6TR, STM32WBA54CEU7, STM32WBA54CEU7TR, STM32WBA54CGU6, STM32WBA54CGU6TR, STM32WBA54CGU7, STM32WBA54CGU7TR, STM32WBA54KEU6, STM32WBA54KEU6TR, STM32WBA54KEU7, STM32WBA54KEU7TR, STM32WBA54KGU6, STM32WBA54KGU6TR, STM32WBA54KGU7, STM32WBA54KGU7TR, STM32WBA55CEU6, STM32WBA55CEU6TR, STM32WBA55CEU7, STM32WBA55CEU7TR, STM32WBA55CGU6, STM32WBA55CGU6TR, STM32WBA55CGU6U, STM32WBA55CGU7, STM32WBA55CGU7TR, STM32WBA55G-DK1, STM32WBA55HEF6, STM32WBA55HEF7, STM32WBA55HGF6, STM32WBA55HGF7, STM32WBA55UEI6, STM32WBA55UEI6TR, STM32WBA55UEI7, STM32WBA55UEI7TR, STM32WBA55UGI6, STM32WBA55UGI6TR, STM32WBA55UGI7, STM32WBA55UGI7TR, STM32WBA5MJGH6TR, STM32WBA62CGU6, STM32WBA62CIU6, STM32WBA62MGF6, STM32WBA62MIF6, STM32WBA62PGI6, STM32WBA62PII6, STM32WBA63CGU6, STM32WBA63CGU7, STM32WBA63CIU6, STM32WBA63CIU7, STM32WBA64CGU6, STM32WBA64CGU7, STM32WBA64CIU6, STM32WBA64CIU7, STM32WBA65CGU6, STM32WBA65CGU7, STM32WBA65CIU6, STM32WBA65CIU7, STM32WBA65I-DK1, STM32WBA65MGF6, STM32WBA65MGF7, STM32WBA65MIF6, STM32WBA65MIF7, STM32WBA65PGI6, STM32WBA65PGI7, STM32WBA65PII6, STM32WBA65PII7, STM32WBA65RGV6, STM32WBA65RGV7, STM32WBA65RIV6, STM32WBA65RIV7, STM32WL30K8V6, STM32WL30KBV6, STM32WL31C8V6, STM32WL31CBV6, STM32WL31K8V6, STM32WL31KBV6, STM32WL33C8V6, STM32WL33C8V6TR, STM32WL33C8V7, STM32WL33C8V7TR, STM32WL33CBV6, STM32WL33CBV6TR, STM32WL33CBV7, STM32WL33CBV7TR, STM32WL33CCV6, STM32WL33CCV6TR, STM32WL33CCV7, STM32WL33CCV7A, STM32WL33CCV7ATR, STM32WL33CCV7TR, STM32WL33K8V6, STM32WL33K8V6TR, STM32WL33K8V7, STM32WL33K8V7TR, STM32WL33KBV6, STM32WL33KBV6TR, STM32WL33KBV7, STM32WL33KBV7TR, STM32WL33KCV6, STM32WL33KCV6TR, STM32WL33KCV7, STM32WL33KCV7TR, STM32WL5MOCH6, STM32WL5MOCH6TR]
2025-07-03 18:50:02,832 [INFO] BoardInfo:889 - No configuration file found for board P-NUCLEO-WB55
2025-07-03 18:50:02,832 [INFO] DbBoards:161 - Kit is not supported: P-NUCLEO-WB55
2025-07-03 18:50:02,835 [INFO] BoardInfo:889 - No configuration file found for board STEVAL-BFA001V1B
2025-07-03 18:50:02,835 [INFO] DbBoards:161 - Kit is not supported: STEVAL-BFA001V1B
2025-07-03 18:50:02,836 [INFO] BoardInfo:889 - No configuration file found for board STEVAL-BFA001V2B
2025-07-03 18:50:02,836 [INFO] DbBoards:161 - Kit is not supported: STEVAL-BFA001V2B
2025-07-03 18:50:02,906 [INFO] DbBoards:168 - Found 211 boards, 208 are supported
2025-07-03 18:50:02,906 [INFO] DbBoards:169 - Found 211 boards, 43 of them is supported for  Bsp
2025-07-03 18:50:02,909 [INFO] ApiDb:668 - CubeFinder database Data Model version=2.1
2025-07-03 18:50:02,909 [INFO] ApiDb:669 - CubeFinder database Configuration version=3.0.39
2025-07-03 18:50:02,909 [INFO] ApiDb:670 - CubeFinder database generation date=2025-03-24 (1742811287)
2025-07-03 18:50:02,909 [INFO] ApiDb:671 - CubeFinder database FW Pack versions=[FP-ATR-ASTRA1_V2.0.0, FP-SNS-FLIGHT1_V5.0.2, FP-SNS-MOTENV1_V5.0.0, FP-SNS-MOTENVWB1_V1.4.0, FP-SNS-SMARTAG2_V1.2.0, FP-SNS-STBOX1_V2.0.0, STM32Cube_FW_C0_V1.4.0, STM32Cube_FW_F4_V1.28.1, STM32Cube_FW_F7_V1.17.2, STM32Cube_FW_G0_V1.6.2, STM32Cube_FW_G4_V1.6.1, STM32Cube_FW_H5_V1.5.0, STM32Cube_FW_H7RS_V1.2.0, STM32Cube_FW_H7_V1.12.1, STM32Cube_FW_L0_V1.12.2, STM32Cube_FW_L4_V1.18.1, STM32Cube_FW_L5_V1.5.1, STM32Cube_FW_N6_V1.1.0, STM32Cube_FW_U0_V1.2.0, STM32Cube_FW_U3_V1.1.0, STM32Cube_FW_U5_V1.7.0, STM32Cube_FW_WB0_V1.2.0, STM32Cube_FW_WBA_V1.6.0, STM32Cube_FW_WB_V1.22.0, STM32Cube_FW_WL3_V1.1.0, STM32Cube_FW_WL_V1.3.1, X-CUBE-ALGOBUILD_V1.4.0, X-CUBE-ALS_V1.0.2, X-CUBE-AZRTOS-F4_V1.1.0, X-CUBE-AZRTOS-F7_V1.1.0, X-CUBE-AZRTOS-G0_V1.1.0, X-CUBE-AZRTOS-G4_V2.0.0, X-CUBE-AZRTOS-H7RS_V1.0.0, X-CUBE-AZRTOS-H7_V3.3.0, X-CUBE-AZRTOS-L4_V2.0.0, X-CUBE-AZRTOS-L5_V2.0.0, X-CUBE-AZRTOS-WB_V2.0.0, X-CUBE-AZRTOS-WL_V2.0.0, X-CUBE-BLE1_V7.1.0, X-CUBE-BLE2_V3.3.0, X-CUBE-BLEMGR_V4.0.0, X-CUBE-EEPRMA1_V5.1.0, X-CUBE-FREERTOS_V1.3.0, X-CUBE-GNSS1_V6.0.0, X-CUBE-MEMS1_V11.1.0, X-CUBE-NFC4_V3.0.0, X-CUBE-NFC7_V1.0.1, X-CUBE-SFXS2LP1_V4.0.0, X-CUBE-SUBG2_V5.0.0, X-CUBE-TOF1_V3.4.2]
2025-07-03 18:50:04,687 [INFO] ApiDb:240 - Found 895 in-development CPN: [B-G473E-ZEST1S, B-WB1M-WPAN1, B-WBA5M-WPAN, B-WL5M-SUBG1, NUCLEO-C031C6, NUCLEO-C051C8, NUCLEO-C071RB, NUCLEO-C092RC, NUCLEO-H503RB, NUCLEO-H533RE, NUCLEO-H563ZI, NUCLEO-H7S3L8, NUCLEO-N657X0-Q, NUCLEO-U031R8, NUCLEO-U083RC, NUCLEO-U385RG-Q, NUCLEO-U545RE-Q, NUCLEO-U5A5ZJ-Q, NUCLEO-WB05KZ, NUCLEO-WB07CC, NUCLEO-WB09KE, NUCLEO-WBA52CG, NUCLEO-WBA55CG, NUCLEO-WBA65RI, NUCLEO-WL33CC1, NUCLEO-WL33CC2, STEVAL-PROTEUS1, STEVAL-SMARTAG2, STEVAL-STWINBX1, STM320518-EVAL, STM32C0116-DK, STM32C011D6Y3TR, STM32C011D6Y6TR, STM32C011F4P3, STM32C011F4P6, STM32C011F4U3, STM32C011F4U6TR, STM32C011F6P3, STM32C011F6P6, STM32C011F6U3, STM32C011F6U6TR, STM32C011J4M3, STM32C011J4M6, STM32C011J6M3, STM32C011J6M6, STM32C0316-DK, STM32C031C4T3, STM32C031C4T6, STM32C031C4U3, STM32C031C4U6, STM32C031C6T3, STM32C031C6T6, STM32C031C6U3, STM32C031C6U6, STM32C031F4P3, STM32C031F4P6, STM32C031F6P3, STM32C031F6P6, STM32C031G4U3, STM32C031G4U6, STM32C031G6U3, STM32C031G6U6, STM32C031K4T3, STM32C031K4T6, STM32C031K4U3, STM32C031K4U6, STM32C031K6T3, STM32C031K6T6, STM32C031K6U3, STM32C031K6U6, STM32C051C6T6, STM32C051C6U6, STM32C051C8T6, STM32C051C8U6, STM32C051D8Y6TR, STM32C051F6P6, STM32C051F8P6, STM32C051G6U6, STM32C051G8U6, STM32C051K6T6, STM32C051K6U6, STM32C051K8T6, STM32C071C8T6, STM32C071C8T6N, STM32C071C8U6, STM32C071C8U6N, STM32C071CBT6, STM32C071CBT6N, STM32C071CBU6, STM32C071CBU6N, STM32C071F8P6, STM32C071F8P6N, STM32C071FBP6, STM32C071FBP6N, STM32C071FBY6TR, STM32C071G8U6, STM32C071G8U6N, STM32C071GBU6, STM32C071GBU6N, STM32C071K8T6, STM32C071K8T6N, STM32C071K8U6, STM32C071K8U6N, STM32C071KBT6, STM32C071KBT6N, STM32C071KBU6, STM32C071KBU6N, STM32C071R8T6, STM32C071R8T6N, STM32C071RBI6N, STM32C071RBT6, STM32C071RBT6N, STM32C091CBT6, STM32C091CBU6, STM32C091CCT6, STM32C091CCU6, STM32C091ECY6TR, STM32C091FBP6, STM32C091FCP6, STM32C091GBU6, STM32C091GCU6, STM32C091KBT6, STM32C091KBU6, STM32C091KCT6, STM32C091KCU6, STM32C091RBT6, STM32C091RCI6, STM32C091RCT6, STM32C092CBT6, STM32C092CBU6, STM32C092CCT6, STM32C092CCU6, STM32C092ECY6TR, STM32C092FBP6, STM32C092FCP6, STM32C092GBU6, STM32C092GCU6, STM32C092KBT6, STM32C092KBU6, STM32C092KCT6, STM32C092KCU6, STM32C092RBT6, STM32C092RCI6, STM32C092RCT6, STM32G071K8TXN, STM32G071K8UXN, STM32G081GBU6N, STM32G081KBT6N, STM32G081KBUXN, STM32G0B1CCT6N, STM32G0B1KCT6, STM32G0B1NEY6TR, STM32G0B1RCT6N, STM32G0C1CCT6, STM32G0C1CCT6N, STM32G0C1CCU6N, STM32G0C1CET6N, STM32G0C1CEU6N, STM32G0C1KCT6, STM32G0C1NEY6TR, STM32G0C1RCI6N, STM32G0C1RCT6N, STM32G0C1REI6N, STM32G0C1RET6N, STM32G0C1VCI6, STM32G0C1VEI6, STM32G411C6T3, STM32G411C6T6, STM32G411C6U3, STM32G411C6U6, STM32G411C8T3, STM32G411C8T6, STM32G411C8U3, STM32G411C8U6, STM32G411CBT3, STM32G411CBT6, STM32G411CBU3, STM32G411CBU6, STM32G411CCT3, STM32G411CCT6, STM32G411CCU3, STM32G411CCU6, STM32G411K6T3, STM32G411K6T6, STM32G411K6U3, STM32G411K6U6, STM32G411K8T3, STM32G411K8T6, STM32G411K8U3, STM32G411K8U6, STM32G411KBT3, STM32G411KBT6, STM32G411KBU3, STM32G411KBU6, STM32G411M6T3, STM32G411M6T6, STM32G411M8T3, STM32G411M8T6, STM32G411MBT3, STM32G411MBT6, STM32G411MCT3, STM32G411MCT6, STM32G411R6T3, STM32G411R6T6, STM32G411R8T3, STM32G411R8T6, STM32G411RBT3, STM32G411RBT6, STM32G411RCT3, STM32G411RCT6, STM32G414CBT3, STM32G414CBT6, STM32G414CBU3, STM32G414CBU6, STM32G414CCT3, STM32G414CCT6, STM32G414CCU3, STM32G414CCU6, STM32G414MBT3, STM32G414MBT6, STM32G414MCT3, STM32G414MCT6, STM32G414RBT3, STM32G414RBT6, STM32G414RCT3, STM32G414RCT6, STM32G414VBT3, STM32G414VBT6, STM32G414VCT3, STM32G414VCT6, STM32G431CBT3Z, STM32G431RBT3Z, STM32G471CCT6, STM32G471CCU6, STM32G471CET3, STM32G471CET6, STM32G471CEU3, STM32G471CEU6, STM32G471MCT6, STM32G471MET3, STM32G471MET6, STM32G471MEY6TR, STM32G471QCT6, STM32G471QET3, STM32G471RCT6, STM32G471RET3, STM32G471RET6, STM32G471VCH6, STM32G471VCI6, STM32G471VCT6, STM32G471VEH3, STM32G471VEH6, STM32G471VEI3, STM32G471VEI6, STM32G471VET3, STM32G471VET6, STM32G473QET3Z, STM32G473RET3Z, STM32G474CCT6, STM32G491RET3Z, STM32H503CBT6, STM32H503CBU6, STM32H503EBY6TR, STM32H503KBU6, STM32H503RBT6, STM32H523CCT6, STM32H523CCU6, STM32H523CET6, STM32H523CEU6, STM32H523HEY6TR, STM32H523RCT6, STM32H523RET6, STM32H523VCI6, STM32H523VCT6, STM32H523VEI6, STM32H523VET6, STM32H523ZCJ6, STM32H523ZCT6, STM32H523ZEJ6, STM32H523ZET6, STM32H533CET6, STM32H533CEU6, STM32H533HEY6TR, STM32H533RET6, STM32H533VEI6, STM32H533VET6, STM32H533ZEJ6, STM32H533ZET6, STM32H562AGI6, STM32H562AII6, STM32H562IGK6, STM32H562IGT6, STM32H562IIK6, STM32H562IIT6, STM32H562RGT6, STM32H562RGV6, STM32H562RIT6, STM32H562RIV6, STM32H562VGT6, STM32H562VIT6, STM32H562ZGT6, STM32H562ZIT6, STM32H563AGI6, STM32H563AII3Q, STM32H563AII6, STM32H563IGK6, STM32H563IGT6, STM32H563IIK3Q, STM32H563IIK6, STM32H563IIT3Q, STM32H563IIT6, STM32H563MIY3QTR, STM32H563RGT6, STM32H563RGV6, STM32H563RIT6, STM32H563RIV6, STM32H563VGT6, STM32H563VIT3Q, STM32H563VIT6, STM32H563ZGT6, STM32H563ZIT3Q, STM32H563ZIT6, STM32H573AII3Q, STM32H573AII6, STM32H573I-DK, STM32H573IIK3Q, STM32H573IIK6, STM32H573IIT3Q, STM32H573IIT6, STM32H573MIY3QTR, STM32H573RIT6, STM32H573RIV6, STM32H573VIT3Q, STM32H573VIT6, STM32H573ZIT3Q, STM32H573ZIT6, STM32H7R3A8I6, STM32H7R3I8K6, STM32H7R3I8T6, STM32H7R3L8H6, STM32H7R3L8H6H, STM32H7R3R8V6, STM32H7R3V8H6, STM32H7R3V8T6, STM32H7R3V8Y6TR, STM32H7R3Z8J6, STM32H7R3Z8T6, STM32H7R7A8I6, STM32H7R7I8K6, STM32H7R7I8T6, STM32H7R7L8H6, STM32H7R7L8H6H, STM32H7R7Z8J6, STM32H7S3A8I6, STM32H7S3I8K6, STM32H7S3I8T6, STM32H7S3L8H6, STM32H7S3L8H6H, STM32H7S3R8V6, STM32H7S3V8H6, STM32H7S3V8T6, STM32H7S3V8Y6TR, STM32H7S3Z8J6, STM32H7S3Z8T6, STM32H7S78-DK, STM32H7S7A8I6, STM32H7S7I8K6, STM32H7S7I8T6, STM32H7S7L8H6, STM32H7S7L8H6H, STM32H7S7Z8J6, STM32L4R5QGI6STR, STM32MP131AAE3, STM32MP131AAF3, STM32MP131AAG3, STM32MP131CAE3, STM32MP131CAF3, STM32MP131CAG3, STM32MP131DAE7, STM32MP131DAF7, STM32MP131DAG7, STM32MP131FAE7, STM32MP131FAF7, STM32MP131FAG7, STM32MP133AAE3, STM32MP133AAF3, STM32MP133AAG3, STM32MP133CAE3, STM32MP133CAF3, STM32MP133CAG3, STM32MP133DAE7, STM32MP133DAF7, STM32MP133DAG7, STM32MP133FAE7, STM32MP133FAF7, STM32MP133FAG7, STM32MP135AAE3, STM32MP135AAF3, STM32MP135AAG3, STM32MP135CAE3, STM32MP135CAF3, STM32MP135CAG3, STM32MP135DAE7, STM32MP135DAF7, STM32MP135DAG7, STM32MP135F-DK, STM32MP135FAE7, STM32MP135FAF7, STM32MP135FAF7T, STM32MP135FAF7U, STM32MP135FAG7, STM32MP231AAJ3, STM32MP231AAK3, STM32MP231AAL3, STM32MP231CAJ3, STM32MP231CAK3, STM32MP231CAL3, STM32MP231DAJ3, STM32MP231DAK3, STM32MP231DAL3, STM32MP231FAJ3, STM32MP231FAK3, STM32MP231FAL3, STM32MP233AAJ3, STM32MP233AAK3, STM32MP233AAL3, STM32MP233CAJ3, STM32MP233CAK3, STM32MP233CAL3, STM32MP233DAJ3, STM32MP233DAK3, STM32MP233DAL3, STM32MP233FAJ3, STM32MP233FAK3, STM32MP233FAL3, STM32MP235AAJ3, STM32MP235AAK3, STM32MP235AAL3, STM32MP235CAJ3, STM32MP235CAK3, STM32MP235CAL3, STM32MP235DAJ3, STM32MP235DAK3, STM32MP235DAL3, STM32MP235FAJ3, STM32MP235FAK3, STM32MP235FAL3, STM32MP251AAI3, STM32MP251AAJ3, STM32MP251AAK3, STM32MP251AAL3, STM32MP251CAI3, STM32MP251CAJ3, STM32MP251CAK3, STM32MP251CAL3, STM32MP251DAI3, STM32MP251DAJ3, STM32MP251DAK3, STM32MP251DAL3, STM32MP251FAI3, STM32MP251FAJ3, STM32MP251FAK3, STM32MP251FAL3, STM32MP253AAI3, STM32MP253AAJ3, STM32MP253AAK3, STM32MP253AAL3, STM32MP253CAI3, STM32MP253CAJ3, STM32MP253CAK3, STM32MP253CAL3, STM32MP253DAI3, STM32MP253DAJ3, STM32MP253DAK3, STM32MP253DAL3, STM32MP253FAI3, STM32MP253FAJ3, STM32MP253FAK3, STM32MP253FAL3, STM32MP255AAI3, STM32MP255AAJ3, STM32MP255AAK3, STM32MP255AAL3, STM32MP255CAI3, STM32MP255CAJ3, STM32MP255CAK3, STM32MP255CAL3, STM32MP255DAI3, STM32MP255DAJ3, STM32MP255DAK3, STM32MP255DAL3, STM32MP255FAI3, STM32MP255FAJ3, STM32MP255FAK3, STM32MP255FAL3, STM32MP257AAI3, STM32MP257AAJ3, STM32MP257AAK3, STM32MP257AAL3, STM32MP257CAI3, STM32MP257CAJ3, STM32MP257CAK3, STM32MP257CAL3, STM32MP257DAI3, STM32MP257DAJ3, STM32MP257DAK3, STM32MP257DAL3, STM32MP257F-DK, STM32MP257F-EV1, STM32MP257FAI3, STM32MP257FAJ3, STM32MP257FAK3, STM32MP257FAL3, STM32N645A0H3Q, STM32N645B0H3Q, STM32N645I0H3Q, STM32N645L0H3Q, STM32N645X0H3Q, STM32N645Z0H3Q, STM32N647A0H3Q, STM32N647B0H3Q, STM32N647I0H3Q, STM32N647L0H3Q, STM32N647X0H3Q, STM32N647Z0H3Q, STM32N655A0H3Q, STM32N655B0H3Q, STM32N655I0H3Q, STM32N655L0H3Q, STM32N655X0H3Q, STM32N655Z0H3Q, STM32N6570-DK, STM32N657A0H3Q, STM32N657B0H3Q, STM32N657I0H3Q, STM32N657L0H3Q, STM32N657X0H3Q, STM32N657Z0H3Q, STM32U031C6T6, STM32U031C6U6, STM32U031C8T6, STM32U031C8U6, STM32U031F4P6, STM32U031F6P6, STM32U031F8P6, STM32U031G6Y6TR, STM32U031G8Y6TR, STM32U031K4U6, STM32U031K6U6, STM32U031K8U6, STM32U031R6I6, STM32U031R6T6, STM32U031R8I6, STM32U031R8T6, STM32U073C8T6, STM32U073C8U6, STM32U073CBT6, STM32U073CBU6, STM32U073CCT6, STM32U073CCU6, STM32U073H8Y6TR, STM32U073HBY6TR, STM32U073HCY6TR, STM32U073K8U6, STM32U073KBU6, STM32U073KCU6, STM32U073M8I6, STM32U073M8T6, STM32U073MBI6, STM32U073MBT6, STM32U073MCI6, STM32U073MCT6, STM32U073R8I6, STM32U073R8T6, STM32U073RBI6, STM32U073RBT6, STM32U073RCI6, STM32U073RCT6, STM32U083C-DK, STM32U083CCT6, STM32U083CCU6, STM32U083HCY6TR, STM32U083KCU6, STM32U083MCI6, STM32U083MCT6, STM32U083RCI6, STM32U083RCT6, STM32U375CET6, STM32U375CET6Q, STM32U375CEU6, STM32U375CEU6Q, STM32U375CEY6QTR, STM32U375CGT6, STM32U375CGT6Q, STM32U375CGU6, STM32U375CGU6Q, STM32U375CGY6QTR, STM32U375KEU6, STM32U375KGU6, STM32U375REI6, STM32U375REI6Q, STM32U375RET6, STM32U375RET6Q, STM32U375REY6GTR, STM32U375REY6QTR, STM32U375RGI6, STM32U375RGI6Q, STM32U375RGT6, STM32U375RGT6Q, STM32U375RGY6GTR, STM32U375RGY6QTR, STM32U375VEI6, STM32U375VEI6Q, STM32U375VET6, STM32U375VET6Q, STM32U375VGI6, STM32U375VGI6Q, STM32U375VGT6, STM32U375VGT6Q, STM32U385CGT6, STM32U385CGT6Q, STM32U385CGU6, STM32U385CGU6Q, STM32U385CGY6QTR, STM32U385KGU6, STM32U385RGI6, STM32U385RGI6Q, STM32U385RGT6, STM32U385RGT6Q, STM32U385RGY6GTR, STM32U385RGY6QTR, STM32U385VGI6, STM32U385VGI6Q, STM32U385VGT6, STM32U385VGT6Q, STM32U535CBT6, STM32U535CBT6Q, STM32U535CBU6, STM32U535CBU6Q, STM32U535CCT6, STM32U535CCT6Q, STM32U535CCU6, STM32U535CCU6Q, STM32U535CET6, STM32U535CET6Q, STM32U535CEU6, STM32U535CEU6Q, STM32U535JEY6QTR, STM32U535NCY6QTR, STM32U535NEY6QTR, STM32U535RBI6, STM32U535RBI6Q, STM32U535RBT6, STM32U535RBT6Q, STM32U535RCI6, STM32U535RCI6Q, STM32U535RCT6, STM32U535RCT6Q, STM32U535REI6, STM32U535REI6Q, STM32U535RET6, STM32U535RET6Q, STM32U535VCI6, STM32U535VCI6Q, STM32U535VCT6, STM32U535VCT6Q, STM32U535VEI6, STM32U535VEI6Q, STM32U535VET6, STM32U535VET6Q, STM32U545CET6, STM32U545CET6Q, STM32U545CEU6, STM32U545CEU6Q, STM32U545JEY6QTR, STM32U545NEY6QTR, STM32U545REI6, STM32U545REI6Q, STM32U545RET6, STM32U545RET6Q, STM32U545VEI6, STM32U545VEI6Q, STM32U545VET6, STM32U545VET6Q, STM32U595AIH6, STM32U595AIH6Q, STM32U595AJH6, STM32U595AJH6Q, STM32U595QII6, STM32U595QII6Q, STM32U595QJI6, STM32U595QJI6Q, STM32U595RIT6, STM32U595RIT6Q, STM32U595RJT6, STM32U595RJT6Q, STM32U595VIT6, STM32U595VIT6Q, STM32U595VJT6, STM32U595VJT6Q, STM32U595ZIT6, STM32U595ZIT6Q, STM32U595ZIY6QTR, STM32U595ZJT6, STM32U595ZJT6Q, STM32U595ZJY6QTR, STM32U599BJY6QTR, STM32U599NIH6Q, STM32U599NJH6Q, STM32U599VIT6Q, STM32U599VJT6, STM32U599VJT6Q, STM32U599ZIT6Q, STM32U599ZIY6QTR, STM32U599ZJT6Q, STM32U599ZJY6QTR, STM32U5A5AJH6, STM32U5A5AJH6Q, STM32U5A5QII3Q , STM32U5A5QJI6, STM32U5A5QJI6Q, STM32U5A5RJT6, STM32U5A5RJT6Q, STM32U5A5VJT6, STM32U5A5VJT6Q, STM32U5A5ZJT6, STM32U5A5ZJT6Q, STM32U5A5ZJY6QTR, STM32U5A9BJY6QTR, STM32U5A9J-DK, STM32U5A9NJH6Q, STM32U5A9VJT6Q, STM32U5A9ZJT6Q, STM32U5A9ZJY6QTR, STM32U5F7VIT6, STM32U5F7VIT6Q, STM32U5F7VJT6, STM32U5F7VJT6Q, STM32U5F9BJY6QTR, STM32U5F9NJH6Q, STM32U5F9VIT6Q, STM32U5F9VJT6Q, STM32U5F9ZIJ6QTR, STM32U5F9ZIT6Q, STM32U5F9ZJJ6QTR, STM32U5F9ZJT6Q, STM32U5G7VJT6, STM32U5G7VJT6Q, STM32U5G9BJY6QTR, STM32U5G9J-DK1, STM32U5G9J-DK2, STM32U5G9NJH6Q, STM32U5G9VJT6Q, STM32U5G9ZJJ6QTR, STM32U5G9ZJT6Q, STM32WB05KZV6TR, STM32WB05KZV7TR, STM32WB05TZF6TR, STM32WB05TZF7TR, STM32WB06CCF6TR, STM32WB06CCF7TR, STM32WB06CCV6TR, STM32WB06CCV7TR, STM32WB06KCV6TR, STM32WB06KCV7TR, STM32WB07CCF6TR, STM32WB07CCF7TR, STM32WB07CCV6TR, STM32WB07CCV7TR, STM32WB07KCV6TR, STM32WB07KCV7TR, STM32WB09KEV6TR, STM32WB09KEV7TR, STM32WB09TEF6TR, STM32WB09TEF7TR, STM32WB1MMCH6, STM32WBA50KGU6, STM32WBA50KGU6TR, STM32WBA52CEU6, STM32WBA52CEU6TR, STM32WBA52CEU7, STM32WBA52CEU7TR, STM32WBA52CGU6, STM32WBA52CGU6TR, STM32WBA52CGU6U, STM32WBA52CGU7, STM32WBA52CGU7TR, STM32WBA52KEU6, STM32WBA52KEU6TR, STM32WBA52KGU6, STM32WBA52KGU6TR, STM32WBA54CEU6, STM32WBA54CEU6TR, STM32WBA54CEU7, STM32WBA54CEU7TR, STM32WBA54CGU6, STM32WBA54CGU6TR, STM32WBA54CGU7, STM32WBA54CGU7TR, STM32WBA54KEU6, STM32WBA54KEU6TR, STM32WBA54KEU7, STM32WBA54KEU7TR, STM32WBA54KGU6, STM32WBA54KGU6TR, STM32WBA54KGU7, STM32WBA54KGU7TR, STM32WBA55CEU6, STM32WBA55CEU6TR, STM32WBA55CEU7, STM32WBA55CEU7TR, STM32WBA55CGU6, STM32WBA55CGU6TR, STM32WBA55CGU6U, STM32WBA55CGU7, STM32WBA55CGU7TR, STM32WBA55G-DK1, STM32WBA55HEF6, STM32WBA55HEF7, STM32WBA55HGF6, STM32WBA55HGF7, STM32WBA55UEI6, STM32WBA55UEI6TR, STM32WBA55UEI7, STM32WBA55UEI7TR, STM32WBA55UGI6, STM32WBA55UGI6TR, STM32WBA55UGI7, STM32WBA55UGI7TR, STM32WBA5MJGH6TR, STM32WBA62CGU6, STM32WBA62CIU6, STM32WBA62MGF6, STM32WBA62MIF6, STM32WBA62PGI6, STM32WBA62PII6, STM32WBA63CGU6, STM32WBA63CGU7, STM32WBA63CIU6, STM32WBA63CIU7, STM32WBA64CGU6, STM32WBA64CGU7, STM32WBA64CIU6, STM32WBA64CIU7, STM32WBA65CGU6, STM32WBA65CGU7, STM32WBA65CIU6, STM32WBA65CIU7, STM32WBA65I-DK1, STM32WBA65MGF6, STM32WBA65MGF7, STM32WBA65MIF6, STM32WBA65MIF7, STM32WBA65PGI6, STM32WBA65PGI7, STM32WBA65PII6, STM32WBA65PII7, STM32WBA65RGV6, STM32WBA65RGV7, STM32WBA65RIV6, STM32WBA65RIV7, STM32WL30K8V6, STM32WL30KBV6, STM32WL31C8V6, STM32WL31CBV6, STM32WL31K8V6, STM32WL31KBV6, STM32WL33C8V6, STM32WL33C8V6TR, STM32WL33C8V7, STM32WL33C8V7TR, STM32WL33CBV6, STM32WL33CBV6TR, STM32WL33CBV7, STM32WL33CBV7TR, STM32WL33CCV6, STM32WL33CCV6TR, STM32WL33CCV7, STM32WL33CCV7A, STM32WL33CCV7ATR, STM32WL33CCV7TR, STM32WL33K8V6, STM32WL33K8V6TR, STM32WL33K8V7, STM32WL33K8V7TR, STM32WL33KBV6, STM32WL33KBV6TR, STM32WL33KBV7, STM32WL33KBV7TR, STM32WL33KCV6, STM32WL33KCV6TR, STM32WL33KCV7, STM32WL33KCV7TR, STM32WL5MOCH6, STM32WL5MOCH6TR]
2025-07-03 18:50:04,690 [INFO] DbMcus:218 - Found 4686 MCUs, 4686 are supported
2025-07-03 18:50:04,691 [INFO] ApiDb:414 - User favorites file not found: /home/adrian/.stm32cubeide/favorites.mcus.txt
2025-07-03 18:50:04,691 [INFO] DbMcus:224 - Set 0 / 0 favorites MCUs
2025-07-03 18:50:05,033 [INFO] ApiDb:414 - User favorites file not found: /home/adrian/.stm32cubeide/favorites.boards.txt
2025-07-03 18:50:05,033 [INFO] DbBoards:198 - Set 0 / 0 favorites Boards
2025-07-03 18:50:05,078 [INFO] UtilMem:75 - End LoadConfig() Used Memory: 326980088 Bytes (1073741824)
2025-07-03 18:50:05,170 [WARN] ThirdParty:833 - waiting for thirdparty lock release [change project]
2025-07-03 18:50:05,170 [INFO] ThirdParty:835 - entering critical section [change project]
2025-07-03 18:50:05,171 [INFO] ThirdParty:1030 - CMSIS Pack Vendor :STMicroelectronics X-CUBE-PM33A1 1.0.0
2025-07-03 18:50:05,171 [INFO] ThirdParty:1030 - CMSIS Pack Vendor :STMicroelectronics USBPD 4.1
2025-07-03 18:50:05,171 [INFO] ThirdParty:1030 - CMSIS Pack Vendor :STMicroelectronics X-CUBE-AZRTOS-H7 3.3.0
2025-07-03 18:50:05,171 [INFO] ThirdParty:1030 - CMSIS Pack Vendor :STMicroelectronics X-CUBE-NFC9 1.0.0
2025-07-03 18:50:05,171 [INFO] ThirdParty:1030 - CMSIS Pack Vendor :wolfSSL I-CUBE-wolfSSL 5.8.0
2025-07-03 18:50:05,171 [INFO] ThirdParty:1030 - CMSIS Pack Vendor :STMicroelectronics USB_HOST 2.0.0
2025-07-03 18:50:05,171 [INFO] ThirdParty:1030 - CMSIS Pack Vendor :STMicroelectronics FP-SNS-MOTENVWB1 1.4.0
2025-07-03 18:50:05,171 [INFO] ThirdParty:1030 - CMSIS Pack Vendor :STMicroelectronics X-CUBE-AZRTOS-F4 1.1.0
2025-07-03 18:50:05,171 [INFO] ThirdParty:1030 - CMSIS Pack Vendor :STMicroelectronics LIBJPEG 8.0.0
2025-07-03 18:50:05,171 [INFO] ThirdParty:1030 - CMSIS Pack Vendor :STMicroelectronics FP-ATR-ASTRA1 2.0.2
2025-07-03 18:50:05,171 [INFO] ThirdParty:1030 - CMSIS Pack Vendor :STMicroelectronics X-CUBE-BLE1 7.1.0
2025-07-03 18:50:05,171 [INFO] ThirdParty:1030 - CMSIS Pack Vendor :Avnet-IotConnect X-CUBE-IoTC-DA16k-PMOD 1.0.0
2025-07-03 18:50:05,171 [INFO] ThirdParty:1030 - CMSIS Pack Vendor :STMicroelectronics X-CUBE-SMBUS 2.1.0
2025-07-03 18:50:05,171 [INFO] ThirdParty:1030 - CMSIS Pack Vendor :wolfSSL I-CUBE-wolfMQTT 1.19.2
2025-07-03 18:50:05,171 [INFO] ThirdParty:1030 - CMSIS Pack Vendor :STMicroelectronics USB_DEVICE 3.0.0
2025-07-03 18:50:05,171 [INFO] ThirdParty:1030 - CMSIS Pack Vendor :STMicroelectronics X-CUBE-ISPU 2.1.0
2025-07-03 18:50:05,171 [INFO] ThirdParty:1030 - CMSIS Pack Vendor :STMicroelectronics X-CUBE-AZRTOS-WB 2.0.0
2025-07-03 18:50:05,171 [INFO] ThirdParty:1030 - CMSIS Pack Vendor :STMicroelectronics X-CUBE-ST60 1.0.0
2025-07-03 18:50:05,172 [INFO] ThirdParty:1030 - CMSIS Pack Vendor :STMicroelectronics X-CUBE-GNSS1 7.0.1
2025-07-03 18:50:05,172 [INFO] ThirdParty:1030 - CMSIS Pack Vendor :STMicroelectronics X-CUBE-AZRTOS-F7 1.1.0
2025-07-03 18:50:05,172 [INFO] ThirdParty:1030 - CMSIS Pack Vendor :STMicroelectronics X-CUBE-AZRTOS-L5 2.0.0
2025-07-03 18:50:05,172 [INFO] ThirdParty:1030 - CMSIS Pack Vendor :STMicroelectronics X-CUBE-TOUCHGFX 4.25.0
2025-07-03 18:50:05,172 [INFO] ThirdParty:1030 - CMSIS Pack Vendor :STMicroelectronics USB_DEVICE 2.0.0
2025-07-03 18:50:05,172 [INFO] ThirdParty:1030 - CMSIS Pack Vendor :STMicroelectronics X-CUBE-NFC6 3.1.0
2025-07-03 18:50:05,172 [INFO] ThirdParty:1030 - CMSIS Pack Vendor :STMicroelectronics X-CUBE-AI 10.1.0
2025-07-03 18:50:05,172 [INFO] ThirdParty:1030 - CMSIS Pack Vendor :STMicroelectronics FP-SNS-STBOX1 2.0.0
2025-07-03 18:50:05,172 [INFO] ThirdParty:1030 - CMSIS Pack Vendor :STMicroelectronics FreeRTOS 0.0.1
2025-07-03 18:50:05,172 [INFO] ThirdParty:1030 - CMSIS Pack Vendor :STMicroelectronics X-CUBE-AZRTOS-G0 1.1.0
2025-07-03 18:50:05,172 [INFO] ThirdParty:1030 - CMSIS Pack Vendor :STMicroelectronics X-CUBE-SAFEA1 1.2.2
2025-07-03 18:50:05,172 [INFO] ThirdParty:1030 - CMSIS Pack Vendor :STMicroelectronics X-CUBE-NFC4 3.0.0
2025-07-03 18:50:05,172 [INFO] ThirdParty:1030 - CMSIS Pack Vendor :STMicroelectronics X-CUBE-SUBG2 5.0.0
2025-07-03 18:50:05,172 [INFO] ThirdParty:1030 - CMSIS Pack Vendor :STMicroelectronics X-CUBE-AZRTOS-H7RS 1.1.0
2025-07-03 18:50:05,172 [INFO] ThirdParty:1030 - CMSIS Pack Vendor :STMicroelectronics STM32_WPAN 1.0.0
2025-07-03 18:50:05,172 [INFO] ThirdParty:1030 - CMSIS Pack Vendor :EmbeddedOffice I-CUBE-FS-RTOS 1.0.1
2025-07-03 18:50:05,172 [INFO] ThirdParty:1030 - CMSIS Pack Vendor :STMicroelectronics lwIP 2.0.3
2025-07-03 18:50:05,172 [INFO] ThirdParty:1030 - CMSIS Pack Vendor :Cesanta I-CUBE-Mongoose 7.13.0
2025-07-03 18:50:05,172 [INFO] ThirdParty:1030 - CMSIS Pack Vendor :STMicroelectronics USB_HOST 1.0.0
2025-07-03 18:50:05,173 [INFO] ThirdParty:1030 - CMSIS Pack Vendor :Infineon AIROC-Wi-Fi-Bluetooth-STM32 1.7.0
2025-07-03 18:50:05,173 [INFO] ThirdParty:1030 - CMSIS Pack Vendor :STMicroelectronics X-CUBE-AZRTOS-G4 2.0.0
2025-07-03 18:50:05,173 [INFO] ThirdParty:1030 - CMSIS Pack Vendor :STMicroelectronics X-CUBE-WB05N 2.0.0
2025-07-03 18:50:05,173 [INFO] ThirdParty:1030 - CMSIS Pack Vendor :STMicroelectronics PDM2PCM 3.1.0
2025-07-03 18:50:05,173 [INFO] ThirdParty:1030 - CMSIS Pack Vendor :STMicroelectronics PDM2PCM 3.3.0
2025-07-03 18:50:05,173 [INFO] ThirdParty:1030 - CMSIS Pack Vendor :wolfSSL I-CUBE-wolfTPM 3.8.0
2025-07-03 18:50:05,173 [INFO] ThirdParty:1030 - CMSIS Pack Vendor :STMicroelectronics X-CUBE-DISPLAY 3.0.0
2025-07-03 18:50:05,173 [INFO] ThirdParty:1030 - CMSIS Pack Vendor :wolfSSL I-CUBE-wolfSSH 1.4.20
2025-07-03 18:50:05,173 [INFO] ThirdParty:1030 - CMSIS Pack Vendor :STMicroelectronics X-CUBE-NFC7 2.0.0
2025-07-03 18:50:05,173 [INFO] ThirdParty:1030 - CMSIS Pack Vendor :STMicroelectronics X-CUBE-TCPP 4.2.0
2025-07-03 18:50:05,173 [INFO] ThirdParty:1030 - CMSIS Pack Vendor :RealThread X-CUBE-RT-Thread_Nano 4.1.1
2025-07-03 18:50:05,173 [INFO] ThirdParty:1030 - CMSIS Pack Vendor :STMicroelectronics FP-ATR-SIGFOX1 3.2.0
2025-07-03 18:50:05,173 [INFO] ThirdParty:1030 - CMSIS Pack Vendor :STMicroelectronics X-CUBE-NFC10 1.0.0
2025-07-03 18:50:05,173 [INFO] ThirdParty:1030 - CMSIS Pack Vendor :STMicroelectronics X-CUBE-BLEMGR 4.0.0
2025-07-03 18:50:05,173 [INFO] ThirdParty:1030 - CMSIS Pack Vendor :STMicroelectronics X-CUBE-EEPRMA1 5.1.0
2025-07-03 18:50:05,173 [INFO] ThirdParty:1030 - CMSIS Pack Vendor :STMicroelectronics X-CUBE-FREERTOS 1.3.1
2025-07-03 18:50:05,173 [INFO] ThirdParty:1030 - CMSIS Pack Vendor :STMicroelectronics HAL Drivers 0.0.0
2025-07-03 18:50:05,173 [INFO] ThirdParty:1030 - CMSIS Pack Vendor :STMicroelectronics MBEDTLS 2.16.2
2025-07-03 18:50:05,173 [INFO] ThirdParty:1030 - CMSIS Pack Vendor :STMicroelectronics X-CUBE-IPS 3.1.0
2025-07-03 18:50:05,173 [INFO] ThirdParty:1030 - CMSIS Pack Vendor :STMicroelectronics X-CUBE-ALS 1.0.2
2025-07-03 18:50:05,174 [INFO] ThirdParty:1030 - CMSIS Pack Vendor :emotas I-CUBE-CANOPEN 1.3.0
2025-07-03 18:50:05,174 [INFO] ThirdParty:1030 - CMSIS Pack Vendor :STMicroelectronics MBEDTLS 2.14.1
2025-07-03 18:50:05,174 [INFO] ThirdParty:1030 - CMSIS Pack Vendor :ITTIA_DB I-CUBE-ITTIADB 8.9.0
2025-07-03 18:50:05,174 [INFO] ThirdParty:1030 - CMSIS Pack Vendor :portGmbH I-Cube-SoM-uGOAL 1.1.0
2025-07-03 18:50:05,174 [INFO] ThirdParty:1030 - CMSIS Pack Vendor :quantropi X-CUBE-qispace-sdk-base 2.0.0
2025-07-03 18:50:05,174 [INFO] ThirdParty:1030 - CMSIS Pack Vendor :STMicroelectronics X-CUBE-ST67W61 1.0.0
2025-07-03 18:50:05,174 [INFO] ThirdParty:1030 - CMSIS Pack Vendor :STMicroelectronics FP-SNS-STAIOTCFT 1.0.0
2025-07-03 18:50:05,174 [INFO] ThirdParty:1030 - CMSIS Pack Vendor :STMicroelectronics ThreadX 1.0.0
2025-07-03 18:50:05,174 [INFO] ThirdParty:1030 - CMSIS Pack Vendor :STMicroelectronics FP-SNS-SMARTAG2 1.2.0
2025-07-03 18:50:05,174 [INFO] ThirdParty:1030 - CMSIS Pack Vendor :STMicroelectronics FP-SNS-FLIGHT1 5.1.0
2025-07-03 18:50:05,174 [INFO] ThirdParty:1030 - CMSIS Pack Vendor :STMicroelectronics X-CUBE-AZRTOS-WL 2.0.0
2025-07-03 18:50:05,174 [INFO] ThirdParty:1030 - CMSIS Pack Vendor :SEGGER I-CUBE-embOS 1.3.1
2025-07-03 18:50:05,174 [INFO] ThirdParty:1030 - CMSIS Pack Vendor :STMicroelectronics X-CUBE-ALGOBUILD 1.4.0
2025-07-03 18:50:05,174 [INFO] ThirdParty:1030 - CMSIS Pack Vendor :STMicroelectronics X-CUBE-DPower 1.3.0
2025-07-03 18:50:05,174 [INFO] ThirdParty:1030 - CMSIS Pack Vendor :STMicroelectronics X-CUBE-MEMS1 11.3.0
2025-07-03 18:50:05,174 [INFO] ThirdParty:1030 - CMSIS Pack Vendor :STMicroelectronics FP-SNS-MOTENV1 5.0.0
2025-07-03 18:50:05,174 [INFO] ThirdParty:1030 - CMSIS Pack Vendor :STMicroelectronics USB_DEVICE 1.0.0
2025-07-03 18:50:05,174 [INFO] ThirdParty:1030 - CMSIS Pack Vendor :STMicroelectronics X-CUBE-AZRTOS-L4 2.0.0
2025-07-03 18:50:05,175 [INFO] ThirdParty:1030 - CMSIS Pack Vendor :STMicroelectronics ThreadX 0.0.2
2025-07-03 18:50:05,175 [INFO] ThirdParty:1030 - CMSIS Pack Vendor :WES I-CUBE-Cesium 1.3.0
2025-07-03 18:50:05,175 [INFO] ThirdParty:1030 - CMSIS Pack Vendor :STMicroelectronics lwIP 2.1.2
2025-07-03 18:50:05,175 [INFO] ThirdParty:1030 - CMSIS Pack Vendor :STMicroelectronics X-CUBE-SFXS2LP1 4.0.0
2025-07-03 18:50:05,175 [INFO] ThirdParty:1030 - CMSIS Pack Vendor :STMicroelectronics X-CUBE-BLE2 3.3.0
2025-07-03 18:50:05,175 [INFO] ThirdParty:1030 - CMSIS Pack Vendor :STMicroelectronics X-CUBE-TOF1 3.4.3
2025-07-03 18:50:05,175 [INFO] ThirdParty:1030 - CMSIS Pack Vendor :STMicroelectronics PDM2PCM 3.2.0
2025-07-03 18:50:05,175 [INFO] ThirdParty:841 - exiting critical section [change project]
2025-07-03 18:50:05,427 [INFO] PinOutPanel:1589 - setPackage(No Configuration,No Configuration)
2025-07-03 18:50:05,428 [INFO] PinOutPanel:1589 - setPackage(STM32F411CEUx,UFQFPN48)
2025-07-03 18:50:05,708 [INFO] UtilMem:75 - Before build in PCC Used Memory: 559569184 Bytes (1073741824)
2025-07-03 18:50:06,073 [INFO] UtilMem:75 - After build in PCC Used Memory: 690116992 Bytes (1073741824)
2025-07-03 18:50:06,089 [INFO] IPUIPlugin:80 - create IPUIPlugin
2025-07-03 18:50:06,090 [INFO] IPUIPlugin:80 - create IPUIPlugin
2025-07-03 18:50:06,090 [INFO] IPUIPlugin:80 - create IPUIPlugin
2025-07-03 18:50:06,090 [INFO] IPUIPlugin:80 - create IPUIPlugin
2025-07-03 18:50:06,090 [INFO] IPUIPlugin:80 - create IPUIPlugin
2025-07-03 18:50:06,090 [INFO] IPUIPlugin:80 - create IPUIPlugin
2025-07-03 18:50:06,090 [INFO] IPUIPlugin:80 - create IPUIPlugin
2025-07-03 18:50:06,090 [INFO] IPUIPlugin:80 - create IPUIPlugin
2025-07-03 18:50:06,090 [INFO] IPUIPlugin:80 - create IPUIPlugin
2025-07-03 18:50:06,090 [INFO] IPUIPlugin:80 - create IPUIPlugin
2025-07-03 18:50:06,090 [INFO] IPUIPlugin:80 - create IPUIPlugin
2025-07-03 18:50:06,090 [INFO] IPUIPlugin:80 - create IPUIPlugin
2025-07-03 18:50:06,091 [INFO] IPUIPlugin:80 - create IPUIPlugin
2025-07-03 18:50:06,091 [INFO] IPUIPlugin:80 - create IPUIPlugin
2025-07-03 18:50:06,091 [INFO] IPUIPlugin:80 - create IPUIPlugin
2025-07-03 18:50:06,091 [INFO] IPUIPlugin:80 - create IPUIPlugin
2025-07-03 18:50:06,091 [INFO] IPUIPlugin:80 - create IPUIPlugin
2025-07-03 18:50:06,091 [INFO] IPUIPlugin:80 - create IPUIPlugin
2025-07-03 18:50:06,091 [INFO] IPUIPlugin:80 - create IPUIPlugin
2025-07-03 18:50:06,091 [INFO] IPUIPlugin:80 - create IPUIPlugin
2025-07-03 18:50:06,091 [INFO] IPUIPlugin:80 - create IPUIPlugin
2025-07-03 18:50:06,092 [INFO] IPUIPlugin:80 - create IPUIPlugin
2025-07-03 18:50:06,092 [INFO] IPUIPlugin:80 - create IPUIPlugin
2025-07-03 18:50:06,092 [INFO] IPUIPlugin:80 - create IPUIPlugin
2025-07-03 18:50:06,092 [INFO] IPUIPlugin:80 - create IPUIPlugin
2025-07-03 18:50:06,092 [INFO] IPUIPlugin:80 - create IPUIPlugin
2025-07-03 18:50:06,092 [INFO] IPUIPlugin:80 - create IPUIPlugin
2025-07-03 18:50:06,092 [INFO] IPUIPlugin:80 - create IPUIPlugin
2025-07-03 18:50:06,092 [INFO] IPUIPlugin:80 - create IPUIPlugin
2025-07-03 18:50:06,092 [INFO] IPUIPlugin:80 - create IPUIPlugin
2025-07-03 18:50:06,092 [INFO] IPUIPlugin:80 - create IPUIPlugin
2025-07-03 18:50:06,093 [INFO] IPUIPlugin:80 - create IPUIPlugin
2025-07-03 18:50:06,093 [INFO] IPUIPlugin:80 - create IPUIPlugin
2025-07-03 18:50:06,093 [INFO] IPUIPlugin:80 - create IPUIPlugin
2025-07-03 18:50:06,093 [INFO] IPUIPlugin:80 - create IPUIPlugin
2025-07-03 18:50:06,093 [INFO] IPUIPlugin:80 - create IPUIPlugin
2025-07-03 18:50:06,093 [INFO] IPUIPlugin:80 - create IPUIPlugin
2025-07-03 18:50:06,093 [INFO] IPUIPlugin:80 - create IPUIPlugin
2025-07-03 18:50:06,093 [INFO] IPUIPlugin:80 - create IPUIPlugin
2025-07-03 18:50:06,093 [INFO] IPUIPlugin:80 - create IPUIPlugin
2025-07-03 18:50:06,093 [INFO] IPUIPlugin:80 - create IPUIPlugin
2025-07-03 18:50:06,094 [INFO] IPUIPlugin:80 - create IPUIPlugin
2025-07-03 18:50:06,094 [INFO] IPUIPlugin:80 - create IPUIPlugin
2025-07-03 18:50:06,117 [INFO] ApiDbMcu:508 - Load IP Config File for PDM2PCM
2025-07-03 18:50:06,121 [WARN] IP:2250 - I2C_Coeff_DF not found: check if there is a RefParameter without a condition.
2025-07-03 18:50:06,121 [WARN] IP:2250 - Analog_Filter not found: check if there is a RefParameter without a condition.
2025-07-03 18:50:06,229 [INFO] CADModel:165 - CPN selected for project levelSTM32F411CEU6
2025-07-03 18:50:06,229 [INFO] CADModel:114 - Register for checkConnection events
2025-07-03 18:50:06,267 [INFO] OpenFileManager:385 - Restore cursor
2025-07-03 18:50:06,414 [WARN] IP:2250 - I2C_Coeff_DF not found: check if there is a RefParameter without a condition.
2025-07-03 18:50:06,414 [WARN] IP:2250 - Analog_Filter not found: check if there is a RefParameter without a condition.
2025-07-03 18:50:06,414 [WARN] IP:2250 - I2C_Coeff_DF not found: check if there is a RefParameter without a condition.
2025-07-03 18:50:06,414 [WARN] IP:2250 - Analog_Filter not found: check if there is a RefParameter without a condition.
2025-07-03 18:52:25,752 [INFO] DmaTabbedPanel:205 - Cannot restore the selected Tab for DMA
2025-07-03 18:52:42,509 [INFO] NvicIntPanel:101 - NVIC parent = com.st.microxplorer.plugins.ip.nvic.MultiNvicIntPanel[,0,0,737x370,layout=javax.swing.BoxLayout,alignmentX=0.0,alignmentY=0.0,border=,flags=9,maximumSize=,minimumSize=,preferredSize=]
2025-07-03 18:52:56,729 [INFO] Gpio:277 - dependency for GPIO [I2C1, RCC, SPI1, SYS, TIM1, TIM2, USART1]
2025-07-03 18:52:57,304 [INFO] DmaTabbedPanel:205 - Cannot restore the selected Tab for DMA
2025-07-03 18:53:10,033 [WARN] IP:2250 - I2C_Coeff_DF not found: check if there is a RefParameter without a condition.
2025-07-03 18:53:10,033 [WARN] IP:2250 - Analog_Filter not found: check if there is a RefParameter without a condition.
2025-07-03 18:53:10,033 [WARN] IP:2250 - I2C_Coeff_DF not found: check if there is a RefParameter without a condition.
2025-07-03 18:53:10,033 [WARN] IP:2250 - Analog_Filter not found: check if there is a RefParameter without a condition.
2025-07-03 18:53:10,066 [INFO] NvicIntPanel:101 - NVIC parent = com.st.microxplorer.plugins.ip.nvic.MultiNvicIntPanel[,0,0,0x0,invalid,layout=javax.swing.BoxLayout,alignmentX=0.0,alignmentY=0.0,border=,flags=9,maximumSize=,minimumSize=,preferredSize=]
2025-07-03 18:53:19,397 [WARN] IP:2250 - I2C_Coeff_DF not found: check if there is a RefParameter without a condition.
2025-07-03 18:53:19,397 [WARN] IP:2250 - Analog_Filter not found: check if there is a RefParameter without a condition.
2025-07-03 18:53:19,398 [WARN] IP:2250 - I2C_Coeff_DF not found: check if there is a RefParameter without a condition.
2025-07-03 18:53:19,398 [WARN] IP:2250 - Analog_Filter not found: check if there is a RefParameter without a condition.
2025-07-03 18:53:19,430 [INFO] NvicIntPanel:101 - NVIC parent = com.st.microxplorer.plugins.ip.nvic.MultiNvicIntPanel[,0,0,0x0,invalid,layout=javax.swing.BoxLayout,alignmentX=0.0,alignmentY=0.0,border=,flags=9,maximumSize=,minimumSize=,preferredSize=]
2025-07-03 18:53:32,123 [WARN] IP:2250 - I2C_Coeff_DF not found: check if there is a RefParameter without a condition.
2025-07-03 18:53:32,123 [WARN] IP:2250 - Analog_Filter not found: check if there is a RefParameter without a condition.
2025-07-03 18:53:32,124 [WARN] IP:2250 - I2C_Coeff_DF not found: check if there is a RefParameter without a condition.
2025-07-03 18:53:32,124 [WARN] IP:2250 - Analog_Filter not found: check if there is a RefParameter without a condition.
2025-07-03 18:53:33,651 [WARN] IP:2250 - I2C_Coeff_DF not found: check if there is a RefParameter without a condition.
2025-07-03 18:53:33,651 [WARN] IP:2250 - Analog_Filter not found: check if there is a RefParameter without a condition.
2025-07-03 18:53:33,652 [WARN] IP:2250 - I2C_Coeff_DF not found: check if there is a RefParameter without a condition.
2025-07-03 18:53:33,652 [WARN] IP:2250 - Analog_Filter not found: check if there is a RefParameter without a condition.
2025-07-03 18:53:36,892 [WARN] IP:2250 - I2C_Coeff_DF not found: check if there is a RefParameter without a condition.
2025-07-03 18:53:36,892 [WARN] IP:2250 - Analog_Filter not found: check if there is a RefParameter without a condition.
2025-07-03 18:53:36,892 [WARN] IP:2250 - I2C_Coeff_DF not found: check if there is a RefParameter without a condition.
2025-07-03 18:53:36,892 [WARN] IP:2250 - Analog_Filter not found: check if there is a RefParameter without a condition.
2025-07-03 18:53:39,809 [WARN] IP:2250 - I2C_Coeff_DF not found: check if there is a RefParameter without a condition.
2025-07-03 18:53:39,809 [WARN] IP:2250 - Analog_Filter not found: check if there is a RefParameter without a condition.
2025-07-03 18:53:39,810 [WARN] IP:2250 - I2C_Coeff_DF not found: check if there is a RefParameter without a condition.
2025-07-03 18:53:39,810 [WARN] IP:2250 - Analog_Filter not found: check if there is a RefParameter without a condition.
2025-07-03 18:53:39,826 [INFO] NvicIntPanel:101 - NVIC parent = com.st.microxplorer.plugins.ip.nvic.MultiNvicIntPanel[,0,0,0x0,invalid,layout=javax.swing.BoxLayout,alignmentX=0.0,alignmentY=0.0,border=,flags=9,maximumSize=,minimumSize=,preferredSize=]
2025-07-03 18:53:41,272 [WARN] IP:2250 - I2C_Coeff_DF not found: check if there is a RefParameter without a condition.
2025-07-03 18:53:41,272 [WARN] IP:2250 - Analog_Filter not found: check if there is a RefParameter without a condition.
2025-07-03 18:53:41,273 [WARN] IP:2250 - I2C_Coeff_DF not found: check if there is a RefParameter without a condition.
2025-07-03 18:53:41,273 [WARN] IP:2250 - Analog_Filter not found: check if there is a RefParameter without a condition.
2025-07-03 18:53:43,103 [WARN] IP:2250 - I2C_Coeff_DF not found: check if there is a RefParameter without a condition.
2025-07-03 18:53:43,103 [WARN] IP:2250 - Analog_Filter not found: check if there is a RefParameter without a condition.
2025-07-03 18:53:43,103 [WARN] IP:2250 - I2C_Coeff_DF not found: check if there is a RefParameter without a condition.
2025-07-03 18:53:43,103 [WARN] IP:2250 - Analog_Filter not found: check if there is a RefParameter without a condition.
2025-07-03 18:53:46,501 [WARN] IP:2250 - I2C_Coeff_DF not found: check if there is a RefParameter without a condition.
2025-07-03 18:53:46,501 [WARN] IP:2250 - Analog_Filter not found: check if there is a RefParameter without a condition.
2025-07-03 18:53:46,501 [WARN] IP:2250 - I2C_Coeff_DF not found: check if there is a RefParameter without a condition.
2025-07-03 18:53:46,501 [WARN] IP:2250 - Analog_Filter not found: check if there is a RefParameter without a condition.
2025-07-03 18:53:50,737 [WARN] IP:2250 - I2C_Coeff_DF not found: check if there is a RefParameter without a condition.
2025-07-03 18:53:50,737 [WARN] IP:2250 - Analog_Filter not found: check if there is a RefParameter without a condition.
2025-07-03 18:53:50,738 [WARN] IP:2250 - I2C_Coeff_DF not found: check if there is a RefParameter without a condition.
2025-07-03 18:53:50,738 [WARN] IP:2250 - Analog_Filter not found: check if there is a RefParameter without a condition.
2025-07-03 18:53:50,758 [INFO] NvicIntPanel:101 - NVIC parent = com.st.microxplorer.plugins.ip.nvic.MultiNvicIntPanel[,0,0,0x0,invalid,layout=javax.swing.BoxLayout,alignmentX=0.0,alignmentY=0.0,border=,flags=9,maximumSize=,minimumSize=,preferredSize=]
2025-07-03 18:55:49,387 [INFO] DmaTabbedPanel:205 - Cannot restore the selected Tab for DMA
2025-07-03 18:57:06,884 [INFO] UtilMem:75 - End SaveConfig() Used Memory: 598977336 Bytes (702545920)
2025-07-03 18:57:08,015 [INFO] UtilMem:75 - End SaveConfig() Used Memory: 210498712 Bytes (702545920)
2025-07-03 18:57:10,994 [INFO] LogOutputStream:77 - [STDOUT_REDIRECT] This download action requires prior login. To proceed, please use the 'login' command with your my.st.com account email and password.
2025-07-03 18:57:10,994 [INFO] LogOutputStream:77 - [STDOUT_REDIRECT] Run 'login <email> <password> <remember_me>' for example 'login john.smith@st.com mypassword y'.
2025-07-03 18:57:10,994 [INFO] LogOutputStream:77 - [STDOUT_REDIRECT] If you do not have a my.st.com account, please visit https://st.com website to create one.
2025-07-03 19:15:23,962 [ERROR] LogOutputStream:75 - [STDERR_REDIRECT] 
2025-07-03 19:15:29,816 [INFO] Activator:176 - 


2025-07-03 19:15:29,818 [INFO] Activator:177 - !SESSION log4j initialized
2025-07-03 19:15:32,892 [INFO] LogOutputStream:77 - [STDOUT_REDIRECT] 
2025-07-03 19:15:34,225 [INFO] ApplicationProperties:184 - Using Application install path: /home/adrian/st/stm32cubeide_1.18.1/plugins/com.st.stm32cube.common.mx_6.14.1.202504091515
2025-07-03 19:15:34,237 [INFO] DbMcusXml:78 - Set database path to: /home/adrian/st/stm32cubeide_1.18.1/plugins/com.st.stm32cube.common.mx_6.14.1.202504091515//db//mcu/
2025-07-03 19:15:34,237 [INFO] ApiDb:274 - Set plugin database path to: /home/adrian/st/stm32cubeide_1.18.1/plugins/com.st.stm32cube.common.mx_6.14.1.202504091515//db//plugins/boardmanager/
2025-07-03 19:15:34,238 [WARN] ApiDb:259 - Overriding images path with different value:  => /home/adrian/st/stm32cubeide_1.18.1/plugins/com.st.stm32cube.common.mx_6.14.1.202504091515//db//plugins/mcufinder/images/
2025-07-03 19:15:34,240 [INFO] ApiDb:250 - Set database path to: /home/adrian/.stmcufinder/plugins/mcufinder//mcu/
2025-07-03 19:15:34,241 [INFO] DbMcusAds:125 - Set database path to: /home/adrian/.stmcufinder/plugins/mcufinder//mcu/
2025-07-03 19:15:34,242 [INFO] CrossReferenceDbSqlite:203 - Set database path to: /home/adrian/.stmcufinder/plugins/mcufinder//mcu/cs/
2025-07-03 19:15:34,325 [INFO] RulesReader:64 - Compatibility file has been processed (302 Rules)
2025-07-03 19:15:34,369 [INFO] DbMcusXml:78 - Set database path to: /home/adrian/st/stm32cubeide_1.18.1/plugins/com.st.stm32cube.common.mx_6.14.1.202504091515//db//mcu/
2025-07-03 19:15:34,369 [INFO] ApiDb:274 - Set plugin database path to: /home/adrian/st/stm32cubeide_1.18.1/plugins/com.st.stm32cube.common.mx_6.14.1.202504091515//db//plugins/boardmanager/
2025-07-03 19:15:34,369 [INFO] ApiDb:261 - Set plugin images path to: /home/adrian/st/stm32cubeide_1.18.1/plugins/com.st.stm32cube.common.mx_6.14.1.202504091515//db//plugins/mcufinder/images/
2025-07-03 19:15:34,369 [WARN] DbFile:41 - Overriding database path with different value: /home/adrian/.stmcufinder/plugins/mcufinder/ => /home/adrian/.stmcufinder/plugins/mcufinder
2025-07-03 19:15:34,369 [INFO] ApiDb:250 - Set database path to: /home/adrian/.stmcufinder/plugins/mcufinder//mcu/
2025-07-03 19:15:34,369 [WARN] DbFile:41 - Overriding database path with different value: /home/adrian/.stmcufinder/plugins/mcufinder/ => /home/adrian/.stmcufinder/plugins/mcufinder
2025-07-03 19:15:34,370 [INFO] DbMcusAds:125 - Set database path to: /home/adrian/.stmcufinder/plugins/mcufinder//mcu/
2025-07-03 19:15:34,370 [WARN] DbFile:41 - Overriding database path with different value: /home/adrian/.stmcufinder/plugins/mcufinder/ => /home/adrian/.stmcufinder/plugins/mcufinder
2025-07-03 19:15:34,370 [WARN] DbFile:41 - Overriding database path with different value: /home/adrian/.stmcufinder/plugins/mcufinder/ => /home/adrian/.stmcufinder/plugins/mcufinder
2025-07-03 19:15:34,370 [INFO] CrossReferenceDbSqlite:203 - Set database path to: /home/adrian/.stmcufinder/plugins/mcufinder//mcu/cs/
2025-07-03 19:15:34,414 [INFO] MainPanel:272 - HeapMemory: 268435456
2025-07-03 19:15:34,491 [INFO] DbMcusXml:78 - Set database path to: /home/adrian/st/stm32cubeide_1.18.1/plugins/com.st.stm32cube.common.mx_6.14.1.202504091515//db//mcu/
2025-07-03 19:15:34,491 [INFO] ApiDb:274 - Set plugin database path to: /home/adrian/st/stm32cubeide_1.18.1/plugins/com.st.stm32cube.common.mx_6.14.1.202504091515//db//plugins/boardmanager/
2025-07-03 19:15:34,491 [INFO] ApiDb:261 - Set plugin images path to: /home/adrian/st/stm32cubeide_1.18.1/plugins/com.st.stm32cube.common.mx_6.14.1.202504091515//db//plugins/mcufinder/images/
2025-07-03 19:15:34,491 [WARN] DbFile:41 - Overriding database path with different value: /home/adrian/.stmcufinder/plugins/mcufinder/ => /home/adrian/.stmcufinder/plugins/mcufinder
2025-07-03 19:15:34,492 [INFO] ApiDb:250 - Set database path to: /home/adrian/.stmcufinder/plugins/mcufinder//mcu/
2025-07-03 19:15:34,492 [WARN] DbFile:41 - Overriding database path with different value: /home/adrian/.stmcufinder/plugins/mcufinder/ => /home/adrian/.stmcufinder/plugins/mcufinder
2025-07-03 19:15:34,492 [INFO] DbMcusAds:125 - Set database path to: /home/adrian/.stmcufinder/plugins/mcufinder//mcu/
2025-07-03 19:15:34,492 [WARN] DbFile:41 - Overriding database path with different value: /home/adrian/.stmcufinder/plugins/mcufinder/ => /home/adrian/.stmcufinder/plugins/mcufinder
2025-07-03 19:15:34,492 [WARN] DbFile:41 - Overriding database path with different value: /home/adrian/.stmcufinder/plugins/mcufinder/ => /home/adrian/.stmcufinder/plugins/mcufinder
2025-07-03 19:15:34,492 [INFO] CrossReferenceDbSqlite:203 - Set database path to: /home/adrian/.stmcufinder/plugins/mcufinder//mcu/cs/
2025-07-03 19:15:34,503 [INFO] ApplicationProperties:184 - Using Application install path: /home/adrian/st/stm32cubeide_1.18.1/plugins/com.st.stm32cube.common.mx_6.14.1.202504091515
2025-07-03 19:15:34,504 [INFO] PluginManage:196 - Search for loadable plugins [exclusion list=, ]
2025-07-03 19:15:34,505 [INFO] PluginManage:310 - Check plugin analytics
2025-07-03 19:15:34,607 [INFO] AnalyticsPlugin:253 - Accepted Software Licenses: 
2025-07-03 19:15:34,607 [INFO] AnalyticsPlugin:255 - Accepted CMSIS Pack Licenses: 
2025-07-03 19:15:34,608 [INFO] AnalyticsPlugin:257 - Accepted Firmware Licenses: 
2025-07-03 19:15:34,609 [INFO] PluginManage:359 - Loaded plugin analytics (category:tool,tabindex:-1)
2025-07-03 19:15:34,609 [INFO] PluginManage:310 - Check plugin cadmodel
2025-07-03 19:15:34,612 [INFO] CADModel:105 - Init CAD model plugin
2025-07-03 19:15:34,612 [INFO] PluginManage:359 - Loaded plugin cadmodel (category:power,tabindex:5)
2025-07-03 19:15:34,612 [INFO] PluginManage:310 - Check plugin clock
2025-07-03 19:15:34,617 [INFO] PluginManage:359 - Loaded plugin clock (category:base,tabindex:2)
2025-07-03 19:15:34,618 [INFO] PluginManage:310 - Check plugin ddr
2025-07-03 19:15:34,619 [INFO] PluginManage:359 - Loaded plugin ddr (category:tool,tabindex:6)
2025-07-03 19:15:34,619 [INFO] PluginManage:310 - Check plugin filemanager
2025-07-03 19:15:34,712 [INFO] PluginManage:359 - Loaded plugin filemanager (category:base,tabindex:10)
2025-07-03 19:15:34,712 [INFO] PluginManage:310 - Check plugin ipmanager
2025-07-03 19:15:34,716 [INFO] PluginManage:359 - Loaded plugin ipmanager (category:base,tabindex:5)
2025-07-03 19:15:34,716 [INFO] PluginManage:310 - Check plugin lpbam
2025-07-03 19:15:34,722 [INFO] PluginManage:359 - Loaded plugin lpbam (category:base,tabindex:0)
2025-07-03 19:15:34,722 [INFO] PluginManage:310 - Check plugin memorymap
2025-07-03 19:15:34,731 [INFO] PluginManage:359 - Loaded plugin memorymap (category:base,tabindex:4)
2025-07-03 19:15:34,732 [INFO] PluginManage:310 - Check plugin pinoutandconfiguration
2025-07-03 19:15:34,738 [INFO] PluginManage:359 - Loaded plugin pinoutandconfiguration (category:base,tabindex:1)
2025-07-03 19:15:34,738 [INFO] PluginManage:310 - Check plugin pinoutconfig
2025-07-03 19:15:34,799 [WARN] SupportedApi:132 - Cannot load RTOS API schema: s4s-elt-must-match.1: The content of 'definitions' must match (annotation?, (simpleType | complexType)?, (unique | key | keyref)*)). A problem was found starting at: attribute.
2025-07-03 19:15:34,882 [INFO] PluginManage:359 - Loaded plugin pinoutconfig (category:base,tabindex:0)
2025-07-03 19:15:34,882 [INFO] PluginManage:310 - Check plugin power
2025-07-03 19:15:34,887 [INFO] PluginManage:359 - Loaded plugin power (category:power,tabindex:4)
2025-07-03 19:15:34,887 [INFO] PluginManage:310 - Check plugin projectmanager
2025-07-03 19:15:34,898 [INFO] PluginManage:359 - Loaded plugin projectmanager (category:projectmanager,tabindex:4)
2025-07-03 19:15:34,898 [INFO] PluginManage:310 - Check plugin rif
2025-07-03 19:15:34,903 [INFO] PluginManage:359 - Loaded plugin rif (category:base,tabindex:3)
2025-07-03 19:15:34,903 [INFO] PluginManage:310 - Check plugin thirdparty
2025-07-03 19:15:34,975 [INFO] PluginManage:359 - Loaded plugin thirdparty (category:base,tabindex:-1)
2025-07-03 19:15:34,975 [WARN] IntegrityCheckThread:84 - waiting for thirdparty lock release [integrity check]
2025-07-03 19:15:34,976 [INFO] PluginManage:310 - Check plugin tools
2025-07-03 19:15:34,976 [INFO] IntegrityCheckThread:86 - entering critical section [integrity check]
2025-07-03 19:15:34,976 [INFO] ThirdPartyUpdaterWithRetryManager:70 - Updater plugin not ready yet. [1/15]
2025-07-03 19:15:34,977 [INFO] PluginManage:359 - Loaded plugin tools (category:base,tabindex:7)
2025-07-03 19:15:34,977 [INFO] PluginManage:310 - Check plugin tutovideos
2025-07-03 19:15:35,082 [INFO] PluginManage:359 - Loaded plugin tutovideos (category:base,tabindex:-1)
2025-07-03 19:15:35,082 [INFO] PluginManage:310 - Check plugin updater
2025-07-03 19:15:35,097 [INFO] PluginManage:359 - Loaded plugin updater (category:base,tabindex:12)
2025-07-03 19:15:35,097 [INFO] PluginManage:310 - Check plugin userauth
2025-07-03 19:15:35,100 [INFO] UserAuth:118 - Init User Auth plugin
2025-07-03 19:15:35,100 [INFO] PluginManage:359 - Loaded plugin userauth (category:base,tabindex:14)
2025-07-03 19:15:35,101 [INFO] PluginManage:283 - PluginManage : Loaded plugins [18]
2025-07-03 19:15:35,222 [INFO] PinOutPanel:1589 - setPackage(No Configuration,No Configuration)
2025-07-03 19:15:35,262 [INFO] CADModel:165 - CPN selected for project level
2025-07-03 19:15:35,262 [INFO] CADModel:114 - Register for checkConnection events
2025-07-03 19:15:35,269 [INFO] IPUIPlugin:80 - create IPUIPlugin
2025-07-03 19:15:35,269 [INFO] PluginManager:220 - loadIPPluginJar : add lorawan
2025-07-03 19:15:35,272 [INFO] IPUIPlugin:80 - create IPUIPlugin
2025-07-03 19:15:35,272 [INFO] PluginManager:220 - loadIPPluginJar : add freertos
2025-07-03 19:15:35,273 [INFO] IPUIPlugin:80 - create IPUIPlugin
2025-07-03 19:15:35,273 [INFO] PluginManager:220 - loadIPPluginJar : add gtzc
2025-07-03 19:15:35,274 [INFO] IPUIPlugin:80 - create IPUIPlugin
2025-07-03 19:15:35,274 [INFO] PluginManager:220 - loadIPPluginJar : add dfsdm
2025-07-03 19:15:35,275 [INFO] IPUIPlugin:80 - create IPUIPlugin
2025-07-03 19:15:35,275 [INFO] PluginManager:220 - loadIPPluginJar : add tim
2025-07-03 19:15:35,276 [INFO] IPUIPlugin:80 - create IPUIPlugin
2025-07-03 19:15:35,276 [INFO] PluginManager:220 - loadIPPluginJar : add openamp
2025-07-03 19:15:35,277 [INFO] IPUIPlugin:80 - create IPUIPlugin
2025-07-03 19:15:35,277 [INFO] PluginManager:220 - loadIPPluginJar : add tsc
2025-07-03 19:15:35,278 [INFO] IPUIPlugin:80 - create IPUIPlugin
2025-07-03 19:15:35,278 [INFO] PluginManager:220 - loadIPPluginJar : add i2c
2025-07-03 19:15:35,279 [INFO] IPUIPlugin:80 - create IPUIPlugin
2025-07-03 19:15:35,279 [INFO] PluginManager:220 - loadIPPluginJar : add i2s
2025-07-03 19:15:35,280 [INFO] IPUIPlugin:80 - create IPUIPlugin
2025-07-03 19:15:35,280 [INFO] PluginManager:220 - loadIPPluginJar : add can
2025-07-03 19:15:35,284 [INFO] IPUIPlugin:80 - create IPUIPlugin
2025-07-03 19:15:35,285 [INFO] PluginManager:220 - loadIPPluginJar : add linkedlist
2025-07-03 19:15:35,286 [INFO] IPUIPlugin:80 - create IPUIPlugin
2025-07-03 19:15:35,286 [INFO] PluginManager:220 - loadIPPluginJar : add touchsensing
2025-07-03 19:15:35,287 [INFO] IPUIPlugin:80 - create IPUIPlugin
2025-07-03 19:15:35,287 [INFO] PluginManager:220 - loadIPPluginJar : add pdm2pcm
2025-07-03 19:15:35,289 [INFO] IPUIPlugin:80 - create IPUIPlugin
2025-07-03 19:15:35,289 [INFO] PluginManager:220 - loadIPPluginJar : add gpio
2025-07-03 19:15:35,293 [INFO] IPUIPlugin:80 - create IPUIPlugin
2025-07-03 19:15:35,293 [INFO] PluginManager:220 - loadIPPluginJar : add stm32_wpan
2025-07-03 19:15:35,294 [INFO] IPUIPlugin:80 - create IPUIPlugin
2025-07-03 19:15:35,294 [INFO] PluginManager:220 - loadIPPluginJar : add fatfs
2025-07-03 19:15:35,295 [INFO] IPUIPlugin:80 - create IPUIPlugin
2025-07-03 19:15:35,295 [INFO] PluginManager:220 - loadIPPluginJar : add aes
2025-07-03 19:15:35,297 [INFO] IPUIPlugin:80 - create IPUIPlugin
2025-07-03 19:15:35,297 [INFO] PluginManager:220 - loadIPPluginJar : add opamp
2025-07-03 19:15:35,297 [INFO] IPUIPlugin:80 - create IPUIPlugin
2025-07-03 19:15:35,298 [INFO] PluginManager:220 - loadIPPluginJar : add comp
2025-07-03 19:15:35,298 [INFO] IPUIPlugin:80 - create IPUIPlugin
2025-07-03 19:15:35,298 [INFO] PluginManager:220 - loadIPPluginJar : add genericplugin
2025-07-03 19:15:35,300 [INFO] IPUIPlugin:80 - create IPUIPlugin
2025-07-03 19:15:35,300 [INFO] PluginManager:220 - loadIPPluginJar : add ddr_ctrl_phy
2025-07-03 19:15:35,301 [INFO] IPUIPlugin:80 - create IPUIPlugin
2025-07-03 19:15:35,301 [INFO] PluginManager:220 - loadIPPluginJar : add usart
2025-07-03 19:15:35,304 [INFO] IPUIPlugin:80 - create IPUIPlugin
2025-07-03 19:15:35,304 [INFO] PluginManager:220 - loadIPPluginJar : add mdma
2025-07-03 19:15:35,305 [INFO] IPUIPlugin:80 - create IPUIPlugin
2025-07-03 19:15:35,305 [INFO] PluginManager:220 - loadIPPluginJar : add tracer_emb
2025-07-03 19:15:35,306 [INFO] IPUIPlugin:80 - create IPUIPlugin
2025-07-03 19:15:35,306 [INFO] PluginManager:220 - loadIPPluginJar : add usbx
2025-07-03 19:15:35,309 [INFO] IPUIPlugin:80 - create IPUIPlugin
2025-07-03 19:15:35,311 [INFO] PluginManager:220 - loadIPPluginJar : add plateformsettings
2025-07-03 19:15:35,312 [INFO] IPUIPlugin:80 - create IPUIPlugin
2025-07-03 19:15:35,312 [INFO] PluginManager:220 - loadIPPluginJar : add quadspi
2025-07-03 19:15:35,314 [INFO] IPUIPlugin:80 - create IPUIPlugin
2025-07-03 19:15:35,314 [INFO] PluginManager:220 - loadIPPluginJar : add resmgrutility
2025-07-03 19:15:35,317 [INFO] IPUIPlugin:80 - create IPUIPlugin
2025-07-03 19:15:35,317 [INFO] PluginManager:220 - loadIPPluginJar : add gic
2025-07-03 19:15:35,318 [INFO] IPUIPlugin:80 - create IPUIPlugin
2025-07-03 19:15:35,318 [INFO] PluginManager:220 - loadIPPluginJar : add radio
2025-07-03 19:15:35,320 [INFO] IPUIPlugin:80 - create IPUIPlugin
2025-07-03 19:15:35,320 [INFO] PluginManager:220 - loadIPPluginJar : add ipddr
2025-07-03 19:15:35,321 [INFO] IPUIPlugin:80 - create IPUIPlugin
2025-07-03 19:15:35,321 [INFO] PluginManager:220 - loadIPPluginJar : add hash
2025-07-03 19:15:35,322 [INFO] IPUIPlugin:80 - create IPUIPlugin
2025-07-03 19:15:35,322 [INFO] PluginManager:220 - loadIPPluginJar : add gfxmmu
2025-07-03 19:15:35,324 [INFO] IPUIPlugin:80 - create IPUIPlugin
2025-07-03 19:15:35,324 [INFO] PluginManager:220 - loadIPPluginJar : add fmc
2025-07-03 19:15:35,324 [INFO] IPUIPlugin:80 - create IPUIPlugin
2025-07-03 19:15:35,324 [INFO] PluginManager:220 - loadIPPluginJar : add spi
2025-07-03 19:15:35,325 [INFO] IPUIPlugin:80 - create IPUIPlugin
2025-07-03 19:15:35,325 [INFO] PluginManager:220 - loadIPPluginJar : add dma3
2025-07-03 19:15:35,326 [INFO] IPUIPlugin:80 - create IPUIPlugin
2025-07-03 19:15:35,326 [INFO] PluginManager:220 - loadIPPluginJar : add ltdc
2025-07-03 19:15:35,327 [INFO] IPUIPlugin:80 - create IPUIPlugin
2025-07-03 19:15:35,327 [INFO] PluginManager:220 - loadIPPluginJar : add extmemmanager
2025-07-03 19:15:35,328 [INFO] IPUIPlugin:80 - create IPUIPlugin
2025-07-03 19:15:35,328 [INFO] PluginManager:220 - loadIPPluginJar : add ucpd
2025-07-03 19:15:35,332 [INFO] IPUIPlugin:80 - create IPUIPlugin
2025-07-03 19:15:35,332 [INFO] PluginManager:220 - loadIPPluginJar : add dma
2025-07-03 19:15:35,332 [INFO] IPUIPlugin:80 - create IPUIPlugin
2025-07-03 19:15:35,333 [INFO] PluginManager:220 - loadIPPluginJar : add ts
2025-07-03 19:15:35,336 [INFO] IPUIPlugin:80 - create IPUIPlugin
2025-07-03 19:15:35,336 [INFO] PluginManager:220 - loadIPPluginJar : add adc
2025-07-03 19:15:35,337 [INFO] IPUIPlugin:80 - create IPUIPlugin
2025-07-03 19:15:35,337 [INFO] PluginManager:220 - loadIPPluginJar : add i3c
2025-07-03 19:15:35,338 [INFO] IPUIPlugin:80 - create IPUIPlugin
2025-07-03 19:15:35,338 [INFO] PluginManager:220 - loadIPPluginJar : add sai
2025-07-03 19:15:35,339 [INFO] IPUIPlugin:80 - create IPUIPlugin
2025-07-03 19:15:35,339 [INFO] PluginManager:220 - loadIPPluginJar : add cryp
2025-07-03 19:15:35,341 [INFO] IPUIPlugin:80 - create IPUIPlugin
2025-07-03 19:15:35,341 [INFO] PluginManager:220 - loadIPPluginJar : add nvic
2025-07-03 19:15:35,433 [FATAL] Updater:351 - Updater called before beeing initialized
2025-07-03 19:15:35,449 [INFO] RulesReader:64 - Compatibility file has been processed (302 Rules)
2025-07-03 19:15:35,456 [INFO] RulesReader:64 - Compatibility file has been processed (302 Rules)
2025-07-03 19:15:35,462 [INFO] CADModel:165 - CPN selected for project level
2025-07-03 19:15:35,462 [INFO] CADModel:114 - Register for checkConnection events
2025-07-03 19:15:35,463 [FATAL] Updater:351 - Updater called before beeing initialized
2025-07-03 19:15:35,463 [ERROR] CADModel:125 - Updater not yet initialized, retry later 
2025-07-03 19:15:35,545 [FATAL] Updater:351 - Updater called before beeing initialized
2025-07-03 19:15:35,546 [INFO] CADModel:165 - CPN selected for project level
2025-07-03 19:15:35,546 [INFO] CADModel:114 - Register for checkConnection events
2025-07-03 19:15:35,547 [FATAL] Updater:351 - Updater called before beeing initialized
2025-07-03 19:15:35,547 [ERROR] CADModel:125 - Updater not yet initialized, retry later 
2025-07-03 19:15:35,549 [FATAL] Updater:351 - Updater called before beeing initialized
2025-07-03 19:15:35,617 [FATAL] Updater:351 - Updater called before beeing initialized
2025-07-03 19:15:35,620 [INFO] DbMcusAds:53 - JSON generation date=Thu Sep 30 01:55:09 CDT 2021 (1632984909247)
2025-07-03 19:15:35,621 [FATAL] Updater:351 - Updater called before beeing initialized
2025-07-03 19:15:35,645 [WARN] DetailPanel:346 - Failed to get advertising image, set to default
2025-07-03 19:15:35,849 [FATAL] Updater:351 - Updater called before beeing initialized
2025-07-03 19:15:35,850 [FATAL] Updater:351 - Updater called before beeing initialized
2025-07-03 19:15:35,850 [FATAL] Updater:351 - Updater called before beeing initialized
2025-07-03 19:15:35,851 [WARN] DetailPanel:346 - Failed to get advertising image, set to default
2025-07-03 19:15:35,851 [FATAL] Updater:351 - Updater called before beeing initialized
2025-07-03 19:15:35,874 [ERROR] Updater:1198 - MainUpdater not yet initialized. External WinMGr cannot be set.
2025-07-03 19:15:35,875 [INFO] Updater:1134 - Updater Version found : 6.14.1
2025-07-03 19:15:35,888 [INFO] ApplicationProperties:184 - Using Application install path: /home/adrian/st/stm32cubeide_1.18.1/plugins/com.st.stm32cube.common.mx_6.14.1.202504091515
2025-07-03 19:15:36,204 [INFO] MainUpdater:2872 - connection check result : 10
2025-07-03 19:15:36,205 [INFO] MainUpdater:289 - Updater Check For Update Now.
2025-07-03 19:15:36,205 [INFO] MicroXplorer:498 - Change Database Version : DB.6.0.141
2025-07-03 19:15:36,208 [INFO] McuFinderGlobals:63 - Set McuFinder mode to 2 (CubeIDE integrated)
2025-07-03 19:15:36,208 [INFO] UserAuth:171 - activating auth plugin
2025-07-03 19:15:36,210 [INFO] UserAuth:484 - Internet connection configuration mode: 1
2025-07-03 19:15:36,220 [INFO] JxBrowserEngine:152 - Initiate JxBrowser Engine with user profile folder
2025-07-03 19:15:36,354 [INFO] CheckServerUpdateThread:120 - End of CheckServer Thread
2025-07-03 19:15:36,656 [INFO] WebApp:169 - Instantiating new browser for Auth
2025-07-03 19:15:37,127 [INFO] WebApp:463 - Apply proxy settings
2025-07-03 19:15:37,128 [INFO] WebApp:548 - Chromium requires no authentication
2025-07-03 19:15:37,132 [INFO] WebApp:491 - Direct internet connection detected
2025-07-03 19:15:37,143 [INFO] WebApp:894 - Register for checkConnection events
2025-07-03 19:15:37,143 [INFO] WebApp:463 - Apply proxy settings
2025-07-03 19:15:37,143 [INFO] WebApp:548 - Chromium requires no authentication
2025-07-03 19:15:37,144 [INFO] WebApp:491 - Direct internet connection detected
2025-07-03 19:15:37,240 [INFO] WebApp:225 - Starting web application
2025-07-03 19:15:37,240 [INFO] WebApp:593 - Web application path used /home/adrian/st/stm32cubeide_1.18.1/plugins/com.st.stm32cube.common.mx_6.14.1.202504091515/db/plugins/mcufinder/reactClient1/index.html
2025-07-03 19:15:37,417 [INFO] WebApp:191 - Connection restablished
2025-07-03 19:15:38,043 [WARN] PackLoader:240 - Cannot read IP mode file for STMicroelectronics.FP-SNS-MOTENVWB1.1.4.0
2025-07-03 19:15:38,048 [WARN] PackLoader:240 - Cannot read IP mode file for STMicroelectronics.FP-ATR-ASTRA1.2.0.2
2025-07-03 19:15:38,053 [WARN] PackLoader:240 - Cannot read IP mode file for STMicroelectronics.X-CUBE-SMBUS.2.1.0
2025-07-03 19:15:38,056 [WARN] PackLoader:240 - Cannot read IP mode file for STMicroelectronics.X-CUBE-ST60.1.0.0
2025-07-03 19:15:38,079 [WARN] PackLoader:240 - Cannot read IP mode file for STMicroelectronics.X-CUBE-AZRTOS-F7.1.1.0
2025-07-03 19:15:38,102 [WARN] PackLoader:240 - Cannot read IP mode file for Infineon.AIROC-Wi-Fi-Bluetooth-STM32.1.7.0
2025-07-03 19:15:38,113 [WARN] PackLoader:240 - Cannot read IP mode file for STMicroelectronics.X-CUBE-DISPLAY.3.0.0
2025-07-03 19:15:38,123 [WARN] PackLoader:240 - Cannot read IP mode file for STMicroelectronics.X-CUBE-NFC10.1.0.0
2025-07-03 19:15:38,131 [WARN] PackLoader:240 - Cannot read IP mode file for STMicroelectronics.X-CUBE-BLEMGR.4.0.0
2025-07-03 19:15:38,137 [WARN] PackLoader:240 - Cannot read IP mode file for emotas.I-CUBE-CANOPEN.1.3.0
2025-07-03 19:15:38,139 [WARN] ConditionMgr:438 - getConditionDescription Invalid condition id : Cortex-A Device cause : null
2025-07-03 19:15:38,147 [WARN] ConditionMgr:1044 - genDependencies : Invalid condition id : Cortex-A Device cause : null
2025-07-03 19:15:38,148 [WARN] ConditionMgr:1044 - genDependencies : Invalid condition id : Cortex-A Device cause : null
2025-07-03 19:15:38,148 [WARN] ConditionMgr:1044 - genDependencies : Invalid condition id : Cortex-A Device cause : null
2025-07-03 19:15:38,151 [WARN] PackLoader:240 - Cannot read IP mode file for STMicroelectronics.FP-SNS-SMARTAG2.1.2.0
2025-07-03 19:15:38,153 [WARN] PackLoader:240 - Cannot read IP mode file for STMicroelectronics.FP-SNS-FLIGHT1.5.1.0
2025-07-03 19:15:38,159 [INFO] LogOutputStream:77 - [STDOUT_REDIRECT] 1 : Invalid condition id : UX_CORESTACK_Condition cause : null
2025-07-03 19:15:38,160 [INFO] LogOutputStream:77 - [STDOUT_REDIRECT] 1 : Invalid condition id : UX_CORESTACK_Condition cause : null
2025-07-03 19:15:38,160 [INFO] LogOutputStream:77 - [STDOUT_REDIRECT] 1 : Invalid condition id : UX_CORESTACK_Condition cause : null
2025-07-03 19:15:38,160 [INFO] LogOutputStream:77 - [STDOUT_REDIRECT] 1 : Invalid condition id : UX_CORESTACK_Condition cause : null
2025-07-03 19:15:38,160 [INFO] LogOutputStream:77 - [STDOUT_REDIRECT] 1 : Invalid condition id : UX_CORESTACK_Condition cause : null
2025-07-03 19:15:38,163 [WARN] PackLoader:240 - Cannot read IP mode file for STMicroelectronics.X-CUBE-AZRTOS-WL.2.0.0
2025-07-03 19:15:38,167 [WARN] PackLoader:240 - Cannot read IP mode file for STMicroelectronics.FP-SNS-MOTENV1.5.0.0
2025-07-03 19:15:38,172 [WARN] PackLoader:240 - Cannot read IP mode file for WES.I-CUBE-Cesium.1.3.0
2025-07-03 19:15:38,175 [WARN] PackLoader:240 - Cannot read IP mode file for STMicroelectronics.X-CUBE-BLE2.3.3.0
2025-07-03 19:15:38,178 [WARN] PackLoader:240 - Cannot read IP mode file for STMicroelectronics.X-CUBE-NFC9.1.0.0
2025-07-03 19:15:38,191 [WARN] PackLoader:240 - Cannot read IP mode file for wolfSSL.I-CUBE-wolfSSL.5.8.0
2025-07-03 19:15:38,194 [WARN] PackLoader:240 - Cannot read IP mode file for STMicroelectronics.X-CUBE-BLE1.7.1.0
2025-07-03 19:15:38,197 [WARN] PackLoader:240 - Cannot read IP mode file for wolfSSL.I-CUBE-wolfMQTT.1.19.2
2025-07-03 19:15:38,200 [WARN] PackLoader:240 - Cannot read IP mode file for STMicroelectronics.X-CUBE-AI.10.1.0
2025-07-03 19:15:38,214 [WARN] PackLoader:240 - Cannot read IP mode file for STMicroelectronics.X-CUBE-AZRTOS-G0.1.1.0
2025-07-03 19:15:38,223 [WARN] PackLoader:240 - Cannot read IP mode file for STMicroelectronics.X-CUBE-SAFEA1.1.2.2
2025-07-03 19:15:38,229 [WARN] PackLoader:240 - Cannot read IP mode file for STMicroelectronics.X-CUBE-NFC4.3.0.0
2025-07-03 19:15:38,253 [WARN] PackLoader:240 - Cannot read IP mode file for EmbeddedOffice.I-CUBE-FS-RTOS.1.0.1
2025-07-03 19:15:38,260 [WARN] PackLoader:240 - Cannot read IP mode file for STMicroelectronics.X-CUBE-WB05N.2.0.0
2025-07-03 19:15:38,264 [WARN] PackLoader:240 - Cannot read IP mode file for wolfSSL.I-CUBE-wolfTPM.3.8.0
2025-07-03 19:15:38,267 [WARN] PackLoader:240 - Cannot read IP mode file for STMicroelectronics.X-CUBE-TCPP.4.2.0
2025-07-03 19:15:38,272 [WARN] PackLoader:240 - Cannot read IP mode file for RealThread.X-CUBE-RT-Thread_Nano.4.1.1
2025-07-03 19:15:38,274 [WARN] PackLoader:240 - Cannot read IP mode file for STMicroelectronics.FP-ATR-SIGFOX1.3.2.0
2025-07-03 19:15:38,277 [WARN] PackLoader:240 - Cannot read IP mode file for STMicroelectronics.X-CUBE-EEPRMA1.5.1.0
2025-07-03 19:15:38,281 [WARN] PackLoader:240 - Cannot read IP mode file for ITTIA_DB.I-CUBE-ITTIADB.8.9.0
2025-07-03 19:15:38,285 [WARN] PackLoader:240 - Cannot read IP mode file for STMicroelectronics.X-CUBE-ST67W61.1.0.0
2025-07-03 19:15:38,303 [WARN] PackLoader:240 - Cannot read IP mode file for SEGGER.I-CUBE-embOS.1.3.1
2025-07-03 19:15:38,335 [WARN] PackLoader:240 - Cannot read IP mode file for STMicroelectronics.X-CUBE-ALGOBUILD.1.4.0
2025-07-03 19:15:38,366 [WARN] PackLoader:240 - Cannot read IP mode file for STMicroelectronics.X-CUBE-MEMS1.11.3.0
2025-07-03 19:15:38,478 [WARN] PackLoader:240 - Cannot read IP mode file for STMicroelectronics.X-CUBE-PM33A1.1.0.0
2025-07-03 19:15:38,492 [WARN] PackLoader:240 - Cannot read IP mode file for STMicroelectronics.X-CUBE-AZRTOS-F4.1.1.0
2025-07-03 19:15:38,498 [WARN] PackLoader:240 - Cannot read IP mode file for Avnet-IotConnect.X-CUBE-IoTC-DA16k-PMOD.1.0.0
2025-07-03 19:15:38,502 [WARN] PackLoader:240 - Cannot read IP mode file for STMicroelectronics.X-CUBE-ISPU.2.1.0
2025-07-03 19:15:38,522 [WARN] PackLoader:240 - Cannot read IP mode file for STMicroelectronics.X-CUBE-AZRTOS-L5.2.0.0
2025-07-03 19:15:38,531 [WARN] PackLoader:240 - Cannot read IP mode file for STMicroelectronics.X-CUBE-NFC6.3.1.0
2025-07-03 19:15:38,537 [WARN] PackLoader:240 - Cannot read IP mode file for STMicroelectronics.X-CUBE-FREERTOS.1.3.1
2025-07-03 19:15:38,541 [WARN] PackLoader:240 - Cannot read IP mode file for STMicroelectronics.FP-SNS-STAIOTCFT.1.0.0
2025-07-03 19:15:38,546 [WARN] PackLoader:240 - Cannot read IP mode file for STMicroelectronics.X-CUBE-DPower.1.3.0
2025-07-03 19:15:38,559 [WARN] ConditionMgr:438 - getConditionDescription Invalid condition id : LAN8742 Phy interface Condition cause : null
2025-07-03 19:15:38,559 [WARN] PackLoader:240 - Cannot read IP mode file for STMicroelectronics.X-CUBE-AZRTOS-L4.2.0.0
2025-07-03 19:15:38,561 [WARN] ConditionMgr:1044 - genDependencies : Invalid condition id : LAN8742 Phy interface Condition cause : null
2025-07-03 19:15:38,561 [WARN] ConditionMgr:1044 - genDependencies : Invalid condition id : LAN8742 Phy interface Condition cause : null
2025-07-03 19:15:38,562 [WARN] ConditionMgr:1044 - genDependencies : Invalid condition id : LAN8742 Phy interface Condition cause : null
2025-07-03 19:15:38,567 [WARN] PackLoader:240 - Cannot read IP mode file for STMicroelectronics.X-CUBE-SFXS2LP1.4.0.0
2025-07-03 19:15:38,580 [WARN] PackLoader:240 - Cannot read IP mode file for STMicroelectronics.X-CUBE-AZRTOS-H7.3.3.0
2025-07-03 19:15:38,590 [WARN] ConditionMgr:438 - getConditionDescription Invalid condition id : UX DEVICE CLASS RTOS Condition cause : null
2025-07-03 19:15:38,590 [WARN] ConditionMgr:438 - getConditionDescription Invalid condition id : UX DEVICE CLASS RTOS Condition cause : null
2025-07-03 19:15:38,591 [WARN] PackLoader:240 - Cannot read IP mode file for STMicroelectronics.X-CUBE-AZRTOS-WB.2.0.0
2025-07-03 19:15:38,592 [WARN] ConditionMgr:1044 - genDependencies : Invalid condition id : UX DEVICE CLASS RTOS Condition cause : null
2025-07-03 19:15:38,592 [WARN] ConditionMgr:1044 - genDependencies : Invalid condition id : UX DEVICE CLASS RTOS Condition cause : null
2025-07-03 19:15:38,592 [WARN] ConditionMgr:1044 - genDependencies : Invalid condition id : UX DEVICE CLASS RTOS Condition cause : null
2025-07-03 19:15:38,592 [WARN] ConditionMgr:1044 - genDependencies : Invalid condition id : UX DEVICE CLASS RTOS Condition cause : null
2025-07-03 19:15:38,592 [WARN] ConditionMgr:1044 - genDependencies : Invalid condition id : UX DEVICE CLASS RTOS Condition cause : null
2025-07-03 19:15:38,595 [WARN] PackLoader:240 - Cannot read IP mode file for STMicroelectronics.X-CUBE-GNSS1.7.0.1
2025-07-03 19:15:38,598 [WARN] PackLoader:240 - Cannot read IP mode file for STMicroelectronics.X-CUBE-TOUCHGFX.4.25.0
2025-07-03 19:15:38,601 [WARN] PackLoader:240 - Cannot read IP mode file for STMicroelectronics.FP-SNS-STBOX1.2.0.0
2025-07-03 19:15:38,608 [WARN] PackLoader:240 - Cannot read IP mode file for STMicroelectronics.X-CUBE-SUBG2.5.0.0
2025-07-03 19:15:38,621 [WARN] PackLoader:240 - Cannot read IP mode file for STMicroelectronics.X-CUBE-AZRTOS-H7RS.1.1.0
2025-07-03 19:15:38,624 [WARN] PackLoader:240 - Cannot read IP mode file for Cesanta.I-CUBE-Mongoose.7.13.0
2025-07-03 19:15:38,631 [WARN] PackLoader:240 - Cannot read IP mode file for STMicroelectronics.X-CUBE-AZRTOS-G4.2.0.0
2025-07-03 19:15:38,634 [WARN] PackLoader:240 - Cannot read IP mode file for wolfSSL.I-CUBE-wolfSSH.1.4.20
2025-07-03 19:15:38,636 [WARN] PackLoader:240 - Cannot read IP mode file for STMicroelectronics.X-CUBE-NFC7.2.0.0
2025-07-03 19:15:38,643 [WARN] PackLoader:240 - Cannot read IP mode file for STMicroelectronics.X-CUBE-IPS.3.1.0
2025-07-03 19:15:38,648 [WARN] PackLoader:240 - Cannot read IP mode file for STMicroelectronics.X-CUBE-ALS.1.0.2
2025-07-03 19:15:38,650 [WARN] PackLoader:240 - Cannot read IP mode file for portGmbH.I-Cube-SoM-uGOAL.1.1.0
2025-07-03 19:15:38,656 [WARN] PackLoader:240 - Cannot read IP mode file for STMicroelectronics.X-CUBE-TOF1.3.4.3
2025-07-03 19:15:38,662 [INFO] ThirdParty:978 - Integrity check success = true
2025-07-03 19:15:38,663 [INFO] IntegrityCheckThread:100 - exiting critical section [integrity check]
2025-07-03 19:15:38,663 [INFO] IntegrityCheckThread:103 - End integrity checks thread
2025-07-03 19:42:55,554 [INFO] McuFinderGlobals:63 - Set McuFinder mode to 2 (CubeIDE integrated)
2025-07-03 19:42:55,556 [INFO] MainUpdater:2872 - connection check result : 10
2025-07-03 19:42:55,556 [INFO] MainUpdater:2872 - connection check result : 10
2025-07-03 19:42:55,571 [INFO] MicroXplorer:468 - Change Database Path : 
2025-07-03 19:42:55,571 [INFO] MicroXplorer:498 - Change Database Version : DB.6.0.141
2025-07-03 19:42:55,575 [WARN] ThirdParty:871 - waiting for thirdparty lock release [close project]
2025-07-03 19:42:55,575 [INFO] ThirdParty:873 - entering critical section [close project]
2025-07-03 19:42:55,576 [INFO] ThirdParty:883 - exiting critical section [close project]
2025-07-03 19:42:55,578 [INFO] PinOutPanel:1589 - setPackage(No Configuration,No Configuration)
2025-07-03 19:42:55,582 [INFO] UtilMem:75 - Begin LoadConfig() Used Memory: 442224464 Bytes (580911104)
2025-07-03 19:42:55,589 [INFO] MicroXplorer:468 - Change Database Path : /home/adrian/.stm32cubemx/databases/DB.6.0.140/db/
2025-07-03 19:42:55,589 [INFO] MicroXplorer:498 - Change Database Version : DB.6.0.140
2025-07-03 19:42:58,915 [INFO] OpenFileManager:354 - Change cursor
2025-07-03 19:42:58,944 [INFO] Mcu:2011 - Initializing MCU STM32F411C(C-E)Ux STM32F411CEUx STM32F411CEU6
2025-07-03 19:42:59,604 [INFO] Context:756 - Trying to add GPIOservice into a context  which must be forbidden
2025-07-03 19:42:59,850 [INFO] ImportTextPane:218 - (OptionalMessage_ERROR) Pin25 (VP_RIF_VS_RIF1) cannot be retrieved for this MCU
2025-07-03 19:42:59,913 [INFO] RtosManager:558 - Registered RTOS mode: class=CMSIS, group=RTOS, mode=CMSIS_V1, owner=FREERTOS
2025-07-03 19:42:59,913 [INFO] RtosManager:558 - Registered RTOS mode: class=CMSIS, group=RTOS2, mode=CMSIS_V2, owner=FREERTOS
2025-07-03 19:42:59,913 [INFO] RtosManager:558 - Registered RTOS mode: class=RTOS, group=Core, mode=CMSIS_V1, owner=FREERTOS
2025-07-03 19:42:59,913 [INFO] RtosManager:558 - Registered RTOS mode: class=RTOS, group=Core, mode=CMSIS_V2, owner=FREERTOS
2025-07-03 19:42:59,913 [WARN] ModelIntegratedComponent:184 - Missing modes for component STMicroelectronics:FreeRTOS:0.0.1:STMicroelectronics:RTOS:FreeRTOS:Core:::10.2.0:
2025-07-03 19:42:59,923 [WARN] ModelIntegratedComponent:182 - Modes not found for component STMicroelectronics:USB_HOST:1.0.0:STMicroelectronics:USB::USB Host:Audio HS::1.0:USB_HOST_1_0_RESTRICTED_HS
2025-07-03 19:42:59,923 [WARN] ModelIntegratedComponent:188 - Modes not found for component STMicroelectronics:USB_HOST:1.0.0:STMicroelectronics:USB::USB Host:Audio HS::1.0:USB_HOST_1_0_RESTRICTED_HS
2025-07-03 19:42:59,923 [WARN] ModelIntegratedComponent:182 - Modes not found for component STMicroelectronics:USB_HOST:1.0.0:STMicroelectronics:USB::USB Host:CDC HS::1.0:USB_HOST_1_0_RESTRICTED_HS
2025-07-03 19:42:59,924 [WARN] ModelIntegratedComponent:188 - Modes not found for component STMicroelectronics:USB_HOST:1.0.0:STMicroelectronics:USB::USB Host:CDC HS::1.0:USB_HOST_1_0_RESTRICTED_HS
2025-07-03 19:42:59,924 [WARN] ModelIntegratedComponent:182 - Modes not found for component STMicroelectronics:USB_HOST:1.0.0:STMicroelectronics:USB::USB Host:MSC HS::1.0:USB_HOST_1_0_RESTRICTED_HS
2025-07-03 19:42:59,924 [WARN] ModelIntegratedComponent:188 - Modes not found for component STMicroelectronics:USB_HOST:1.0.0:STMicroelectronics:USB::USB Host:MSC HS::1.0:USB_HOST_1_0_RESTRICTED_HS
2025-07-03 19:42:59,924 [WARN] ModelIntegratedComponent:182 - Modes not found for component STMicroelectronics:USB_HOST:1.0.0:STMicroelectronics:USB::USB Host:HID HS::1.0:USB_HOST_1_0_RESTRICTED_HS
2025-07-03 19:42:59,924 [WARN] ModelIntegratedComponent:188 - Modes not found for component STMicroelectronics:USB_HOST:1.0.0:STMicroelectronics:USB::USB Host:HID HS::1.0:USB_HOST_1_0_RESTRICTED_HS
2025-07-03 19:42:59,924 [WARN] ModelIntegratedComponent:182 - Modes not found for component STMicroelectronics:USB_HOST:1.0.0:STMicroelectronics:USB::USB Host:MTP HS::1.0:USB_HOST_1_0_RESTRICTED_HS
2025-07-03 19:42:59,924 [WARN] ModelIntegratedComponent:188 - Modes not found for component STMicroelectronics:USB_HOST:1.0.0:STMicroelectronics:USB::USB Host:MTP HS::1.0:USB_HOST_1_0_RESTRICTED_HS
2025-07-03 19:42:59,932 [WARN] ModelIntegratedComponent:63 - No mode defined for component null
2025-07-03 19:42:59,932 [WARN] ModelIntegratedComponent:63 - No mode defined for component null
2025-07-03 19:42:59,932 [WARN] ModelIntegratedComponent:63 - No mode defined for component null
2025-07-03 19:42:59,932 [WARN] ModelIntegratedComponent:63 - No mode defined for component null
2025-07-03 19:42:59,932 [WARN] ModelIntegratedComponent:63 - No mode defined for component null
2025-07-03 19:42:59,933 [WARN] ModelIntegratedComponent:63 - No mode defined for component null
2025-07-03 19:42:59,933 [WARN] ModelIntegratedComponent:63 - No mode defined for component null
2025-07-03 19:42:59,933 [WARN] ModelIntegratedComponent:63 - No mode defined for component null
2025-07-03 19:42:59,933 [WARN] ModelIntegratedComponent:63 - No mode defined for component null
2025-07-03 19:42:59,933 [WARN] ModelIntegratedComponent:63 - No mode defined for component null
2025-07-03 19:42:59,933 [WARN] ModelIntegratedComponent:63 - No mode defined for component null
2025-07-03 19:42:59,933 [WARN] ModelIntegratedComponent:63 - No mode defined for component null
2025-07-03 19:42:59,933 [WARN] ModelIntegratedComponent:63 - No mode defined for component null
2025-07-03 19:42:59,933 [WARN] ModelIntegratedComponent:63 - No mode defined for component null
2025-07-03 19:42:59,933 [WARN] ModelIntegratedComponent:63 - No mode defined for component null
2025-07-03 19:42:59,933 [WARN] ModelIntegratedComponent:63 - No mode defined for component null
2025-07-03 19:42:59,933 [WARN] ModelIntegratedComponent:63 - No mode defined for component null
2025-07-03 19:42:59,933 [WARN] ModelIntegratedComponent:63 - No mode defined for component null
2025-07-03 19:42:59,933 [WARN] ModelIntegratedComponent:63 - No mode defined for component null
2025-07-03 19:42:59,933 [WARN] ModelIntegratedComponent:63 - No mode defined for component null
2025-07-03 19:42:59,933 [WARN] ModelIntegratedComponent:63 - No mode defined for component null
2025-07-03 19:42:59,934 [WARN] ModelIntegratedComponent:63 - No mode defined for component null
2025-07-03 19:42:59,934 [WARN] ModelIntegratedComponent:63 - No mode defined for component null
2025-07-03 19:42:59,934 [WARN] ModelIntegratedComponent:63 - No mode defined for component null
2025-07-03 19:42:59,934 [WARN] ModelIntegratedComponent:63 - No mode defined for component null
2025-07-03 19:42:59,934 [WARN] ModelIntegratedComponent:63 - No mode defined for component null
2025-07-03 19:42:59,934 [WARN] ModelIntegratedComponent:63 - No mode defined for component null
2025-07-03 19:42:59,934 [WARN] ModelIntegratedComponent:63 - No mode defined for component null
2025-07-03 19:42:59,934 [WARN] ModelIntegratedComponent:63 - No mode defined for component null
2025-07-03 19:42:59,934 [WARN] ModelIntegratedComponent:63 - No mode defined for component null
2025-07-03 19:42:59,934 [WARN] ModelIntegratedComponent:63 - No mode defined for component null
2025-07-03 19:42:59,934 [WARN] ModelIntegratedComponent:63 - No mode defined for component null
2025-07-03 19:42:59,934 [WARN] ModelIntegratedComponent:63 - No mode defined for component null
2025-07-03 19:42:59,934 [WARN] ModelIntegratedComponent:63 - No mode defined for component null
2025-07-03 19:42:59,934 [WARN] ModelIntegratedComponent:63 - No mode defined for component null
2025-07-03 19:42:59,935 [WARN] ModelPack:524 - Component already loaded: STMicroelectronics:HAL Drivers:0.0.0:STMicroelectronics:Device:STMicro_Driver:XSPI:HAL::0.0.1:HAL_XSPI
2025-07-03 19:43:00,049 [WARN] ModelIntegratedComponent:182 - Modes not found for component STMicroelectronics:USB_DEVICE:1.0.0:STMicroelectronics:USB::USB Device:Audio HS::1.0:USB_DEVICE_1_0_RESTRICTED_HS
2025-07-03 19:43:00,049 [WARN] ModelIntegratedComponent:188 - Modes not found for component STMicroelectronics:USB_DEVICE:1.0.0:STMicroelectronics:USB::USB Device:Audio HS::1.0:USB_DEVICE_1_0_RESTRICTED_HS
2025-07-03 19:43:00,049 [WARN] ModelIntegratedComponent:182 - Modes not found for component STMicroelectronics:USB_DEVICE:1.0.0:STMicroelectronics:USB::USB Device:CDC HS::1.0:USB_DEVICE_1_0_RESTRICTED_HS
2025-07-03 19:43:00,049 [WARN] ModelIntegratedComponent:188 - Modes not found for component STMicroelectronics:USB_DEVICE:1.0.0:STMicroelectronics:USB::USB Device:CDC HS::1.0:USB_DEVICE_1_0_RESTRICTED_HS
2025-07-03 19:43:00,049 [WARN] ModelIntegratedComponent:182 - Modes not found for component STMicroelectronics:USB_DEVICE:1.0.0:STMicroelectronics:USB::USB Device:DFU HS::1.0:USB_DEVICE_1_0_RESTRICTED_HS
2025-07-03 19:43:00,049 [WARN] ModelIntegratedComponent:188 - Modes not found for component STMicroelectronics:USB_DEVICE:1.0.0:STMicroelectronics:USB::USB Device:DFU HS::1.0:USB_DEVICE_1_0_RESTRICTED_HS
2025-07-03 19:43:00,049 [WARN] ModelIntegratedComponent:182 - Modes not found for component STMicroelectronics:USB_DEVICE:1.0.0:STMicroelectronics:USB::USB Device:HID HS::1.0:USB_DEVICE_1_0_RESTRICTED_HS
2025-07-03 19:43:00,049 [WARN] ModelIntegratedComponent:188 - Modes not found for component STMicroelectronics:USB_DEVICE:1.0.0:STMicroelectronics:USB::USB Device:HID HS::1.0:USB_DEVICE_1_0_RESTRICTED_HS
2025-07-03 19:43:00,049 [WARN] ModelIntegratedComponent:182 - Modes not found for component STMicroelectronics:USB_DEVICE:1.0.0:STMicroelectronics:USB::USB Device:Custom HID HS::1.0:USB_DEVICE_1_0_RESTRICTED_HS
2025-07-03 19:43:00,050 [WARN] ModelIntegratedComponent:188 - Modes not found for component STMicroelectronics:USB_DEVICE:1.0.0:STMicroelectronics:USB::USB Device:Custom HID HS::1.0:USB_DEVICE_1_0_RESTRICTED_HS
2025-07-03 19:43:00,050 [WARN] ModelIntegratedComponent:182 - Modes not found for component STMicroelectronics:USB_DEVICE:1.0.0:STMicroelectronics:USB::USB Device:MSC HS::1.0:USB_DEVICE_1_0_RESTRICTED_HS
2025-07-03 19:43:00,050 [WARN] ModelIntegratedComponent:188 - Modes not found for component STMicroelectronics:USB_DEVICE:1.0.0:STMicroelectronics:USB::USB Device:MSC HS::1.0:USB_DEVICE_1_0_RESTRICTED_HS
2025-07-03 19:43:00,064 [INFO] ThirdPartyModel:298 - Start build external matchings
2025-07-03 19:43:00,306 [INFO] ThirdPartyModel:316 - End build external matchings
2025-07-03 19:43:00,323 [INFO] ImportTextPane:218 - (OptionalMessage_ERROR) IP (DMA) : Parameter (Instance) has Id (I2C1_TX) currently not set
2025-07-03 19:43:00,323 [INFO] ImportTextPane:218 - (OptionalMessage_ERROR) IP (DMA) : Parameter (Channel) has Id (I2C1_TX) currently not set
2025-07-03 19:43:00,323 [INFO] ImportTextPane:218 - (OptionalMessage_ERROR) IP (DMA) : Parameter (Direction) has Id (I2C1_TX) currently not set
2025-07-03 19:43:00,323 [INFO] ImportTextPane:218 - (OptionalMessage_ERROR) IP (DMA) : Parameter (PeriphInc) has Id (I2C1_TX) currently not set
2025-07-03 19:43:00,324 [INFO] ImportTextPane:218 - (OptionalMessage_ERROR) IP (DMA) : Parameter (MemInc) has Id (I2C1_TX) currently not set
2025-07-03 19:43:00,324 [INFO] ImportTextPane:218 - (OptionalMessage_ERROR) IP (DMA) : Parameter (PeriphDataAlignment) has Id (I2C1_TX) currently not set
2025-07-03 19:43:00,324 [INFO] ImportTextPane:218 - (OptionalMessage_ERROR) IP (DMA) : Parameter (MemDataAlignment) has Id (I2C1_TX) currently not set
2025-07-03 19:43:00,324 [INFO] ImportTextPane:218 - (OptionalMessage_ERROR) IP (DMA) : Parameter (Mode) has Id (I2C1_TX) currently not set
2025-07-03 19:43:00,324 [INFO] ImportTextPane:218 - (OptionalMessage_ERROR) IP (DMA) : Parameter (Priority) has Id (I2C1_TX) currently not set
2025-07-03 19:43:00,324 [INFO] ImportTextPane:218 - (OptionalMessage_ERROR) IP (DMA) : Parameter (FIFOMode) has Id (I2C1_TX) currently not set
2025-07-03 19:43:00,324 [INFO] ImportTextPane:218 - (OptionalMessage_ERROR) IP (DMA) : Parameter (Instance) has Id (USART1_RX) currently not set
2025-07-03 19:43:00,324 [INFO] ImportTextPane:218 - (OptionalMessage_ERROR) IP (DMA) : Parameter (Channel) has Id (USART1_RX) currently not set
2025-07-03 19:43:00,324 [INFO] ImportTextPane:218 - (OptionalMessage_ERROR) IP (DMA) : Parameter (Direction) has Id (USART1_RX) currently not set
2025-07-03 19:43:00,324 [INFO] ImportTextPane:218 - (OptionalMessage_ERROR) IP (DMA) : Parameter (PeriphInc) has Id (USART1_RX) currently not set
2025-07-03 19:43:00,324 [INFO] ImportTextPane:218 - (OptionalMessage_ERROR) IP (DMA) : Parameter (MemInc) has Id (USART1_RX) currently not set
2025-07-03 19:43:00,324 [INFO] ImportTextPane:218 - (OptionalMessage_ERROR) IP (DMA) : Parameter (PeriphDataAlignment) has Id (USART1_RX) currently not set
2025-07-03 19:43:00,325 [INFO] ImportTextPane:218 - (OptionalMessage_ERROR) IP (DMA) : Parameter (MemDataAlignment) has Id (USART1_RX) currently not set
2025-07-03 19:43:00,325 [INFO] ImportTextPane:218 - (OptionalMessage_ERROR) IP (DMA) : Parameter (Mode) has Id (USART1_RX) currently not set
2025-07-03 19:43:00,325 [INFO] ImportTextPane:218 - (OptionalMessage_ERROR) IP (DMA) : Parameter (Priority) has Id (USART1_RX) currently not set
2025-07-03 19:43:00,325 [INFO] ImportTextPane:218 - (OptionalMessage_ERROR) IP (DMA) : Parameter (FIFOMode) has Id (USART1_RX) currently not set
2025-07-03 19:43:00,325 [INFO] ImportTextPane:218 - (OptionalMessage_ERROR) IP (DMA) : Parameter (Instance) has Id (USART1_TX) currently not set
2025-07-03 19:43:00,325 [INFO] ImportTextPane:218 - (OptionalMessage_ERROR) IP (DMA) : Parameter (Channel) has Id (USART1_TX) currently not set
2025-07-03 19:43:00,325 [INFO] ImportTextPane:218 - (OptionalMessage_ERROR) IP (DMA) : Parameter (Direction) has Id (USART1_TX) currently not set
2025-07-03 19:43:00,325 [INFO] ImportTextPane:218 - (OptionalMessage_ERROR) IP (DMA) : Parameter (PeriphInc) has Id (USART1_TX) currently not set
2025-07-03 19:43:00,325 [INFO] ImportTextPane:218 - (OptionalMessage_ERROR) IP (DMA) : Parameter (MemInc) has Id (USART1_TX) currently not set
2025-07-03 19:43:00,325 [INFO] ImportTextPane:218 - (OptionalMessage_ERROR) IP (DMA) : Parameter (PeriphDataAlignment) has Id (USART1_TX) currently not set
2025-07-03 19:43:00,325 [INFO] ImportTextPane:218 - (OptionalMessage_ERROR) IP (DMA) : Parameter (MemDataAlignment) has Id (USART1_TX) currently not set
2025-07-03 19:43:00,325 [INFO] ImportTextPane:218 - (OptionalMessage_ERROR) IP (DMA) : Parameter (Mode) has Id (USART1_TX) currently not set
2025-07-03 19:43:00,325 [INFO] ImportTextPane:218 - (OptionalMessage_ERROR) IP (DMA) : Parameter (Priority) has Id (USART1_TX) currently not set
2025-07-03 19:43:00,325 [INFO] ImportTextPane:218 - (OptionalMessage_ERROR) IP (DMA) : Parameter (FIFOMode) has Id (USART1_TX) currently not set
2025-07-03 19:43:00,326 [WARN] IP:2250 - I2C_Coeff_DF not found: check if there is a RefParameter without a condition.
2025-07-03 19:43:00,326 [WARN] IP:2250 - Analog_Filter not found: check if there is a RefParameter without a condition.
2025-07-03 19:43:00,327 [INFO] ImportTextPane:218 - (OptionalMessage_ERROR) IP (RCC) : Parameter (48MHZClocksFreq_Value) has invalid value (50000000)
2025-07-03 19:43:00,328 [INFO] ImportTextPane:218 - (OptionalMessage_ERROR) IP (RCC) : Parameter (RTCHSEDivFreq_Value) has invalid value (12500000)
2025-07-03 19:43:00,468 [INFO] ApiDb:581 - Connected to CubeFinder SQLite database (/home/adrian/.stmcufinder/plugins/mcufinder/mcu/cube-finder-db.db)
2025-07-03 19:43:00,508 [INFO] ApiDb:668 - CubeFinder database Data Model version=2.1
2025-07-03 19:43:00,508 [INFO] ApiDb:669 - CubeFinder database Configuration version=3.0.39
2025-07-03 19:43:00,509 [INFO] ApiDb:670 - CubeFinder database generation date=2025-03-24 (1742811287)
2025-07-03 19:43:00,509 [INFO] ApiDb:671 - CubeFinder database FW Pack versions=[FP-ATR-ASTRA1_V2.0.0, FP-SNS-FLIGHT1_V5.0.2, FP-SNS-MOTENV1_V5.0.0, FP-SNS-MOTENVWB1_V1.4.0, FP-SNS-SMARTAG2_V1.2.0, FP-SNS-STBOX1_V2.0.0, STM32Cube_FW_C0_V1.4.0, STM32Cube_FW_F4_V1.28.1, STM32Cube_FW_F7_V1.17.2, STM32Cube_FW_G0_V1.6.2, STM32Cube_FW_G4_V1.6.1, STM32Cube_FW_H5_V1.5.0, STM32Cube_FW_H7RS_V1.2.0, STM32Cube_FW_H7_V1.12.1, STM32Cube_FW_L0_V1.12.2, STM32Cube_FW_L4_V1.18.1, STM32Cube_FW_L5_V1.5.1, STM32Cube_FW_N6_V1.1.0, STM32Cube_FW_U0_V1.2.0, STM32Cube_FW_U3_V1.1.0, STM32Cube_FW_U5_V1.7.0, STM32Cube_FW_WB0_V1.2.0, STM32Cube_FW_WBA_V1.6.0, STM32Cube_FW_WB_V1.22.0, STM32Cube_FW_WL3_V1.1.0, STM32Cube_FW_WL_V1.3.1, X-CUBE-ALGOBUILD_V1.4.0, X-CUBE-ALS_V1.0.2, X-CUBE-AZRTOS-F4_V1.1.0, X-CUBE-AZRTOS-F7_V1.1.0, X-CUBE-AZRTOS-G0_V1.1.0, X-CUBE-AZRTOS-G4_V2.0.0, X-CUBE-AZRTOS-H7RS_V1.0.0, X-CUBE-AZRTOS-H7_V3.3.0, X-CUBE-AZRTOS-L4_V2.0.0, X-CUBE-AZRTOS-L5_V2.0.0, X-CUBE-AZRTOS-WB_V2.0.0, X-CUBE-AZRTOS-WL_V2.0.0, X-CUBE-BLE1_V7.1.0, X-CUBE-BLE2_V3.3.0, X-CUBE-BLEMGR_V4.0.0, X-CUBE-EEPRMA1_V5.1.0, X-CUBE-FREERTOS_V1.3.0, X-CUBE-GNSS1_V6.0.0, X-CUBE-MEMS1_V11.1.0, X-CUBE-NFC4_V3.0.0, X-CUBE-NFC7_V1.0.1, X-CUBE-SFXS2LP1_V4.0.0, X-CUBE-SUBG2_V5.0.0, X-CUBE-TOF1_V3.4.2]
2025-07-03 19:43:00,545 [INFO] DbBoardsSqlite:226 - include board P-NUCLEO-WB55-NUCLEO as a kit item of type 'Nucleo-64'
2025-07-03 19:43:00,546 [INFO] DbBoardsSqlite:226 - include board P-NUCLEO-WB55-USBDONGLE as a kit item of type 'Nucleo USB Dongle'
2025-07-03 19:43:00,546 [INFO] DbBoardsSqlite:226 - include board STEVAL-IDP005V1 as a kit item of type 'Evaluation Board'
2025-07-03 19:43:00,546 [INFO] DbBoardsSqlite:226 - include board STEVAL-IDP005V2 as a kit item of type 'Evaluation Board'
2025-07-03 19:43:00,578 [INFO] ApiDb:240 - Found 895 in-development CPN: [B-G473E-ZEST1S, B-WB1M-WPAN1, B-WBA5M-WPAN, B-WL5M-SUBG1, NUCLEO-C031C6, NUCLEO-C051C8, NUCLEO-C071RB, NUCLEO-C092RC, NUCLEO-H503RB, NUCLEO-H533RE, NUCLEO-H563ZI, NUCLEO-H7S3L8, NUCLEO-N657X0-Q, NUCLEO-U031R8, NUCLEO-U083RC, NUCLEO-U385RG-Q, NUCLEO-U545RE-Q, NUCLEO-U5A5ZJ-Q, NUCLEO-WB05KZ, NUCLEO-WB07CC, NUCLEO-WB09KE, NUCLEO-WBA52CG, NUCLEO-WBA55CG, NUCLEO-WBA65RI, NUCLEO-WL33CC1, NUCLEO-WL33CC2, STEVAL-PROTEUS1, STEVAL-SMARTAG2, STEVAL-STWINBX1, STM320518-EVAL, STM32C0116-DK, STM32C011D6Y3TR, STM32C011D6Y6TR, STM32C011F4P3, STM32C011F4P6, STM32C011F4U3, STM32C011F4U6TR, STM32C011F6P3, STM32C011F6P6, STM32C011F6U3, STM32C011F6U6TR, STM32C011J4M3, STM32C011J4M6, STM32C011J6M3, STM32C011J6M6, STM32C0316-DK, STM32C031C4T3, STM32C031C4T6, STM32C031C4U3, STM32C031C4U6, STM32C031C6T3, STM32C031C6T6, STM32C031C6U3, STM32C031C6U6, STM32C031F4P3, STM32C031F4P6, STM32C031F6P3, STM32C031F6P6, STM32C031G4U3, STM32C031G4U6, STM32C031G6U3, STM32C031G6U6, STM32C031K4T3, STM32C031K4T6, STM32C031K4U3, STM32C031K4U6, STM32C031K6T3, STM32C031K6T6, STM32C031K6U3, STM32C031K6U6, STM32C051C6T6, STM32C051C6U6, STM32C051C8T6, STM32C051C8U6, STM32C051D8Y6TR, STM32C051F6P6, STM32C051F8P6, STM32C051G6U6, STM32C051G8U6, STM32C051K6T6, STM32C051K6U6, STM32C051K8T6, STM32C071C8T6, STM32C071C8T6N, STM32C071C8U6, STM32C071C8U6N, STM32C071CBT6, STM32C071CBT6N, STM32C071CBU6, STM32C071CBU6N, STM32C071F8P6, STM32C071F8P6N, STM32C071FBP6, STM32C071FBP6N, STM32C071FBY6TR, STM32C071G8U6, STM32C071G8U6N, STM32C071GBU6, STM32C071GBU6N, STM32C071K8T6, STM32C071K8T6N, STM32C071K8U6, STM32C071K8U6N, STM32C071KBT6, STM32C071KBT6N, STM32C071KBU6, STM32C071KBU6N, STM32C071R8T6, STM32C071R8T6N, STM32C071RBI6N, STM32C071RBT6, STM32C071RBT6N, STM32C091CBT6, STM32C091CBU6, STM32C091CCT6, STM32C091CCU6, STM32C091ECY6TR, STM32C091FBP6, STM32C091FCP6, STM32C091GBU6, STM32C091GCU6, STM32C091KBT6, STM32C091KBU6, STM32C091KCT6, STM32C091KCU6, STM32C091RBT6, STM32C091RCI6, STM32C091RCT6, STM32C092CBT6, STM32C092CBU6, STM32C092CCT6, STM32C092CCU6, STM32C092ECY6TR, STM32C092FBP6, STM32C092FCP6, STM32C092GBU6, STM32C092GCU6, STM32C092KBT6, STM32C092KBU6, STM32C092KCT6, STM32C092KCU6, STM32C092RBT6, STM32C092RCI6, STM32C092RCT6, STM32G071K8TXN, STM32G071K8UXN, STM32G081GBU6N, STM32G081KBT6N, STM32G081KBUXN, STM32G0B1CCT6N, STM32G0B1KCT6, STM32G0B1NEY6TR, STM32G0B1RCT6N, STM32G0C1CCT6, STM32G0C1CCT6N, STM32G0C1CCU6N, STM32G0C1CET6N, STM32G0C1CEU6N, STM32G0C1KCT6, STM32G0C1NEY6TR, STM32G0C1RCI6N, STM32G0C1RCT6N, STM32G0C1REI6N, STM32G0C1RET6N, STM32G0C1VCI6, STM32G0C1VEI6, STM32G411C6T3, STM32G411C6T6, STM32G411C6U3, STM32G411C6U6, STM32G411C8T3, STM32G411C8T6, STM32G411C8U3, STM32G411C8U6, STM32G411CBT3, STM32G411CBT6, STM32G411CBU3, STM32G411CBU6, STM32G411CCT3, STM32G411CCT6, STM32G411CCU3, STM32G411CCU6, STM32G411K6T3, STM32G411K6T6, STM32G411K6U3, STM32G411K6U6, STM32G411K8T3, STM32G411K8T6, STM32G411K8U3, STM32G411K8U6, STM32G411KBT3, STM32G411KBT6, STM32G411KBU3, STM32G411KBU6, STM32G411M6T3, STM32G411M6T6, STM32G411M8T3, STM32G411M8T6, STM32G411MBT3, STM32G411MBT6, STM32G411MCT3, STM32G411MCT6, STM32G411R6T3, STM32G411R6T6, STM32G411R8T3, STM32G411R8T6, STM32G411RBT3, STM32G411RBT6, STM32G411RCT3, STM32G411RCT6, STM32G414CBT3, STM32G414CBT6, STM32G414CBU3, STM32G414CBU6, STM32G414CCT3, STM32G414CCT6, STM32G414CCU3, STM32G414CCU6, STM32G414MBT3, STM32G414MBT6, STM32G414MCT3, STM32G414MCT6, STM32G414RBT3, STM32G414RBT6, STM32G414RCT3, STM32G414RCT6, STM32G414VBT3, STM32G414VBT6, STM32G414VCT3, STM32G414VCT6, STM32G431CBT3Z, STM32G431RBT3Z, STM32G471CCT6, STM32G471CCU6, STM32G471CET3, STM32G471CET6, STM32G471CEU3, STM32G471CEU6, STM32G471MCT6, STM32G471MET3, STM32G471MET6, STM32G471MEY6TR, STM32G471QCT6, STM32G471QET3, STM32G471RCT6, STM32G471RET3, STM32G471RET6, STM32G471VCH6, STM32G471VCI6, STM32G471VCT6, STM32G471VEH3, STM32G471VEH6, STM32G471VEI3, STM32G471VEI6, STM32G471VET3, STM32G471VET6, STM32G473QET3Z, STM32G473RET3Z, STM32G474CCT6, STM32G491RET3Z, STM32H503CBT6, STM32H503CBU6, STM32H503EBY6TR, STM32H503KBU6, STM32H503RBT6, STM32H523CCT6, STM32H523CCU6, STM32H523CET6, STM32H523CEU6, STM32H523HEY6TR, STM32H523RCT6, STM32H523RET6, STM32H523VCI6, STM32H523VCT6, STM32H523VEI6, STM32H523VET6, STM32H523ZCJ6, STM32H523ZCT6, STM32H523ZEJ6, STM32H523ZET6, STM32H533CET6, STM32H533CEU6, STM32H533HEY6TR, STM32H533RET6, STM32H533VEI6, STM32H533VET6, STM32H533ZEJ6, STM32H533ZET6, STM32H562AGI6, STM32H562AII6, STM32H562IGK6, STM32H562IGT6, STM32H562IIK6, STM32H562IIT6, STM32H562RGT6, STM32H562RGV6, STM32H562RIT6, STM32H562RIV6, STM32H562VGT6, STM32H562VIT6, STM32H562ZGT6, STM32H562ZIT6, STM32H563AGI6, STM32H563AII3Q, STM32H563AII6, STM32H563IGK6, STM32H563IGT6, STM32H563IIK3Q, STM32H563IIK6, STM32H563IIT3Q, STM32H563IIT6, STM32H563MIY3QTR, STM32H563RGT6, STM32H563RGV6, STM32H563RIT6, STM32H563RIV6, STM32H563VGT6, STM32H563VIT3Q, STM32H563VIT6, STM32H563ZGT6, STM32H563ZIT3Q, STM32H563ZIT6, STM32H573AII3Q, STM32H573AII6, STM32H573I-DK, STM32H573IIK3Q, STM32H573IIK6, STM32H573IIT3Q, STM32H573IIT6, STM32H573MIY3QTR, STM32H573RIT6, STM32H573RIV6, STM32H573VIT3Q, STM32H573VIT6, STM32H573ZIT3Q, STM32H573ZIT6, STM32H7R3A8I6, STM32H7R3I8K6, STM32H7R3I8T6, STM32H7R3L8H6, STM32H7R3L8H6H, STM32H7R3R8V6, STM32H7R3V8H6, STM32H7R3V8T6, STM32H7R3V8Y6TR, STM32H7R3Z8J6, STM32H7R3Z8T6, STM32H7R7A8I6, STM32H7R7I8K6, STM32H7R7I8T6, STM32H7R7L8H6, STM32H7R7L8H6H, STM32H7R7Z8J6, STM32H7S3A8I6, STM32H7S3I8K6, STM32H7S3I8T6, STM32H7S3L8H6, STM32H7S3L8H6H, STM32H7S3R8V6, STM32H7S3V8H6, STM32H7S3V8T6, STM32H7S3V8Y6TR, STM32H7S3Z8J6, STM32H7S3Z8T6, STM32H7S78-DK, STM32H7S7A8I6, STM32H7S7I8K6, STM32H7S7I8T6, STM32H7S7L8H6, STM32H7S7L8H6H, STM32H7S7Z8J6, STM32L4R5QGI6STR, STM32MP131AAE3, STM32MP131AAF3, STM32MP131AAG3, STM32MP131CAE3, STM32MP131CAF3, STM32MP131CAG3, STM32MP131DAE7, STM32MP131DAF7, STM32MP131DAG7, STM32MP131FAE7, STM32MP131FAF7, STM32MP131FAG7, STM32MP133AAE3, STM32MP133AAF3, STM32MP133AAG3, STM32MP133CAE3, STM32MP133CAF3, STM32MP133CAG3, STM32MP133DAE7, STM32MP133DAF7, STM32MP133DAG7, STM32MP133FAE7, STM32MP133FAF7, STM32MP133FAG7, STM32MP135AAE3, STM32MP135AAF3, STM32MP135AAG3, STM32MP135CAE3, STM32MP135CAF3, STM32MP135CAG3, STM32MP135DAE7, STM32MP135DAF7, STM32MP135DAG7, STM32MP135F-DK, STM32MP135FAE7, STM32MP135FAF7, STM32MP135FAF7T, STM32MP135FAF7U, STM32MP135FAG7, STM32MP231AAJ3, STM32MP231AAK3, STM32MP231AAL3, STM32MP231CAJ3, STM32MP231CAK3, STM32MP231CAL3, STM32MP231DAJ3, STM32MP231DAK3, STM32MP231DAL3, STM32MP231FAJ3, STM32MP231FAK3, STM32MP231FAL3, STM32MP233AAJ3, STM32MP233AAK3, STM32MP233AAL3, STM32MP233CAJ3, STM32MP233CAK3, STM32MP233CAL3, STM32MP233DAJ3, STM32MP233DAK3, STM32MP233DAL3, STM32MP233FAJ3, STM32MP233FAK3, STM32MP233FAL3, STM32MP235AAJ3, STM32MP235AAK3, STM32MP235AAL3, STM32MP235CAJ3, STM32MP235CAK3, STM32MP235CAL3, STM32MP235DAJ3, STM32MP235DAK3, STM32MP235DAL3, STM32MP235FAJ3, STM32MP235FAK3, STM32MP235FAL3, STM32MP251AAI3, STM32MP251AAJ3, STM32MP251AAK3, STM32MP251AAL3, STM32MP251CAI3, STM32MP251CAJ3, STM32MP251CAK3, STM32MP251CAL3, STM32MP251DAI3, STM32MP251DAJ3, STM32MP251DAK3, STM32MP251DAL3, STM32MP251FAI3, STM32MP251FAJ3, STM32MP251FAK3, STM32MP251FAL3, STM32MP253AAI3, STM32MP253AAJ3, STM32MP253AAK3, STM32MP253AAL3, STM32MP253CAI3, STM32MP253CAJ3, STM32MP253CAK3, STM32MP253CAL3, STM32MP253DAI3, STM32MP253DAJ3, STM32MP253DAK3, STM32MP253DAL3, STM32MP253FAI3, STM32MP253FAJ3, STM32MP253FAK3, STM32MP253FAL3, STM32MP255AAI3, STM32MP255AAJ3, STM32MP255AAK3, STM32MP255AAL3, STM32MP255CAI3, STM32MP255CAJ3, STM32MP255CAK3, STM32MP255CAL3, STM32MP255DAI3, STM32MP255DAJ3, STM32MP255DAK3, STM32MP255DAL3, STM32MP255FAI3, STM32MP255FAJ3, STM32MP255FAK3, STM32MP255FAL3, STM32MP257AAI3, STM32MP257AAJ3, STM32MP257AAK3, STM32MP257AAL3, STM32MP257CAI3, STM32MP257CAJ3, STM32MP257CAK3, STM32MP257CAL3, STM32MP257DAI3, STM32MP257DAJ3, STM32MP257DAK3, STM32MP257DAL3, STM32MP257F-DK, STM32MP257F-EV1, STM32MP257FAI3, STM32MP257FAJ3, STM32MP257FAK3, STM32MP257FAL3, STM32N645A0H3Q, STM32N645B0H3Q, STM32N645I0H3Q, STM32N645L0H3Q, STM32N645X0H3Q, STM32N645Z0H3Q, STM32N647A0H3Q, STM32N647B0H3Q, STM32N647I0H3Q, STM32N647L0H3Q, STM32N647X0H3Q, STM32N647Z0H3Q, STM32N655A0H3Q, STM32N655B0H3Q, STM32N655I0H3Q, STM32N655L0H3Q, STM32N655X0H3Q, STM32N655Z0H3Q, STM32N6570-DK, STM32N657A0H3Q, STM32N657B0H3Q, STM32N657I0H3Q, STM32N657L0H3Q, STM32N657X0H3Q, STM32N657Z0H3Q, STM32U031C6T6, STM32U031C6U6, STM32U031C8T6, STM32U031C8U6, STM32U031F4P6, STM32U031F6P6, STM32U031F8P6, STM32U031G6Y6TR, STM32U031G8Y6TR, STM32U031K4U6, STM32U031K6U6, STM32U031K8U6, STM32U031R6I6, STM32U031R6T6, STM32U031R8I6, STM32U031R8T6, STM32U073C8T6, STM32U073C8U6, STM32U073CBT6, STM32U073CBU6, STM32U073CCT6, STM32U073CCU6, STM32U073H8Y6TR, STM32U073HBY6TR, STM32U073HCY6TR, STM32U073K8U6, STM32U073KBU6, STM32U073KCU6, STM32U073M8I6, STM32U073M8T6, STM32U073MBI6, STM32U073MBT6, STM32U073MCI6, STM32U073MCT6, STM32U073R8I6, STM32U073R8T6, STM32U073RBI6, STM32U073RBT6, STM32U073RCI6, STM32U073RCT6, STM32U083C-DK, STM32U083CCT6, STM32U083CCU6, STM32U083HCY6TR, STM32U083KCU6, STM32U083MCI6, STM32U083MCT6, STM32U083RCI6, STM32U083RCT6, STM32U375CET6, STM32U375CET6Q, STM32U375CEU6, STM32U375CEU6Q, STM32U375CEY6QTR, STM32U375CGT6, STM32U375CGT6Q, STM32U375CGU6, STM32U375CGU6Q, STM32U375CGY6QTR, STM32U375KEU6, STM32U375KGU6, STM32U375REI6, STM32U375REI6Q, STM32U375RET6, STM32U375RET6Q, STM32U375REY6GTR, STM32U375REY6QTR, STM32U375RGI6, STM32U375RGI6Q, STM32U375RGT6, STM32U375RGT6Q, STM32U375RGY6GTR, STM32U375RGY6QTR, STM32U375VEI6, STM32U375VEI6Q, STM32U375VET6, STM32U375VET6Q, STM32U375VGI6, STM32U375VGI6Q, STM32U375VGT6, STM32U375VGT6Q, STM32U385CGT6, STM32U385CGT6Q, STM32U385CGU6, STM32U385CGU6Q, STM32U385CGY6QTR, STM32U385KGU6, STM32U385RGI6, STM32U385RGI6Q, STM32U385RGT6, STM32U385RGT6Q, STM32U385RGY6GTR, STM32U385RGY6QTR, STM32U385VGI6, STM32U385VGI6Q, STM32U385VGT6, STM32U385VGT6Q, STM32U535CBT6, STM32U535CBT6Q, STM32U535CBU6, STM32U535CBU6Q, STM32U535CCT6, STM32U535CCT6Q, STM32U535CCU6, STM32U535CCU6Q, STM32U535CET6, STM32U535CET6Q, STM32U535CEU6, STM32U535CEU6Q, STM32U535JEY6QTR, STM32U535NCY6QTR, STM32U535NEY6QTR, STM32U535RBI6, STM32U535RBI6Q, STM32U535RBT6, STM32U535RBT6Q, STM32U535RCI6, STM32U535RCI6Q, STM32U535RCT6, STM32U535RCT6Q, STM32U535REI6, STM32U535REI6Q, STM32U535RET6, STM32U535RET6Q, STM32U535VCI6, STM32U535VCI6Q, STM32U535VCT6, STM32U535VCT6Q, STM32U535VEI6, STM32U535VEI6Q, STM32U535VET6, STM32U535VET6Q, STM32U545CET6, STM32U545CET6Q, STM32U545CEU6, STM32U545CEU6Q, STM32U545JEY6QTR, STM32U545NEY6QTR, STM32U545REI6, STM32U545REI6Q, STM32U545RET6, STM32U545RET6Q, STM32U545VEI6, STM32U545VEI6Q, STM32U545VET6, STM32U545VET6Q, STM32U595AIH6, STM32U595AIH6Q, STM32U595AJH6, STM32U595AJH6Q, STM32U595QII6, STM32U595QII6Q, STM32U595QJI6, STM32U595QJI6Q, STM32U595RIT6, STM32U595RIT6Q, STM32U595RJT6, STM32U595RJT6Q, STM32U595VIT6, STM32U595VIT6Q, STM32U595VJT6, STM32U595VJT6Q, STM32U595ZIT6, STM32U595ZIT6Q, STM32U595ZIY6QTR, STM32U595ZJT6, STM32U595ZJT6Q, STM32U595ZJY6QTR, STM32U599BJY6QTR, STM32U599NIH6Q, STM32U599NJH6Q, STM32U599VIT6Q, STM32U599VJT6, STM32U599VJT6Q, STM32U599ZIT6Q, STM32U599ZIY6QTR, STM32U599ZJT6Q, STM32U599ZJY6QTR, STM32U5A5AJH6, STM32U5A5AJH6Q, STM32U5A5QII3Q , STM32U5A5QJI6, STM32U5A5QJI6Q, STM32U5A5RJT6, STM32U5A5RJT6Q, STM32U5A5VJT6, STM32U5A5VJT6Q, STM32U5A5ZJT6, STM32U5A5ZJT6Q, STM32U5A5ZJY6QTR, STM32U5A9BJY6QTR, STM32U5A9J-DK, STM32U5A9NJH6Q, STM32U5A9VJT6Q, STM32U5A9ZJT6Q, STM32U5A9ZJY6QTR, STM32U5F7VIT6, STM32U5F7VIT6Q, STM32U5F7VJT6, STM32U5F7VJT6Q, STM32U5F9BJY6QTR, STM32U5F9NJH6Q, STM32U5F9VIT6Q, STM32U5F9VJT6Q, STM32U5F9ZIJ6QTR, STM32U5F9ZIT6Q, STM32U5F9ZJJ6QTR, STM32U5F9ZJT6Q, STM32U5G7VJT6, STM32U5G7VJT6Q, STM32U5G9BJY6QTR, STM32U5G9J-DK1, STM32U5G9J-DK2, STM32U5G9NJH6Q, STM32U5G9VJT6Q, STM32U5G9ZJJ6QTR, STM32U5G9ZJT6Q, STM32WB05KZV6TR, STM32WB05KZV7TR, STM32WB05TZF6TR, STM32WB05TZF7TR, STM32WB06CCF6TR, STM32WB06CCF7TR, STM32WB06CCV6TR, STM32WB06CCV7TR, STM32WB06KCV6TR, STM32WB06KCV7TR, STM32WB07CCF6TR, STM32WB07CCF7TR, STM32WB07CCV6TR, STM32WB07CCV7TR, STM32WB07KCV6TR, STM32WB07KCV7TR, STM32WB09KEV6TR, STM32WB09KEV7TR, STM32WB09TEF6TR, STM32WB09TEF7TR, STM32WB1MMCH6, STM32WBA50KGU6, STM32WBA50KGU6TR, STM32WBA52CEU6, STM32WBA52CEU6TR, STM32WBA52CEU7, STM32WBA52CEU7TR, STM32WBA52CGU6, STM32WBA52CGU6TR, STM32WBA52CGU6U, STM32WBA52CGU7, STM32WBA52CGU7TR, STM32WBA52KEU6, STM32WBA52KEU6TR, STM32WBA52KGU6, STM32WBA52KGU6TR, STM32WBA54CEU6, STM32WBA54CEU6TR, STM32WBA54CEU7, STM32WBA54CEU7TR, STM32WBA54CGU6, STM32WBA54CGU6TR, STM32WBA54CGU7, STM32WBA54CGU7TR, STM32WBA54KEU6, STM32WBA54KEU6TR, STM32WBA54KEU7, STM32WBA54KEU7TR, STM32WBA54KGU6, STM32WBA54KGU6TR, STM32WBA54KGU7, STM32WBA54KGU7TR, STM32WBA55CEU6, STM32WBA55CEU6TR, STM32WBA55CEU7, STM32WBA55CEU7TR, STM32WBA55CGU6, STM32WBA55CGU6TR, STM32WBA55CGU6U, STM32WBA55CGU7, STM32WBA55CGU7TR, STM32WBA55G-DK1, STM32WBA55HEF6, STM32WBA55HEF7, STM32WBA55HGF6, STM32WBA55HGF7, STM32WBA55UEI6, STM32WBA55UEI6TR, STM32WBA55UEI7, STM32WBA55UEI7TR, STM32WBA55UGI6, STM32WBA55UGI6TR, STM32WBA55UGI7, STM32WBA55UGI7TR, STM32WBA5MJGH6TR, STM32WBA62CGU6, STM32WBA62CIU6, STM32WBA62MGF6, STM32WBA62MIF6, STM32WBA62PGI6, STM32WBA62PII6, STM32WBA63CGU6, STM32WBA63CGU7, STM32WBA63CIU6, STM32WBA63CIU7, STM32WBA64CGU6, STM32WBA64CGU7, STM32WBA64CIU6, STM32WBA64CIU7, STM32WBA65CGU6, STM32WBA65CGU7, STM32WBA65CIU6, STM32WBA65CIU7, STM32WBA65I-DK1, STM32WBA65MGF6, STM32WBA65MGF7, STM32WBA65MIF6, STM32WBA65MIF7, STM32WBA65PGI6, STM32WBA65PGI7, STM32WBA65PII6, STM32WBA65PII7, STM32WBA65RGV6, STM32WBA65RGV7, STM32WBA65RIV6, STM32WBA65RIV7, STM32WL30K8V6, STM32WL30KBV6, STM32WL31C8V6, STM32WL31CBV6, STM32WL31K8V6, STM32WL31KBV6, STM32WL33C8V6, STM32WL33C8V6TR, STM32WL33C8V7, STM32WL33C8V7TR, STM32WL33CBV6, STM32WL33CBV6TR, STM32WL33CBV7, STM32WL33CBV7TR, STM32WL33CCV6, STM32WL33CCV6TR, STM32WL33CCV7, STM32WL33CCV7A, STM32WL33CCV7ATR, STM32WL33CCV7TR, STM32WL33K8V6, STM32WL33K8V6TR, STM32WL33K8V7, STM32WL33K8V7TR, STM32WL33KBV6, STM32WL33KBV6TR, STM32WL33KBV7, STM32WL33KBV7TR, STM32WL33KCV6, STM32WL33KCV6TR, STM32WL33KCV7, STM32WL33KCV7TR, STM32WL5MOCH6, STM32WL5MOCH6TR]
2025-07-03 19:43:00,651 [INFO] BoardInfo:889 - No configuration file found for board P-NUCLEO-WB55
2025-07-03 19:43:00,651 [INFO] DbBoards:161 - Kit is not supported: P-NUCLEO-WB55
2025-07-03 19:43:00,654 [INFO] BoardInfo:889 - No configuration file found for board STEVAL-BFA001V1B
2025-07-03 19:43:00,655 [INFO] DbBoards:161 - Kit is not supported: STEVAL-BFA001V1B
2025-07-03 19:43:00,655 [INFO] BoardInfo:889 - No configuration file found for board STEVAL-BFA001V2B
2025-07-03 19:43:00,655 [INFO] DbBoards:161 - Kit is not supported: STEVAL-BFA001V2B
2025-07-03 19:43:00,760 [INFO] DbBoards:168 - Found 211 boards, 208 are supported
2025-07-03 19:43:00,760 [INFO] DbBoards:169 - Found 211 boards, 43 of them is supported for  Bsp
2025-07-03 19:43:00,763 [INFO] ApiDb:668 - CubeFinder database Data Model version=2.1
2025-07-03 19:43:00,763 [INFO] ApiDb:669 - CubeFinder database Configuration version=3.0.39
2025-07-03 19:43:00,763 [INFO] ApiDb:670 - CubeFinder database generation date=2025-03-24 (1742811287)
2025-07-03 19:43:00,763 [INFO] ApiDb:671 - CubeFinder database FW Pack versions=[FP-ATR-ASTRA1_V2.0.0, FP-SNS-FLIGHT1_V5.0.2, FP-SNS-MOTENV1_V5.0.0, FP-SNS-MOTENVWB1_V1.4.0, FP-SNS-SMARTAG2_V1.2.0, FP-SNS-STBOX1_V2.0.0, STM32Cube_FW_C0_V1.4.0, STM32Cube_FW_F4_V1.28.1, STM32Cube_FW_F7_V1.17.2, STM32Cube_FW_G0_V1.6.2, STM32Cube_FW_G4_V1.6.1, STM32Cube_FW_H5_V1.5.0, STM32Cube_FW_H7RS_V1.2.0, STM32Cube_FW_H7_V1.12.1, STM32Cube_FW_L0_V1.12.2, STM32Cube_FW_L4_V1.18.1, STM32Cube_FW_L5_V1.5.1, STM32Cube_FW_N6_V1.1.0, STM32Cube_FW_U0_V1.2.0, STM32Cube_FW_U3_V1.1.0, STM32Cube_FW_U5_V1.7.0, STM32Cube_FW_WB0_V1.2.0, STM32Cube_FW_WBA_V1.6.0, STM32Cube_FW_WB_V1.22.0, STM32Cube_FW_WL3_V1.1.0, STM32Cube_FW_WL_V1.3.1, X-CUBE-ALGOBUILD_V1.4.0, X-CUBE-ALS_V1.0.2, X-CUBE-AZRTOS-F4_V1.1.0, X-CUBE-AZRTOS-F7_V1.1.0, X-CUBE-AZRTOS-G0_V1.1.0, X-CUBE-AZRTOS-G4_V2.0.0, X-CUBE-AZRTOS-H7RS_V1.0.0, X-CUBE-AZRTOS-H7_V3.3.0, X-CUBE-AZRTOS-L4_V2.0.0, X-CUBE-AZRTOS-L5_V2.0.0, X-CUBE-AZRTOS-WB_V2.0.0, X-CUBE-AZRTOS-WL_V2.0.0, X-CUBE-BLE1_V7.1.0, X-CUBE-BLE2_V3.3.0, X-CUBE-BLEMGR_V4.0.0, X-CUBE-EEPRMA1_V5.1.0, X-CUBE-FREERTOS_V1.3.0, X-CUBE-GNSS1_V6.0.0, X-CUBE-MEMS1_V11.1.0, X-CUBE-NFC4_V3.0.0, X-CUBE-NFC7_V1.0.1, X-CUBE-SFXS2LP1_V4.0.0, X-CUBE-SUBG2_V5.0.0, X-CUBE-TOF1_V3.4.2]
2025-07-03 19:43:02,692 [INFO] ApiDb:240 - Found 895 in-development CPN: [B-G473E-ZEST1S, B-WB1M-WPAN1, B-WBA5M-WPAN, B-WL5M-SUBG1, NUCLEO-C031C6, NUCLEO-C051C8, NUCLEO-C071RB, NUCLEO-C092RC, NUCLEO-H503RB, NUCLEO-H533RE, NUCLEO-H563ZI, NUCLEO-H7S3L8, NUCLEO-N657X0-Q, NUCLEO-U031R8, NUCLEO-U083RC, NUCLEO-U385RG-Q, NUCLEO-U545RE-Q, NUCLEO-U5A5ZJ-Q, NUCLEO-WB05KZ, NUCLEO-WB07CC, NUCLEO-WB09KE, NUCLEO-WBA52CG, NUCLEO-WBA55CG, NUCLEO-WBA65RI, NUCLEO-WL33CC1, NUCLEO-WL33CC2, STEVAL-PROTEUS1, STEVAL-SMARTAG2, STEVAL-STWINBX1, STM320518-EVAL, STM32C0116-DK, STM32C011D6Y3TR, STM32C011D6Y6TR, STM32C011F4P3, STM32C011F4P6, STM32C011F4U3, STM32C011F4U6TR, STM32C011F6P3, STM32C011F6P6, STM32C011F6U3, STM32C011F6U6TR, STM32C011J4M3, STM32C011J4M6, STM32C011J6M3, STM32C011J6M6, STM32C0316-DK, STM32C031C4T3, STM32C031C4T6, STM32C031C4U3, STM32C031C4U6, STM32C031C6T3, STM32C031C6T6, STM32C031C6U3, STM32C031C6U6, STM32C031F4P3, STM32C031F4P6, STM32C031F6P3, STM32C031F6P6, STM32C031G4U3, STM32C031G4U6, STM32C031G6U3, STM32C031G6U6, STM32C031K4T3, STM32C031K4T6, STM32C031K4U3, STM32C031K4U6, STM32C031K6T3, STM32C031K6T6, STM32C031K6U3, STM32C031K6U6, STM32C051C6T6, STM32C051C6U6, STM32C051C8T6, STM32C051C8U6, STM32C051D8Y6TR, STM32C051F6P6, STM32C051F8P6, STM32C051G6U6, STM32C051G8U6, STM32C051K6T6, STM32C051K6U6, STM32C051K8T6, STM32C071C8T6, STM32C071C8T6N, STM32C071C8U6, STM32C071C8U6N, STM32C071CBT6, STM32C071CBT6N, STM32C071CBU6, STM32C071CBU6N, STM32C071F8P6, STM32C071F8P6N, STM32C071FBP6, STM32C071FBP6N, STM32C071FBY6TR, STM32C071G8U6, STM32C071G8U6N, STM32C071GBU6, STM32C071GBU6N, STM32C071K8T6, STM32C071K8T6N, STM32C071K8U6, STM32C071K8U6N, STM32C071KBT6, STM32C071KBT6N, STM32C071KBU6, STM32C071KBU6N, STM32C071R8T6, STM32C071R8T6N, STM32C071RBI6N, STM32C071RBT6, STM32C071RBT6N, STM32C091CBT6, STM32C091CBU6, STM32C091CCT6, STM32C091CCU6, STM32C091ECY6TR, STM32C091FBP6, STM32C091FCP6, STM32C091GBU6, STM32C091GCU6, STM32C091KBT6, STM32C091KBU6, STM32C091KCT6, STM32C091KCU6, STM32C091RBT6, STM32C091RCI6, STM32C091RCT6, STM32C092CBT6, STM32C092CBU6, STM32C092CCT6, STM32C092CCU6, STM32C092ECY6TR, STM32C092FBP6, STM32C092FCP6, STM32C092GBU6, STM32C092GCU6, STM32C092KBT6, STM32C092KBU6, STM32C092KCT6, STM32C092KCU6, STM32C092RBT6, STM32C092RCI6, STM32C092RCT6, STM32G071K8TXN, STM32G071K8UXN, STM32G081GBU6N, STM32G081KBT6N, STM32G081KBUXN, STM32G0B1CCT6N, STM32G0B1KCT6, STM32G0B1NEY6TR, STM32G0B1RCT6N, STM32G0C1CCT6, STM32G0C1CCT6N, STM32G0C1CCU6N, STM32G0C1CET6N, STM32G0C1CEU6N, STM32G0C1KCT6, STM32G0C1NEY6TR, STM32G0C1RCI6N, STM32G0C1RCT6N, STM32G0C1REI6N, STM32G0C1RET6N, STM32G0C1VCI6, STM32G0C1VEI6, STM32G411C6T3, STM32G411C6T6, STM32G411C6U3, STM32G411C6U6, STM32G411C8T3, STM32G411C8T6, STM32G411C8U3, STM32G411C8U6, STM32G411CBT3, STM32G411CBT6, STM32G411CBU3, STM32G411CBU6, STM32G411CCT3, STM32G411CCT6, STM32G411CCU3, STM32G411CCU6, STM32G411K6T3, STM32G411K6T6, STM32G411K6U3, STM32G411K6U6, STM32G411K8T3, STM32G411K8T6, STM32G411K8U3, STM32G411K8U6, STM32G411KBT3, STM32G411KBT6, STM32G411KBU3, STM32G411KBU6, STM32G411M6T3, STM32G411M6T6, STM32G411M8T3, STM32G411M8T6, STM32G411MBT3, STM32G411MBT6, STM32G411MCT3, STM32G411MCT6, STM32G411R6T3, STM32G411R6T6, STM32G411R8T3, STM32G411R8T6, STM32G411RBT3, STM32G411RBT6, STM32G411RCT3, STM32G411RCT6, STM32G414CBT3, STM32G414CBT6, STM32G414CBU3, STM32G414CBU6, STM32G414CCT3, STM32G414CCT6, STM32G414CCU3, STM32G414CCU6, STM32G414MBT3, STM32G414MBT6, STM32G414MCT3, STM32G414MCT6, STM32G414RBT3, STM32G414RBT6, STM32G414RCT3, STM32G414RCT6, STM32G414VBT3, STM32G414VBT6, STM32G414VCT3, STM32G414VCT6, STM32G431CBT3Z, STM32G431RBT3Z, STM32G471CCT6, STM32G471CCU6, STM32G471CET3, STM32G471CET6, STM32G471CEU3, STM32G471CEU6, STM32G471MCT6, STM32G471MET3, STM32G471MET6, STM32G471MEY6TR, STM32G471QCT6, STM32G471QET3, STM32G471RCT6, STM32G471RET3, STM32G471RET6, STM32G471VCH6, STM32G471VCI6, STM32G471VCT6, STM32G471VEH3, STM32G471VEH6, STM32G471VEI3, STM32G471VEI6, STM32G471VET3, STM32G471VET6, STM32G473QET3Z, STM32G473RET3Z, STM32G474CCT6, STM32G491RET3Z, STM32H503CBT6, STM32H503CBU6, STM32H503EBY6TR, STM32H503KBU6, STM32H503RBT6, STM32H523CCT6, STM32H523CCU6, STM32H523CET6, STM32H523CEU6, STM32H523HEY6TR, STM32H523RCT6, STM32H523RET6, STM32H523VCI6, STM32H523VCT6, STM32H523VEI6, STM32H523VET6, STM32H523ZCJ6, STM32H523ZCT6, STM32H523ZEJ6, STM32H523ZET6, STM32H533CET6, STM32H533CEU6, STM32H533HEY6TR, STM32H533RET6, STM32H533VEI6, STM32H533VET6, STM32H533ZEJ6, STM32H533ZET6, STM32H562AGI6, STM32H562AII6, STM32H562IGK6, STM32H562IGT6, STM32H562IIK6, STM32H562IIT6, STM32H562RGT6, STM32H562RGV6, STM32H562RIT6, STM32H562RIV6, STM32H562VGT6, STM32H562VIT6, STM32H562ZGT6, STM32H562ZIT6, STM32H563AGI6, STM32H563AII3Q, STM32H563AII6, STM32H563IGK6, STM32H563IGT6, STM32H563IIK3Q, STM32H563IIK6, STM32H563IIT3Q, STM32H563IIT6, STM32H563MIY3QTR, STM32H563RGT6, STM32H563RGV6, STM32H563RIT6, STM32H563RIV6, STM32H563VGT6, STM32H563VIT3Q, STM32H563VIT6, STM32H563ZGT6, STM32H563ZIT3Q, STM32H563ZIT6, STM32H573AII3Q, STM32H573AII6, STM32H573I-DK, STM32H573IIK3Q, STM32H573IIK6, STM32H573IIT3Q, STM32H573IIT6, STM32H573MIY3QTR, STM32H573RIT6, STM32H573RIV6, STM32H573VIT3Q, STM32H573VIT6, STM32H573ZIT3Q, STM32H573ZIT6, STM32H7R3A8I6, STM32H7R3I8K6, STM32H7R3I8T6, STM32H7R3L8H6, STM32H7R3L8H6H, STM32H7R3R8V6, STM32H7R3V8H6, STM32H7R3V8T6, STM32H7R3V8Y6TR, STM32H7R3Z8J6, STM32H7R3Z8T6, STM32H7R7A8I6, STM32H7R7I8K6, STM32H7R7I8T6, STM32H7R7L8H6, STM32H7R7L8H6H, STM32H7R7Z8J6, STM32H7S3A8I6, STM32H7S3I8K6, STM32H7S3I8T6, STM32H7S3L8H6, STM32H7S3L8H6H, STM32H7S3R8V6, STM32H7S3V8H6, STM32H7S3V8T6, STM32H7S3V8Y6TR, STM32H7S3Z8J6, STM32H7S3Z8T6, STM32H7S78-DK, STM32H7S7A8I6, STM32H7S7I8K6, STM32H7S7I8T6, STM32H7S7L8H6, STM32H7S7L8H6H, STM32H7S7Z8J6, STM32L4R5QGI6STR, STM32MP131AAE3, STM32MP131AAF3, STM32MP131AAG3, STM32MP131CAE3, STM32MP131CAF3, STM32MP131CAG3, STM32MP131DAE7, STM32MP131DAF7, STM32MP131DAG7, STM32MP131FAE7, STM32MP131FAF7, STM32MP131FAG7, STM32MP133AAE3, STM32MP133AAF3, STM32MP133AAG3, STM32MP133CAE3, STM32MP133CAF3, STM32MP133CAG3, STM32MP133DAE7, STM32MP133DAF7, STM32MP133DAG7, STM32MP133FAE7, STM32MP133FAF7, STM32MP133FAG7, STM32MP135AAE3, STM32MP135AAF3, STM32MP135AAG3, STM32MP135CAE3, STM32MP135CAF3, STM32MP135CAG3, STM32MP135DAE7, STM32MP135DAF7, STM32MP135DAG7, STM32MP135F-DK, STM32MP135FAE7, STM32MP135FAF7, STM32MP135FAF7T, STM32MP135FAF7U, STM32MP135FAG7, STM32MP231AAJ3, STM32MP231AAK3, STM32MP231AAL3, STM32MP231CAJ3, STM32MP231CAK3, STM32MP231CAL3, STM32MP231DAJ3, STM32MP231DAK3, STM32MP231DAL3, STM32MP231FAJ3, STM32MP231FAK3, STM32MP231FAL3, STM32MP233AAJ3, STM32MP233AAK3, STM32MP233AAL3, STM32MP233CAJ3, STM32MP233CAK3, STM32MP233CAL3, STM32MP233DAJ3, STM32MP233DAK3, STM32MP233DAL3, STM32MP233FAJ3, STM32MP233FAK3, STM32MP233FAL3, STM32MP235AAJ3, STM32MP235AAK3, STM32MP235AAL3, STM32MP235CAJ3, STM32MP235CAK3, STM32MP235CAL3, STM32MP235DAJ3, STM32MP235DAK3, STM32MP235DAL3, STM32MP235FAJ3, STM32MP235FAK3, STM32MP235FAL3, STM32MP251AAI3, STM32MP251AAJ3, STM32MP251AAK3, STM32MP251AAL3, STM32MP251CAI3, STM32MP251CAJ3, STM32MP251CAK3, STM32MP251CAL3, STM32MP251DAI3, STM32MP251DAJ3, STM32MP251DAK3, STM32MP251DAL3, STM32MP251FAI3, STM32MP251FAJ3, STM32MP251FAK3, STM32MP251FAL3, STM32MP253AAI3, STM32MP253AAJ3, STM32MP253AAK3, STM32MP253AAL3, STM32MP253CAI3, STM32MP253CAJ3, STM32MP253CAK3, STM32MP253CAL3, STM32MP253DAI3, STM32MP253DAJ3, STM32MP253DAK3, STM32MP253DAL3, STM32MP253FAI3, STM32MP253FAJ3, STM32MP253FAK3, STM32MP253FAL3, STM32MP255AAI3, STM32MP255AAJ3, STM32MP255AAK3, STM32MP255AAL3, STM32MP255CAI3, STM32MP255CAJ3, STM32MP255CAK3, STM32MP255CAL3, STM32MP255DAI3, STM32MP255DAJ3, STM32MP255DAK3, STM32MP255DAL3, STM32MP255FAI3, STM32MP255FAJ3, STM32MP255FAK3, STM32MP255FAL3, STM32MP257AAI3, STM32MP257AAJ3, STM32MP257AAK3, STM32MP257AAL3, STM32MP257CAI3, STM32MP257CAJ3, STM32MP257CAK3, STM32MP257CAL3, STM32MP257DAI3, STM32MP257DAJ3, STM32MP257DAK3, STM32MP257DAL3, STM32MP257F-DK, STM32MP257F-EV1, STM32MP257FAI3, STM32MP257FAJ3, STM32MP257FAK3, STM32MP257FAL3, STM32N645A0H3Q, STM32N645B0H3Q, STM32N645I0H3Q, STM32N645L0H3Q, STM32N645X0H3Q, STM32N645Z0H3Q, STM32N647A0H3Q, STM32N647B0H3Q, STM32N647I0H3Q, STM32N647L0H3Q, STM32N647X0H3Q, STM32N647Z0H3Q, STM32N655A0H3Q, STM32N655B0H3Q, STM32N655I0H3Q, STM32N655L0H3Q, STM32N655X0H3Q, STM32N655Z0H3Q, STM32N6570-DK, STM32N657A0H3Q, STM32N657B0H3Q, STM32N657I0H3Q, STM32N657L0H3Q, STM32N657X0H3Q, STM32N657Z0H3Q, STM32U031C6T6, STM32U031C6U6, STM32U031C8T6, STM32U031C8U6, STM32U031F4P6, STM32U031F6P6, STM32U031F8P6, STM32U031G6Y6TR, STM32U031G8Y6TR, STM32U031K4U6, STM32U031K6U6, STM32U031K8U6, STM32U031R6I6, STM32U031R6T6, STM32U031R8I6, STM32U031R8T6, STM32U073C8T6, STM32U073C8U6, STM32U073CBT6, STM32U073CBU6, STM32U073CCT6, STM32U073CCU6, STM32U073H8Y6TR, STM32U073HBY6TR, STM32U073HCY6TR, STM32U073K8U6, STM32U073KBU6, STM32U073KCU6, STM32U073M8I6, STM32U073M8T6, STM32U073MBI6, STM32U073MBT6, STM32U073MCI6, STM32U073MCT6, STM32U073R8I6, STM32U073R8T6, STM32U073RBI6, STM32U073RBT6, STM32U073RCI6, STM32U073RCT6, STM32U083C-DK, STM32U083CCT6, STM32U083CCU6, STM32U083HCY6TR, STM32U083KCU6, STM32U083MCI6, STM32U083MCT6, STM32U083RCI6, STM32U083RCT6, STM32U375CET6, STM32U375CET6Q, STM32U375CEU6, STM32U375CEU6Q, STM32U375CEY6QTR, STM32U375CGT6, STM32U375CGT6Q, STM32U375CGU6, STM32U375CGU6Q, STM32U375CGY6QTR, STM32U375KEU6, STM32U375KGU6, STM32U375REI6, STM32U375REI6Q, STM32U375RET6, STM32U375RET6Q, STM32U375REY6GTR, STM32U375REY6QTR, STM32U375RGI6, STM32U375RGI6Q, STM32U375RGT6, STM32U375RGT6Q, STM32U375RGY6GTR, STM32U375RGY6QTR, STM32U375VEI6, STM32U375VEI6Q, STM32U375VET6, STM32U375VET6Q, STM32U375VGI6, STM32U375VGI6Q, STM32U375VGT6, STM32U375VGT6Q, STM32U385CGT6, STM32U385CGT6Q, STM32U385CGU6, STM32U385CGU6Q, STM32U385CGY6QTR, STM32U385KGU6, STM32U385RGI6, STM32U385RGI6Q, STM32U385RGT6, STM32U385RGT6Q, STM32U385RGY6GTR, STM32U385RGY6QTR, STM32U385VGI6, STM32U385VGI6Q, STM32U385VGT6, STM32U385VGT6Q, STM32U535CBT6, STM32U535CBT6Q, STM32U535CBU6, STM32U535CBU6Q, STM32U535CCT6, STM32U535CCT6Q, STM32U535CCU6, STM32U535CCU6Q, STM32U535CET6, STM32U535CET6Q, STM32U535CEU6, STM32U535CEU6Q, STM32U535JEY6QTR, STM32U535NCY6QTR, STM32U535NEY6QTR, STM32U535RBI6, STM32U535RBI6Q, STM32U535RBT6, STM32U535RBT6Q, STM32U535RCI6, STM32U535RCI6Q, STM32U535RCT6, STM32U535RCT6Q, STM32U535REI6, STM32U535REI6Q, STM32U535RET6, STM32U535RET6Q, STM32U535VCI6, STM32U535VCI6Q, STM32U535VCT6, STM32U535VCT6Q, STM32U535VEI6, STM32U535VEI6Q, STM32U535VET6, STM32U535VET6Q, STM32U545CET6, STM32U545CET6Q, STM32U545CEU6, STM32U545CEU6Q, STM32U545JEY6QTR, STM32U545NEY6QTR, STM32U545REI6, STM32U545REI6Q, STM32U545RET6, STM32U545RET6Q, STM32U545VEI6, STM32U545VEI6Q, STM32U545VET6, STM32U545VET6Q, STM32U595AIH6, STM32U595AIH6Q, STM32U595AJH6, STM32U595AJH6Q, STM32U595QII6, STM32U595QII6Q, STM32U595QJI6, STM32U595QJI6Q, STM32U595RIT6, STM32U595RIT6Q, STM32U595RJT6, STM32U595RJT6Q, STM32U595VIT6, STM32U595VIT6Q, STM32U595VJT6, STM32U595VJT6Q, STM32U595ZIT6, STM32U595ZIT6Q, STM32U595ZIY6QTR, STM32U595ZJT6, STM32U595ZJT6Q, STM32U595ZJY6QTR, STM32U599BJY6QTR, STM32U599NIH6Q, STM32U599NJH6Q, STM32U599VIT6Q, STM32U599VJT6, STM32U599VJT6Q, STM32U599ZIT6Q, STM32U599ZIY6QTR, STM32U599ZJT6Q, STM32U599ZJY6QTR, STM32U5A5AJH6, STM32U5A5AJH6Q, STM32U5A5QII3Q , STM32U5A5QJI6, STM32U5A5QJI6Q, STM32U5A5RJT6, STM32U5A5RJT6Q, STM32U5A5VJT6, STM32U5A5VJT6Q, STM32U5A5ZJT6, STM32U5A5ZJT6Q, STM32U5A5ZJY6QTR, STM32U5A9BJY6QTR, STM32U5A9J-DK, STM32U5A9NJH6Q, STM32U5A9VJT6Q, STM32U5A9ZJT6Q, STM32U5A9ZJY6QTR, STM32U5F7VIT6, STM32U5F7VIT6Q, STM32U5F7VJT6, STM32U5F7VJT6Q, STM32U5F9BJY6QTR, STM32U5F9NJH6Q, STM32U5F9VIT6Q, STM32U5F9VJT6Q, STM32U5F9ZIJ6QTR, STM32U5F9ZIT6Q, STM32U5F9ZJJ6QTR, STM32U5F9ZJT6Q, STM32U5G7VJT6, STM32U5G7VJT6Q, STM32U5G9BJY6QTR, STM32U5G9J-DK1, STM32U5G9J-DK2, STM32U5G9NJH6Q, STM32U5G9VJT6Q, STM32U5G9ZJJ6QTR, STM32U5G9ZJT6Q, STM32WB05KZV6TR, STM32WB05KZV7TR, STM32WB05TZF6TR, STM32WB05TZF7TR, STM32WB06CCF6TR, STM32WB06CCF7TR, STM32WB06CCV6TR, STM32WB06CCV7TR, STM32WB06KCV6TR, STM32WB06KCV7TR, STM32WB07CCF6TR, STM32WB07CCF7TR, STM32WB07CCV6TR, STM32WB07CCV7TR, STM32WB07KCV6TR, STM32WB07KCV7TR, STM32WB09KEV6TR, STM32WB09KEV7TR, STM32WB09TEF6TR, STM32WB09TEF7TR, STM32WB1MMCH6, STM32WBA50KGU6, STM32WBA50KGU6TR, STM32WBA52CEU6, STM32WBA52CEU6TR, STM32WBA52CEU7, STM32WBA52CEU7TR, STM32WBA52CGU6, STM32WBA52CGU6TR, STM32WBA52CGU6U, STM32WBA52CGU7, STM32WBA52CGU7TR, STM32WBA52KEU6, STM32WBA52KEU6TR, STM32WBA52KGU6, STM32WBA52KGU6TR, STM32WBA54CEU6, STM32WBA54CEU6TR, STM32WBA54CEU7, STM32WBA54CEU7TR, STM32WBA54CGU6, STM32WBA54CGU6TR, STM32WBA54CGU7, STM32WBA54CGU7TR, STM32WBA54KEU6, STM32WBA54KEU6TR, STM32WBA54KEU7, STM32WBA54KEU7TR, STM32WBA54KGU6, STM32WBA54KGU6TR, STM32WBA54KGU7, STM32WBA54KGU7TR, STM32WBA55CEU6, STM32WBA55CEU6TR, STM32WBA55CEU7, STM32WBA55CEU7TR, STM32WBA55CGU6, STM32WBA55CGU6TR, STM32WBA55CGU6U, STM32WBA55CGU7, STM32WBA55CGU7TR, STM32WBA55G-DK1, STM32WBA55HEF6, STM32WBA55HEF7, STM32WBA55HGF6, STM32WBA55HGF7, STM32WBA55UEI6, STM32WBA55UEI6TR, STM32WBA55UEI7, STM32WBA55UEI7TR, STM32WBA55UGI6, STM32WBA55UGI6TR, STM32WBA55UGI7, STM32WBA55UGI7TR, STM32WBA5MJGH6TR, STM32WBA62CGU6, STM32WBA62CIU6, STM32WBA62MGF6, STM32WBA62MIF6, STM32WBA62PGI6, STM32WBA62PII6, STM32WBA63CGU6, STM32WBA63CGU7, STM32WBA63CIU6, STM32WBA63CIU7, STM32WBA64CGU6, STM32WBA64CGU7, STM32WBA64CIU6, STM32WBA64CIU7, STM32WBA65CGU6, STM32WBA65CGU7, STM32WBA65CIU6, STM32WBA65CIU7, STM32WBA65I-DK1, STM32WBA65MGF6, STM32WBA65MGF7, STM32WBA65MIF6, STM32WBA65MIF7, STM32WBA65PGI6, STM32WBA65PGI7, STM32WBA65PII6, STM32WBA65PII7, STM32WBA65RGV6, STM32WBA65RGV7, STM32WBA65RIV6, STM32WBA65RIV7, STM32WL30K8V6, STM32WL30KBV6, STM32WL31C8V6, STM32WL31CBV6, STM32WL31K8V6, STM32WL31KBV6, STM32WL33C8V6, STM32WL33C8V6TR, STM32WL33C8V7, STM32WL33C8V7TR, STM32WL33CBV6, STM32WL33CBV6TR, STM32WL33CBV7, STM32WL33CBV7TR, STM32WL33CCV6, STM32WL33CCV6TR, STM32WL33CCV7, STM32WL33CCV7A, STM32WL33CCV7ATR, STM32WL33CCV7TR, STM32WL33K8V6, STM32WL33K8V6TR, STM32WL33K8V7, STM32WL33K8V7TR, STM32WL33KBV6, STM32WL33KBV6TR, STM32WL33KBV7, STM32WL33KBV7TR, STM32WL33KCV6, STM32WL33KCV6TR, STM32WL33KCV7, STM32WL33KCV7TR, STM32WL5MOCH6, STM32WL5MOCH6TR]
2025-07-03 19:43:02,696 [INFO] DbMcus:218 - Found 4686 MCUs, 4686 are supported
2025-07-03 19:43:02,696 [INFO] ApiDb:414 - User favorites file not found: /home/adrian/.stm32cubeide/favorites.mcus.txt
2025-07-03 19:43:02,696 [INFO] DbMcus:224 - Set 0 / 0 favorites MCUs
2025-07-03 19:43:03,047 [INFO] ApiDb:414 - User favorites file not found: /home/adrian/.stm32cubeide/favorites.boards.txt
2025-07-03 19:43:03,047 [INFO] DbBoards:198 - Set 0 / 0 favorites Boards
2025-07-03 19:43:03,092 [INFO] UtilMem:75 - End LoadConfig() Used Memory: 390553144 Bytes (580911104)
2025-07-03 19:43:03,178 [WARN] ThirdParty:833 - waiting for thirdparty lock release [change project]
2025-07-03 19:43:03,178 [INFO] ThirdParty:835 - entering critical section [change project]
2025-07-03 19:43:03,178 [INFO] ThirdParty:1030 - CMSIS Pack Vendor :STMicroelectronics X-CUBE-PM33A1 1.0.0
2025-07-03 19:43:03,178 [INFO] ThirdParty:1030 - CMSIS Pack Vendor :STMicroelectronics USBPD 4.1
2025-07-03 19:43:03,178 [INFO] ThirdParty:1030 - CMSIS Pack Vendor :STMicroelectronics X-CUBE-AZRTOS-H7 3.3.0
2025-07-03 19:43:03,178 [INFO] ThirdParty:1030 - CMSIS Pack Vendor :STMicroelectronics X-CUBE-NFC9 1.0.0
2025-07-03 19:43:03,178 [INFO] ThirdParty:1030 - CMSIS Pack Vendor :wolfSSL I-CUBE-wolfSSL 5.8.0
2025-07-03 19:43:03,178 [INFO] ThirdParty:1030 - CMSIS Pack Vendor :STMicroelectronics USB_HOST 2.0.0
2025-07-03 19:43:03,178 [INFO] ThirdParty:1030 - CMSIS Pack Vendor :STMicroelectronics FP-SNS-MOTENVWB1 1.4.0
2025-07-03 19:43:03,178 [INFO] ThirdParty:1030 - CMSIS Pack Vendor :STMicroelectronics X-CUBE-AZRTOS-F4 1.1.0
2025-07-03 19:43:03,178 [INFO] ThirdParty:1030 - CMSIS Pack Vendor :STMicroelectronics LIBJPEG 8.0.0
2025-07-03 19:43:03,178 [INFO] ThirdParty:1030 - CMSIS Pack Vendor :STMicroelectronics FP-ATR-ASTRA1 2.0.2
2025-07-03 19:43:03,179 [INFO] ThirdParty:1030 - CMSIS Pack Vendor :STMicroelectronics X-CUBE-BLE1 7.1.0
2025-07-03 19:43:03,179 [INFO] ThirdParty:1030 - CMSIS Pack Vendor :Avnet-IotConnect X-CUBE-IoTC-DA16k-PMOD 1.0.0
2025-07-03 19:43:03,179 [INFO] ThirdParty:1030 - CMSIS Pack Vendor :STMicroelectronics X-CUBE-SMBUS 2.1.0
2025-07-03 19:43:03,179 [INFO] ThirdParty:1030 - CMSIS Pack Vendor :wolfSSL I-CUBE-wolfMQTT 1.19.2
2025-07-03 19:43:03,179 [INFO] ThirdParty:1030 - CMSIS Pack Vendor :STMicroelectronics USB_DEVICE 3.0.0
2025-07-03 19:43:03,179 [INFO] ThirdParty:1030 - CMSIS Pack Vendor :STMicroelectronics X-CUBE-ISPU 2.1.0
2025-07-03 19:43:03,179 [INFO] ThirdParty:1030 - CMSIS Pack Vendor :STMicroelectronics X-CUBE-AZRTOS-WB 2.0.0
2025-07-03 19:43:03,179 [INFO] ThirdParty:1030 - CMSIS Pack Vendor :STMicroelectronics X-CUBE-ST60 1.0.0
2025-07-03 19:43:03,179 [INFO] ThirdParty:1030 - CMSIS Pack Vendor :STMicroelectronics X-CUBE-GNSS1 7.0.1
2025-07-03 19:43:03,179 [INFO] ThirdParty:1030 - CMSIS Pack Vendor :STMicroelectronics X-CUBE-AZRTOS-F7 1.1.0
2025-07-03 19:43:03,179 [INFO] ThirdParty:1030 - CMSIS Pack Vendor :STMicroelectronics X-CUBE-AZRTOS-L5 2.0.0
2025-07-03 19:43:03,179 [INFO] ThirdParty:1030 - CMSIS Pack Vendor :STMicroelectronics X-CUBE-TOUCHGFX 4.25.0
2025-07-03 19:43:03,179 [INFO] ThirdParty:1030 - CMSIS Pack Vendor :STMicroelectronics USB_DEVICE 2.0.0
2025-07-03 19:43:03,179 [INFO] ThirdParty:1030 - CMSIS Pack Vendor :STMicroelectronics X-CUBE-NFC6 3.1.0
2025-07-03 19:43:03,179 [INFO] ThirdParty:1030 - CMSIS Pack Vendor :STMicroelectronics X-CUBE-AI 10.1.0
2025-07-03 19:43:03,179 [INFO] ThirdParty:1030 - CMSIS Pack Vendor :STMicroelectronics FP-SNS-STBOX1 2.0.0
2025-07-03 19:43:03,179 [INFO] ThirdParty:1030 - CMSIS Pack Vendor :STMicroelectronics FreeRTOS 0.0.1
2025-07-03 19:43:03,179 [INFO] ThirdParty:1030 - CMSIS Pack Vendor :STMicroelectronics X-CUBE-AZRTOS-G0 1.1.0
2025-07-03 19:43:03,179 [INFO] ThirdParty:1030 - CMSIS Pack Vendor :STMicroelectronics X-CUBE-SAFEA1 1.2.2
2025-07-03 19:43:03,179 [INFO] ThirdParty:1030 - CMSIS Pack Vendor :STMicroelectronics X-CUBE-NFC4 3.0.0
2025-07-03 19:43:03,179 [INFO] ThirdParty:1030 - CMSIS Pack Vendor :STMicroelectronics X-CUBE-SUBG2 5.0.0
2025-07-03 19:43:03,179 [INFO] ThirdParty:1030 - CMSIS Pack Vendor :STMicroelectronics X-CUBE-AZRTOS-H7RS 1.1.0
2025-07-03 19:43:03,179 [INFO] ThirdParty:1030 - CMSIS Pack Vendor :STMicroelectronics STM32_WPAN 1.0.0
2025-07-03 19:43:03,179 [INFO] ThirdParty:1030 - CMSIS Pack Vendor :EmbeddedOffice I-CUBE-FS-RTOS 1.0.1
2025-07-03 19:43:03,179 [INFO] ThirdParty:1030 - CMSIS Pack Vendor :STMicroelectronics lwIP 2.0.3
2025-07-03 19:43:03,179 [INFO] ThirdParty:1030 - CMSIS Pack Vendor :Cesanta I-CUBE-Mongoose 7.13.0
2025-07-03 19:43:03,179 [INFO] ThirdParty:1030 - CMSIS Pack Vendor :STMicroelectronics USB_HOST 1.0.0
2025-07-03 19:43:03,179 [INFO] ThirdParty:1030 - CMSIS Pack Vendor :Infineon AIROC-Wi-Fi-Bluetooth-STM32 1.7.0
2025-07-03 19:43:03,179 [INFO] ThirdParty:1030 - CMSIS Pack Vendor :STMicroelectronics X-CUBE-AZRTOS-G4 2.0.0
2025-07-03 19:43:03,179 [INFO] ThirdParty:1030 - CMSIS Pack Vendor :STMicroelectronics X-CUBE-WB05N 2.0.0
2025-07-03 19:43:03,179 [INFO] ThirdParty:1030 - CMSIS Pack Vendor :STMicroelectronics PDM2PCM 3.1.0
2025-07-03 19:43:03,179 [INFO] ThirdParty:1030 - CMSIS Pack Vendor :STMicroelectronics PDM2PCM 3.3.0
2025-07-03 19:43:03,180 [INFO] ThirdParty:1030 - CMSIS Pack Vendor :wolfSSL I-CUBE-wolfTPM 3.8.0
2025-07-03 19:43:03,180 [INFO] ThirdParty:1030 - CMSIS Pack Vendor :STMicroelectronics X-CUBE-DISPLAY 3.0.0
2025-07-03 19:43:03,180 [INFO] ThirdParty:1030 - CMSIS Pack Vendor :wolfSSL I-CUBE-wolfSSH 1.4.20
2025-07-03 19:43:03,180 [INFO] ThirdParty:1030 - CMSIS Pack Vendor :STMicroelectronics X-CUBE-NFC7 2.0.0
2025-07-03 19:43:03,180 [INFO] ThirdParty:1030 - CMSIS Pack Vendor :STMicroelectronics X-CUBE-TCPP 4.2.0
2025-07-03 19:43:03,180 [INFO] ThirdParty:1030 - CMSIS Pack Vendor :RealThread X-CUBE-RT-Thread_Nano 4.1.1
2025-07-03 19:43:03,180 [INFO] ThirdParty:1030 - CMSIS Pack Vendor :STMicroelectronics FP-ATR-SIGFOX1 3.2.0
2025-07-03 19:43:03,180 [INFO] ThirdParty:1030 - CMSIS Pack Vendor :STMicroelectronics X-CUBE-NFC10 1.0.0
2025-07-03 19:43:03,180 [INFO] ThirdParty:1030 - CMSIS Pack Vendor :STMicroelectronics X-CUBE-BLEMGR 4.0.0
2025-07-03 19:43:03,180 [INFO] ThirdParty:1030 - CMSIS Pack Vendor :STMicroelectronics X-CUBE-EEPRMA1 5.1.0
2025-07-03 19:43:03,180 [INFO] ThirdParty:1030 - CMSIS Pack Vendor :STMicroelectronics X-CUBE-FREERTOS 1.3.1
2025-07-03 19:43:03,180 [INFO] ThirdParty:1030 - CMSIS Pack Vendor :STMicroelectronics HAL Drivers 0.0.0
2025-07-03 19:43:03,180 [INFO] ThirdParty:1030 - CMSIS Pack Vendor :STMicroelectronics MBEDTLS 2.16.2
2025-07-03 19:43:03,180 [INFO] ThirdParty:1030 - CMSIS Pack Vendor :STMicroelectronics X-CUBE-IPS 3.1.0
2025-07-03 19:43:03,180 [INFO] ThirdParty:1030 - CMSIS Pack Vendor :STMicroelectronics X-CUBE-ALS 1.0.2
2025-07-03 19:43:03,180 [INFO] ThirdParty:1030 - CMSIS Pack Vendor :emotas I-CUBE-CANOPEN 1.3.0
2025-07-03 19:43:03,180 [INFO] ThirdParty:1030 - CMSIS Pack Vendor :STMicroelectronics MBEDTLS 2.14.1
2025-07-03 19:43:03,180 [INFO] ThirdParty:1030 - CMSIS Pack Vendor :ITTIA_DB I-CUBE-ITTIADB 8.9.0
2025-07-03 19:43:03,180 [INFO] ThirdParty:1030 - CMSIS Pack Vendor :portGmbH I-Cube-SoM-uGOAL 1.1.0
2025-07-03 19:43:03,180 [INFO] ThirdParty:1030 - CMSIS Pack Vendor :quantropi X-CUBE-qispace-sdk-base 2.0.0
2025-07-03 19:43:03,180 [INFO] ThirdParty:1030 - CMSIS Pack Vendor :STMicroelectronics X-CUBE-ST67W61 1.0.0
2025-07-03 19:43:03,180 [INFO] ThirdParty:1030 - CMSIS Pack Vendor :STMicroelectronics FP-SNS-STAIOTCFT 1.0.0
2025-07-03 19:43:03,180 [INFO] ThirdParty:1030 - CMSIS Pack Vendor :STMicroelectronics ThreadX 1.0.0
2025-07-03 19:43:03,180 [INFO] ThirdParty:1030 - CMSIS Pack Vendor :STMicroelectronics FP-SNS-SMARTAG2 1.2.0
2025-07-03 19:43:03,180 [INFO] ThirdParty:1030 - CMSIS Pack Vendor :STMicroelectronics FP-SNS-FLIGHT1 5.1.0
2025-07-03 19:43:03,180 [INFO] ThirdParty:1030 - CMSIS Pack Vendor :STMicroelectronics X-CUBE-AZRTOS-WL 2.0.0
2025-07-03 19:43:03,180 [INFO] ThirdParty:1030 - CMSIS Pack Vendor :SEGGER I-CUBE-embOS 1.3.1
2025-07-03 19:43:03,181 [INFO] ThirdParty:1030 - CMSIS Pack Vendor :STMicroelectronics X-CUBE-ALGOBUILD 1.4.0
2025-07-03 19:43:03,181 [INFO] ThirdParty:1030 - CMSIS Pack Vendor :STMicroelectronics X-CUBE-DPower 1.3.0
2025-07-03 19:43:03,181 [INFO] ThirdParty:1030 - CMSIS Pack Vendor :STMicroelectronics X-CUBE-MEMS1 11.3.0
2025-07-03 19:43:03,181 [INFO] ThirdParty:1030 - CMSIS Pack Vendor :STMicroelectronics FP-SNS-MOTENV1 5.0.0
2025-07-03 19:43:03,181 [INFO] ThirdParty:1030 - CMSIS Pack Vendor :STMicroelectronics USB_DEVICE 1.0.0
2025-07-03 19:43:03,181 [INFO] ThirdParty:1030 - CMSIS Pack Vendor :STMicroelectronics X-CUBE-AZRTOS-L4 2.0.0
2025-07-03 19:43:03,181 [INFO] ThirdParty:1030 - CMSIS Pack Vendor :STMicroelectronics ThreadX 0.0.2
2025-07-03 19:43:03,181 [INFO] ThirdParty:1030 - CMSIS Pack Vendor :WES I-CUBE-Cesium 1.3.0
2025-07-03 19:43:03,181 [INFO] ThirdParty:1030 - CMSIS Pack Vendor :STMicroelectronics lwIP 2.1.2
2025-07-03 19:43:03,181 [INFO] ThirdParty:1030 - CMSIS Pack Vendor :STMicroelectronics X-CUBE-SFXS2LP1 4.0.0
2025-07-03 19:43:03,181 [INFO] ThirdParty:1030 - CMSIS Pack Vendor :STMicroelectronics X-CUBE-BLE2 3.3.0
2025-07-03 19:43:03,181 [INFO] ThirdParty:1030 - CMSIS Pack Vendor :STMicroelectronics X-CUBE-TOF1 3.4.3
2025-07-03 19:43:03,181 [INFO] ThirdParty:1030 - CMSIS Pack Vendor :STMicroelectronics PDM2PCM 3.2.0
2025-07-03 19:43:03,181 [INFO] ThirdParty:841 - exiting critical section [change project]
2025-07-03 19:43:03,458 [INFO] PinOutPanel:1589 - setPackage(No Configuration,No Configuration)
2025-07-03 19:43:03,458 [INFO] PinOutPanel:1589 - setPackage(STM32F411CEUx,UFQFPN48)
2025-07-03 19:43:03,775 [INFO] UtilMem:75 - Before build in PCC Used Memory: 316401392 Bytes (580911104)
2025-07-03 19:43:04,133 [INFO] UtilMem:75 - After build in PCC Used Memory: 439473008 Bytes (580911104)
2025-07-03 19:43:04,154 [INFO] IPUIPlugin:80 - create IPUIPlugin
2025-07-03 19:43:04,154 [INFO] IPUIPlugin:80 - create IPUIPlugin
2025-07-03 19:43:04,155 [INFO] IPUIPlugin:80 - create IPUIPlugin
2025-07-03 19:43:04,155 [INFO] IPUIPlugin:80 - create IPUIPlugin
2025-07-03 19:43:04,155 [INFO] IPUIPlugin:80 - create IPUIPlugin
2025-07-03 19:43:04,155 [INFO] IPUIPlugin:80 - create IPUIPlugin
2025-07-03 19:43:04,155 [INFO] IPUIPlugin:80 - create IPUIPlugin
2025-07-03 19:43:04,155 [INFO] IPUIPlugin:80 - create IPUIPlugin
2025-07-03 19:43:04,155 [INFO] IPUIPlugin:80 - create IPUIPlugin
2025-07-03 19:43:04,155 [INFO] IPUIPlugin:80 - create IPUIPlugin
2025-07-03 19:43:04,155 [INFO] IPUIPlugin:80 - create IPUIPlugin
2025-07-03 19:43:04,155 [INFO] IPUIPlugin:80 - create IPUIPlugin
2025-07-03 19:43:04,155 [INFO] IPUIPlugin:80 - create IPUIPlugin
2025-07-03 19:43:04,155 [INFO] IPUIPlugin:80 - create IPUIPlugin
2025-07-03 19:43:04,155 [INFO] IPUIPlugin:80 - create IPUIPlugin
2025-07-03 19:43:04,156 [INFO] IPUIPlugin:80 - create IPUIPlugin
2025-07-03 19:43:04,156 [INFO] IPUIPlugin:80 - create IPUIPlugin
2025-07-03 19:43:04,156 [INFO] IPUIPlugin:80 - create IPUIPlugin
2025-07-03 19:43:04,156 [INFO] IPUIPlugin:80 - create IPUIPlugin
2025-07-03 19:43:04,156 [INFO] IPUIPlugin:80 - create IPUIPlugin
2025-07-03 19:43:04,156 [INFO] IPUIPlugin:80 - create IPUIPlugin
2025-07-03 19:43:04,156 [INFO] IPUIPlugin:80 - create IPUIPlugin
2025-07-03 19:43:04,156 [INFO] IPUIPlugin:80 - create IPUIPlugin
2025-07-03 19:43:04,157 [INFO] IPUIPlugin:80 - create IPUIPlugin
2025-07-03 19:43:04,157 [INFO] IPUIPlugin:80 - create IPUIPlugin
2025-07-03 19:43:04,157 [INFO] IPUIPlugin:80 - create IPUIPlugin
2025-07-03 19:43:04,157 [INFO] IPUIPlugin:80 - create IPUIPlugin
2025-07-03 19:43:04,157 [INFO] IPUIPlugin:80 - create IPUIPlugin
2025-07-03 19:43:04,157 [INFO] IPUIPlugin:80 - create IPUIPlugin
2025-07-03 19:43:04,157 [INFO] IPUIPlugin:80 - create IPUIPlugin
2025-07-03 19:43:04,157 [INFO] IPUIPlugin:80 - create IPUIPlugin
2025-07-03 19:43:04,157 [INFO] IPUIPlugin:80 - create IPUIPlugin
2025-07-03 19:43:04,157 [INFO] IPUIPlugin:80 - create IPUIPlugin
2025-07-03 19:43:04,157 [INFO] IPUIPlugin:80 - create IPUIPlugin
2025-07-03 19:43:04,158 [INFO] IPUIPlugin:80 - create IPUIPlugin
2025-07-03 19:43:04,158 [INFO] IPUIPlugin:80 - create IPUIPlugin
2025-07-03 19:43:04,158 [INFO] IPUIPlugin:80 - create IPUIPlugin
2025-07-03 19:43:04,158 [INFO] IPUIPlugin:80 - create IPUIPlugin
2025-07-03 19:43:04,158 [INFO] IPUIPlugin:80 - create IPUIPlugin
2025-07-03 19:43:04,158 [INFO] IPUIPlugin:80 - create IPUIPlugin
2025-07-03 19:43:04,158 [INFO] IPUIPlugin:80 - create IPUIPlugin
2025-07-03 19:43:04,158 [INFO] IPUIPlugin:80 - create IPUIPlugin
2025-07-03 19:43:04,159 [INFO] IPUIPlugin:80 - create IPUIPlugin
2025-07-03 19:43:04,181 [INFO] ApiDbMcu:508 - Load IP Config File for PDM2PCM
2025-07-03 19:43:04,185 [WARN] IP:2250 - I2C_Coeff_DF not found: check if there is a RefParameter without a condition.
2025-07-03 19:43:04,185 [WARN] IP:2250 - Analog_Filter not found: check if there is a RefParameter without a condition.
2025-07-03 19:43:04,294 [INFO] CADModel:165 - CPN selected for project levelSTM32F411CEU6
2025-07-03 19:43:04,294 [INFO] CADModel:114 - Register for checkConnection events
2025-07-03 19:43:04,332 [INFO] OpenFileManager:385 - Restore cursor
2025-07-03 19:43:04,485 [WARN] IP:2250 - I2C_Coeff_DF not found: check if there is a RefParameter without a condition.
2025-07-03 19:43:04,485 [WARN] IP:2250 - Analog_Filter not found: check if there is a RefParameter without a condition.
2025-07-03 19:43:04,486 [WARN] IP:2250 - I2C_Coeff_DF not found: check if there is a RefParameter without a condition.
2025-07-03 19:43:04,486 [WARN] IP:2250 - Analog_Filter not found: check if there is a RefParameter without a condition.
2025-07-03 20:01:08,039 [INFO] MainUpdater:2872 - connection check result : 10
2025-07-03 20:01:08,039 [INFO] MainUpdater:2872 - connection check result : 10
2025-07-03 20:01:08,095 [INFO] MicroXplorer:468 - Change Database Path : 
2025-07-03 20:01:08,095 [INFO] MicroXplorer:498 - Change Database Version : DB.6.0.141
2025-07-03 20:01:08,102 [ERROR] ProjectManagerView:395 - 
java.lang.NullPointerException: Cannot invoke "javax.swing.JTextField.getText()" because the return value of "java.util.List.get(int)" is null
	at com.st.microxplorer.plugins.projectmanager.gui.ProjectChoiceTab$9.caretUpdate(ProjectChoiceTab.java:2678) ~[filemanager.jar:?]
	at javax.swing.text.JTextComponent.fireCaretUpdate(JTextComponent.java:408) ~[?:?]
	at javax.swing.text.JTextComponent$MutableCaretEvent.fire(JTextComponent.java:4484) ~[?:?]
	at javax.swing.text.JTextComponent$MutableCaretEvent.stateChanged(JTextComponent.java:4506) ~[?:?]
	at javax.swing.text.DefaultCaret.fireStateChanged(DefaultCaret.java:857) ~[?:?]
	at javax.swing.text.DefaultCaret.changeCaretPosition(DefaultCaret.java:1343) ~[?:?]
	at javax.swing.text.DefaultCaret.handleSetDot(DefaultCaret.java:1242) ~[?:?]
	at javax.swing.text.DefaultCaret.setDot(DefaultCaret.java:1223) ~[?:?]
	at javax.swing.text.DefaultCaret$Handler.insertUpdate(DefaultCaret.java:1819) ~[?:?]
	at javax.swing.text.AbstractDocument.fireInsertUpdate(AbstractDocument.java:227) ~[?:?]
	at javax.swing.text.AbstractDocument.handleInsertString(AbstractDocument.java:781) ~[?:?]
	at javax.swing.text.AbstractDocument.insertString(AbstractDocument.java:740) ~[?:?]
	at javax.swing.text.PlainDocument.insertString(PlainDocument.java:131) ~[?:?]
	at javax.swing.text.AbstractDocument.replace(AbstractDocument.java:699) ~[?:?]
	at javax.swing.text.JTextComponent.setText(JTextComponent.java:1725) ~[?:?]
	at com.st.microxplorer.plugins.projectmanager.gui.ProjectChoiceTab.createHeapStackFields(ProjectChoiceTab.java:979) ~[filemanager.jar:?]
	at com.st.microxplorer.plugins.projectmanager.gui.ProjectChoiceTab.buildLinkSettingsPanel(ProjectChoiceTab.java:3766) ~[filemanager.jar:?]
	at com.st.microxplorer.plugins.projectmanager.gui.ProjectChoiceTab.defineWindowsFields(ProjectChoiceTab.java:1962) ~[filemanager.jar:?]
	at com.st.microxplorer.plugins.projectmanager.gui.ProjectChoiceTab.updateSettings(ProjectChoiceTab.java:555) ~[filemanager.jar:?]
	at com.st.microxplorer.plugins.projectmanager.gui.ProjectSettingsPanel.UpdateDialog(ProjectSettingsPanel.java:245) ~[filemanager.jar:?]
	at com.st.microxplorer.plugins.projectmanager.ProjectManagerView.propertyChange(ProjectManagerView.java:392) ~[filemanager.jar:?]
	at java.beans.PropertyChangeSupport.fire(PropertyChangeSupport.java:343) ~[?:?]
	at java.beans.PropertyChangeSupport.firePropertyChange(PropertyChangeSupport.java:335) ~[?:?]
	at java.beans.PropertyChangeSupport.firePropertyChange(PropertyChangeSupport.java:268) ~[?:?]
	at com.st.microxplorer.util.MXPropertyChangeSupport.firePropertyChange(MXPropertyChangeSupport.java:54) ~[STM32CubeMX.jar:?]
	at com.st.microxplorer.mxsystem.MxSystem.closeConfig(MxSystem.java:899) ~[STM32CubeMX.jar:?]
	at com.st.microxplorer.maingui.MainPanel.closeConfig(MainPanel.java:789) ~[STM32CubeMX.jar:?]
	at com.st.microxplorer.plugins.filemanager.engine.OpenFileManager.loadConfigurationFile(OpenFileManager.java:287) ~[filemanager.jar:?]
	at com.st.microxplorer.plugins.filemanager.engine.MainFileManager.userLoadConfig(MainFileManager.java:341) ~[filemanager.jar:?]
	at com.st.microxplorer.plugins.filemanager.engine.MainFileManager.userLoadConfig(MainFileManager.java:319) ~[filemanager.jar:?]
	at com.st.microxplorer.plugins.filemanager.FileManagerView.getSpecificTask(FileManagerView.java:246) ~[filemanager.jar:?]
	at com.st.stm32cube.common.mx.editor.CubeMxEditor.getMxTabbedPaneInstance(CubeMxEditor.java:1198) ~[com.st.stm32cube.common.mx_6.14.1.202504091515/:?]
	at com.st.stm32cube.common.mx.editor.CubeMxEditor$12$1.createSwingComponent(CubeMxEditor.java:1068) ~[com.st.stm32cube.common.mx_6.14.1.202504091515/:?]
	at com.st.stm32cube.common.mx.oss.core.awtswtbridge.EmbeddedSwingComposite.doComponentCreation(EmbeddedSwingComposite.java:492) ~[com.st.stm32cube.common.mx.oss_6.14.1.202504091515/:?]
	at com.st.stm32cube.common.mx.oss.core.awtswtbridge.EmbeddedSwingComposite$4.run(EmbeddedSwingComposite.java:291) ~[com.st.stm32cube.common.mx.oss_6.14.1.202504091515/:?]
	at com.st.stm32cube.common.mx.oss.core.awtswtbridge.AwtEnvironment$2.run(AwtEnvironment.java:166) ~[com.st.stm32cube.common.mx.oss_6.14.1.202504091515/:?]
	at java.awt.event.InvocationEvent.dispatch(InvocationEvent.java:318) ~[?:?]
	at java.awt.EventQueue.dispatchEventImpl(EventQueue.java:773) ~[?:?]
	at java.awt.EventQueue$4.run(EventQueue.java:720) ~[?:?]
	at java.awt.EventQueue$4.run(EventQueue.java:714) ~[?:?]
	at java.security.AccessController.doPrivileged(AccessController.java:400) ~[?:?]
	at java.security.ProtectionDomain$JavaSecurityAccessImpl.doIntersectionPrivilege(ProtectionDomain.java:87) ~[?:?]
	at java.awt.EventQueue.dispatchEvent(EventQueue.java:742) ~[?:?]
	at java.awt.EventDispatchThread.pumpOneEventForFilters(EventDispatchThread.java:203) ~[?:?]
	at java.awt.EventDispatchThread.pumpEventsForFilter(EventDispatchThread.java:124) ~[?:?]
	at java.awt.EventDispatchThread.pumpEventsForHierarchy(EventDispatchThread.java:113) ~[?:?]
	at java.awt.EventDispatchThread.pumpEvents(EventDispatchThread.java:109) ~[?:?]
	at java.awt.EventDispatchThread.pumpEvents(EventDispatchThread.java:101) ~[?:?]
	at java.awt.EventDispatchThread.run(EventDispatchThread.java:90) ~[?:?]
2025-07-03 20:01:08,106 [WARN] ThirdParty:871 - waiting for thirdparty lock release [close project]
2025-07-03 20:01:08,106 [INFO] ThirdParty:873 - entering critical section [close project]
2025-07-03 20:01:08,106 [INFO] ThirdParty:883 - exiting critical section [close project]
2025-07-03 20:01:08,107 [INFO] PinOutPanel:1589 - setPackage(No Configuration,No Configuration)
2025-07-03 20:01:08,116 [WARN] IpParametersView:155 - Warning: This peripheral hasn't parameters
2025-07-03 20:01:08,124 [WARN] MainPanel:289 - <html><b><center>Warning: This peripheral has no parameters to be configured<br></b></html>
2025-07-03 20:01:08,129 [INFO] UtilMem:75 - Begin LoadConfig() Used Memory: 316778080 Bytes (580911104)
2025-07-03 20:01:08,132 [INFO] MicroXplorer:468 - Change Database Path : /home/adrian/.stm32cubemx/databases/DB.6.0.140/db/
2025-07-03 20:01:08,132 [INFO] MicroXplorer:498 - Change Database Version : DB.6.0.140
2025-07-03 20:01:09,752 [INFO] OpenFileManager:354 - Change cursor
2025-07-03 20:01:09,757 [INFO] Mcu:2011 - Initializing MCU STM32F411C(C-E)Ux STM32F411CEUx STM32F411CEU6
2025-07-03 20:01:10,199 [INFO] Context:756 - Trying to add GPIOservice into a context  which must be forbidden
2025-07-03 20:01:10,327 [INFO] ImportTextPane:218 - (OptionalMessage_ERROR) Pin25 (VP_RIF_VS_RIF1) cannot be retrieved for this MCU
2025-07-03 20:01:10,341 [INFO] RtosManager:558 - Registered RTOS mode: class=CMSIS, group=RTOS, mode=CMSIS_V1, owner=FREERTOS
2025-07-03 20:01:10,341 [INFO] RtosManager:558 - Registered RTOS mode: class=CMSIS, group=RTOS2, mode=CMSIS_V2, owner=FREERTOS
2025-07-03 20:01:10,341 [INFO] RtosManager:558 - Registered RTOS mode: class=RTOS, group=Core, mode=CMSIS_V1, owner=FREERTOS
2025-07-03 20:01:10,341 [INFO] RtosManager:558 - Registered RTOS mode: class=RTOS, group=Core, mode=CMSIS_V2, owner=FREERTOS
2025-07-03 20:01:10,341 [WARN] ModelIntegratedComponent:184 - Missing modes for component STMicroelectronics:FreeRTOS:0.0.1:STMicroelectronics:RTOS:FreeRTOS:Core:::10.2.0:
2025-07-03 20:01:10,343 [WARN] ModelIntegratedComponent:182 - Modes not found for component STMicroelectronics:USB_HOST:1.0.0:STMicroelectronics:USB::USB Host:Audio HS::1.0:USB_HOST_1_0_RESTRICTED_HS
2025-07-03 20:01:10,343 [WARN] ModelIntegratedComponent:188 - Modes not found for component STMicroelectronics:USB_HOST:1.0.0:STMicroelectronics:USB::USB Host:Audio HS::1.0:USB_HOST_1_0_RESTRICTED_HS
2025-07-03 20:01:10,343 [WARN] ModelIntegratedComponent:182 - Modes not found for component STMicroelectronics:USB_HOST:1.0.0:STMicroelectronics:USB::USB Host:CDC HS::1.0:USB_HOST_1_0_RESTRICTED_HS
2025-07-03 20:01:10,343 [WARN] ModelIntegratedComponent:188 - Modes not found for component STMicroelectronics:USB_HOST:1.0.0:STMicroelectronics:USB::USB Host:CDC HS::1.0:USB_HOST_1_0_RESTRICTED_HS
2025-07-03 20:01:10,344 [WARN] ModelIntegratedComponent:182 - Modes not found for component STMicroelectronics:USB_HOST:1.0.0:STMicroelectronics:USB::USB Host:MSC HS::1.0:USB_HOST_1_0_RESTRICTED_HS
2025-07-03 20:01:10,344 [WARN] ModelIntegratedComponent:188 - Modes not found for component STMicroelectronics:USB_HOST:1.0.0:STMicroelectronics:USB::USB Host:MSC HS::1.0:USB_HOST_1_0_RESTRICTED_HS
2025-07-03 20:01:10,344 [WARN] ModelIntegratedComponent:182 - Modes not found for component STMicroelectronics:USB_HOST:1.0.0:STMicroelectronics:USB::USB Host:HID HS::1.0:USB_HOST_1_0_RESTRICTED_HS
2025-07-03 20:01:10,344 [WARN] ModelIntegratedComponent:188 - Modes not found for component STMicroelectronics:USB_HOST:1.0.0:STMicroelectronics:USB::USB Host:HID HS::1.0:USB_HOST_1_0_RESTRICTED_HS
2025-07-03 20:01:10,344 [WARN] ModelIntegratedComponent:182 - Modes not found for component STMicroelectronics:USB_HOST:1.0.0:STMicroelectronics:USB::USB Host:MTP HS::1.0:USB_HOST_1_0_RESTRICTED_HS
2025-07-03 20:01:10,344 [WARN] ModelIntegratedComponent:188 - Modes not found for component STMicroelectronics:USB_HOST:1.0.0:STMicroelectronics:USB::USB Host:MTP HS::1.0:USB_HOST_1_0_RESTRICTED_HS
2025-07-03 20:01:10,347 [WARN] ModelIntegratedComponent:63 - No mode defined for component null
2025-07-03 20:01:10,347 [WARN] ModelIntegratedComponent:63 - No mode defined for component null
2025-07-03 20:01:10,347 [WARN] ModelIntegratedComponent:63 - No mode defined for component null
2025-07-03 20:01:10,347 [WARN] ModelIntegratedComponent:63 - No mode defined for component null
2025-07-03 20:01:10,347 [WARN] ModelIntegratedComponent:63 - No mode defined for component null
2025-07-03 20:01:10,347 [WARN] ModelIntegratedComponent:63 - No mode defined for component null
2025-07-03 20:01:10,347 [WARN] ModelIntegratedComponent:63 - No mode defined for component null
2025-07-03 20:01:10,347 [WARN] ModelIntegratedComponent:63 - No mode defined for component null
2025-07-03 20:01:10,347 [WARN] ModelIntegratedComponent:63 - No mode defined for component null
2025-07-03 20:01:10,347 [WARN] ModelIntegratedComponent:63 - No mode defined for component null
2025-07-03 20:01:10,347 [WARN] ModelIntegratedComponent:63 - No mode defined for component null
2025-07-03 20:01:10,347 [WARN] ModelIntegratedComponent:63 - No mode defined for component null
2025-07-03 20:01:10,347 [WARN] ModelIntegratedComponent:63 - No mode defined for component null
2025-07-03 20:01:10,347 [WARN] ModelIntegratedComponent:63 - No mode defined for component null
2025-07-03 20:01:10,347 [WARN] ModelIntegratedComponent:63 - No mode defined for component null
2025-07-03 20:01:10,347 [WARN] ModelIntegratedComponent:63 - No mode defined for component null
2025-07-03 20:01:10,347 [WARN] ModelIntegratedComponent:63 - No mode defined for component null
2025-07-03 20:01:10,347 [WARN] ModelIntegratedComponent:63 - No mode defined for component null
2025-07-03 20:01:10,347 [WARN] ModelIntegratedComponent:63 - No mode defined for component null
2025-07-03 20:01:10,347 [WARN] ModelIntegratedComponent:63 - No mode defined for component null
2025-07-03 20:01:10,347 [WARN] ModelIntegratedComponent:63 - No mode defined for component null
2025-07-03 20:01:10,347 [WARN] ModelIntegratedComponent:63 - No mode defined for component null
2025-07-03 20:01:10,348 [WARN] ModelIntegratedComponent:63 - No mode defined for component null
2025-07-03 20:01:10,348 [WARN] ModelIntegratedComponent:63 - No mode defined for component null
2025-07-03 20:01:10,348 [WARN] ModelIntegratedComponent:63 - No mode defined for component null
2025-07-03 20:01:10,348 [WARN] ModelIntegratedComponent:63 - No mode defined for component null
2025-07-03 20:01:10,348 [WARN] ModelIntegratedComponent:63 - No mode defined for component null
2025-07-03 20:01:10,348 [WARN] ModelIntegratedComponent:63 - No mode defined for component null
2025-07-03 20:01:10,348 [WARN] ModelIntegratedComponent:63 - No mode defined for component null
2025-07-03 20:01:10,348 [WARN] ModelIntegratedComponent:63 - No mode defined for component null
2025-07-03 20:01:10,348 [WARN] ModelIntegratedComponent:63 - No mode defined for component null
2025-07-03 20:01:10,348 [WARN] ModelIntegratedComponent:63 - No mode defined for component null
2025-07-03 20:01:10,348 [WARN] ModelIntegratedComponent:63 - No mode defined for component null
2025-07-03 20:01:10,348 [WARN] ModelIntegratedComponent:63 - No mode defined for component null
2025-07-03 20:01:10,348 [WARN] ModelIntegratedComponent:63 - No mode defined for component null
2025-07-03 20:01:10,348 [WARN] ModelPack:524 - Component already loaded: STMicroelectronics:HAL Drivers:0.0.0:STMicroelectronics:Device:STMicro_Driver:XSPI:HAL::0.0.1:HAL_XSPI
2025-07-03 20:01:10,389 [WARN] ModelIntegratedComponent:182 - Modes not found for component STMicroelectronics:USB_DEVICE:1.0.0:STMicroelectronics:USB::USB Device:Audio HS::1.0:USB_DEVICE_1_0_RESTRICTED_HS
2025-07-03 20:01:10,389 [WARN] ModelIntegratedComponent:188 - Modes not found for component STMicroelectronics:USB_DEVICE:1.0.0:STMicroelectronics:USB::USB Device:Audio HS::1.0:USB_DEVICE_1_0_RESTRICTED_HS
2025-07-03 20:01:10,389 [WARN] ModelIntegratedComponent:182 - Modes not found for component STMicroelectronics:USB_DEVICE:1.0.0:STMicroelectronics:USB::USB Device:CDC HS::1.0:USB_DEVICE_1_0_RESTRICTED_HS
2025-07-03 20:01:10,389 [WARN] ModelIntegratedComponent:188 - Modes not found for component STMicroelectronics:USB_DEVICE:1.0.0:STMicroelectronics:USB::USB Device:CDC HS::1.0:USB_DEVICE_1_0_RESTRICTED_HS
2025-07-03 20:01:10,389 [WARN] ModelIntegratedComponent:182 - Modes not found for component STMicroelectronics:USB_DEVICE:1.0.0:STMicroelectronics:USB::USB Device:DFU HS::1.0:USB_DEVICE_1_0_RESTRICTED_HS
2025-07-03 20:01:10,389 [WARN] ModelIntegratedComponent:188 - Modes not found for component STMicroelectronics:USB_DEVICE:1.0.0:STMicroelectronics:USB::USB Device:DFU HS::1.0:USB_DEVICE_1_0_RESTRICTED_HS
2025-07-03 20:01:10,389 [WARN] ModelIntegratedComponent:182 - Modes not found for component STMicroelectronics:USB_DEVICE:1.0.0:STMicroelectronics:USB::USB Device:HID HS::1.0:USB_DEVICE_1_0_RESTRICTED_HS
2025-07-03 20:01:10,389 [WARN] ModelIntegratedComponent:188 - Modes not found for component STMicroelectronics:USB_DEVICE:1.0.0:STMicroelectronics:USB::USB Device:HID HS::1.0:USB_DEVICE_1_0_RESTRICTED_HS
2025-07-03 20:01:10,389 [WARN] ModelIntegratedComponent:182 - Modes not found for component STMicroelectronics:USB_DEVICE:1.0.0:STMicroelectronics:USB::USB Device:Custom HID HS::1.0:USB_DEVICE_1_0_RESTRICTED_HS
2025-07-03 20:01:10,389 [WARN] ModelIntegratedComponent:188 - Modes not found for component STMicroelectronics:USB_DEVICE:1.0.0:STMicroelectronics:USB::USB Device:Custom HID HS::1.0:USB_DEVICE_1_0_RESTRICTED_HS
2025-07-03 20:01:10,389 [WARN] ModelIntegratedComponent:182 - Modes not found for component STMicroelectronics:USB_DEVICE:1.0.0:STMicroelectronics:USB::USB Device:MSC HS::1.0:USB_DEVICE_1_0_RESTRICTED_HS
2025-07-03 20:01:10,389 [WARN] ModelIntegratedComponent:188 - Modes not found for component STMicroelectronics:USB_DEVICE:1.0.0:STMicroelectronics:USB::USB Device:MSC HS::1.0:USB_DEVICE_1_0_RESTRICTED_HS
2025-07-03 20:01:10,396 [INFO] ThirdPartyModel:298 - Start build external matchings
2025-07-03 20:01:10,636 [INFO] ThirdPartyModel:316 - End build external matchings
2025-07-03 20:01:10,645 [INFO] ImportTextPane:218 - (OptionalMessage_ERROR) IP (DMA) : Parameter (Instance) has Id (I2C1_TX) currently not set
2025-07-03 20:01:10,645 [INFO] ImportTextPane:218 - (OptionalMessage_ERROR) IP (DMA) : Parameter (Channel) has Id (I2C1_TX) currently not set
2025-07-03 20:01:10,645 [INFO] ImportTextPane:218 - (OptionalMessage_ERROR) IP (DMA) : Parameter (Direction) has Id (I2C1_TX) currently not set
2025-07-03 20:01:10,645 [INFO] ImportTextPane:218 - (OptionalMessage_ERROR) IP (DMA) : Parameter (PeriphInc) has Id (I2C1_TX) currently not set
2025-07-03 20:01:10,645 [INFO] ImportTextPane:218 - (OptionalMessage_ERROR) IP (DMA) : Parameter (MemInc) has Id (I2C1_TX) currently not set
2025-07-03 20:01:10,645 [INFO] ImportTextPane:218 - (OptionalMessage_ERROR) IP (DMA) : Parameter (PeriphDataAlignment) has Id (I2C1_TX) currently not set
2025-07-03 20:01:10,646 [INFO] ImportTextPane:218 - (OptionalMessage_ERROR) IP (DMA) : Parameter (MemDataAlignment) has Id (I2C1_TX) currently not set
2025-07-03 20:01:10,646 [INFO] ImportTextPane:218 - (OptionalMessage_ERROR) IP (DMA) : Parameter (Mode) has Id (I2C1_TX) currently not set
2025-07-03 20:01:10,646 [INFO] ImportTextPane:218 - (OptionalMessage_ERROR) IP (DMA) : Parameter (Priority) has Id (I2C1_TX) currently not set
2025-07-03 20:01:10,646 [INFO] ImportTextPane:218 - (OptionalMessage_ERROR) IP (DMA) : Parameter (FIFOMode) has Id (I2C1_TX) currently not set
2025-07-03 20:01:10,646 [INFO] ImportTextPane:218 - (OptionalMessage_ERROR) IP (DMA) : Parameter (Instance) has Id (USART1_RX) currently not set
2025-07-03 20:01:10,646 [INFO] ImportTextPane:218 - (OptionalMessage_ERROR) IP (DMA) : Parameter (Channel) has Id (USART1_RX) currently not set
2025-07-03 20:01:10,646 [INFO] ImportTextPane:218 - (OptionalMessage_ERROR) IP (DMA) : Parameter (Direction) has Id (USART1_RX) currently not set
2025-07-03 20:01:10,646 [INFO] ImportTextPane:218 - (OptionalMessage_ERROR) IP (DMA) : Parameter (PeriphInc) has Id (USART1_RX) currently not set
2025-07-03 20:01:10,646 [INFO] ImportTextPane:218 - (OptionalMessage_ERROR) IP (DMA) : Parameter (MemInc) has Id (USART1_RX) currently not set
2025-07-03 20:01:10,646 [INFO] ImportTextPane:218 - (OptionalMessage_ERROR) IP (DMA) : Parameter (PeriphDataAlignment) has Id (USART1_RX) currently not set
2025-07-03 20:01:10,646 [INFO] ImportTextPane:218 - (OptionalMessage_ERROR) IP (DMA) : Parameter (MemDataAlignment) has Id (USART1_RX) currently not set
2025-07-03 20:01:10,646 [INFO] ImportTextPane:218 - (OptionalMessage_ERROR) IP (DMA) : Parameter (Mode) has Id (USART1_RX) currently not set
2025-07-03 20:01:10,646 [INFO] ImportTextPane:218 - (OptionalMessage_ERROR) IP (DMA) : Parameter (Priority) has Id (USART1_RX) currently not set
2025-07-03 20:01:10,646 [INFO] ImportTextPane:218 - (OptionalMessage_ERROR) IP (DMA) : Parameter (FIFOMode) has Id (USART1_RX) currently not set
2025-07-03 20:01:10,646 [INFO] ImportTextPane:218 - (OptionalMessage_ERROR) IP (DMA) : Parameter (Instance) has Id (USART1_TX) currently not set
2025-07-03 20:01:10,646 [INFO] ImportTextPane:218 - (OptionalMessage_ERROR) IP (DMA) : Parameter (Channel) has Id (USART1_TX) currently not set
2025-07-03 20:01:10,646 [INFO] ImportTextPane:218 - (OptionalMessage_ERROR) IP (DMA) : Parameter (Direction) has Id (USART1_TX) currently not set
2025-07-03 20:01:10,647 [INFO] ImportTextPane:218 - (OptionalMessage_ERROR) IP (DMA) : Parameter (PeriphInc) has Id (USART1_TX) currently not set
2025-07-03 20:01:10,647 [INFO] ImportTextPane:218 - (OptionalMessage_ERROR) IP (DMA) : Parameter (MemInc) has Id (USART1_TX) currently not set
2025-07-03 20:01:10,647 [INFO] ImportTextPane:218 - (OptionalMessage_ERROR) IP (DMA) : Parameter (PeriphDataAlignment) has Id (USART1_TX) currently not set
2025-07-03 20:01:10,647 [INFO] ImportTextPane:218 - (OptionalMessage_ERROR) IP (DMA) : Parameter (MemDataAlignment) has Id (USART1_TX) currently not set
2025-07-03 20:01:10,647 [INFO] ImportTextPane:218 - (OptionalMessage_ERROR) IP (DMA) : Parameter (Mode) has Id (USART1_TX) currently not set
2025-07-03 20:01:10,647 [INFO] ImportTextPane:218 - (OptionalMessage_ERROR) IP (DMA) : Parameter (Priority) has Id (USART1_TX) currently not set
2025-07-03 20:01:10,647 [INFO] ImportTextPane:218 - (OptionalMessage_ERROR) IP (DMA) : Parameter (FIFOMode) has Id (USART1_TX) currently not set
2025-07-03 20:01:10,647 [WARN] IP:2250 - I2C_Coeff_DF not found: check if there is a RefParameter without a condition.
2025-07-03 20:01:10,647 [WARN] IP:2250 - Analog_Filter not found: check if there is a RefParameter without a condition.
2025-07-03 20:01:10,648 [INFO] ImportTextPane:218 - (OptionalMessage_ERROR) IP (RCC) : Parameter (48MHZClocksFreq_Value) has invalid value (50000000)
2025-07-03 20:01:10,648 [INFO] ImportTextPane:218 - (OptionalMessage_ERROR) IP (RCC) : Parameter (RTCHSEDivFreq_Value) has invalid value (12500000)
2025-07-03 20:01:10,762 [INFO] UtilMem:75 - End LoadConfig() Used Memory: 268285208 Bytes (580911104)
2025-07-03 20:01:10,770 [WARN] ThirdParty:833 - waiting for thirdparty lock release [change project]
2025-07-03 20:01:10,771 [INFO] ThirdParty:835 - entering critical section [change project]
2025-07-03 20:01:10,771 [INFO] ThirdParty:1030 - CMSIS Pack Vendor :STMicroelectronics X-CUBE-PM33A1 1.0.0
2025-07-03 20:01:10,771 [INFO] ThirdParty:1030 - CMSIS Pack Vendor :STMicroelectronics USBPD 4.1
2025-07-03 20:01:10,771 [INFO] ThirdParty:1030 - CMSIS Pack Vendor :STMicroelectronics X-CUBE-AZRTOS-H7 3.3.0
2025-07-03 20:01:10,771 [INFO] ThirdParty:1030 - CMSIS Pack Vendor :STMicroelectronics X-CUBE-NFC9 1.0.0
2025-07-03 20:01:10,771 [INFO] ThirdParty:1030 - CMSIS Pack Vendor :wolfSSL I-CUBE-wolfSSL 5.8.0
2025-07-03 20:01:10,771 [INFO] ThirdParty:1030 - CMSIS Pack Vendor :STMicroelectronics USB_HOST 2.0.0
2025-07-03 20:01:10,771 [INFO] ThirdParty:1030 - CMSIS Pack Vendor :STMicroelectronics FP-SNS-MOTENVWB1 1.4.0
2025-07-03 20:01:10,771 [INFO] ThirdParty:1030 - CMSIS Pack Vendor :STMicroelectronics X-CUBE-AZRTOS-F4 1.1.0
2025-07-03 20:01:10,771 [INFO] ThirdParty:1030 - CMSIS Pack Vendor :STMicroelectronics LIBJPEG 8.0.0
2025-07-03 20:01:10,771 [INFO] ThirdParty:1030 - CMSIS Pack Vendor :STMicroelectronics FP-ATR-ASTRA1 2.0.2
2025-07-03 20:01:10,771 [INFO] ThirdParty:1030 - CMSIS Pack Vendor :STMicroelectronics X-CUBE-BLE1 7.1.0
2025-07-03 20:01:10,771 [INFO] ThirdParty:1030 - CMSIS Pack Vendor :Avnet-IotConnect X-CUBE-IoTC-DA16k-PMOD 1.0.0
2025-07-03 20:01:10,771 [INFO] ThirdParty:1030 - CMSIS Pack Vendor :STMicroelectronics X-CUBE-SMBUS 2.1.0
2025-07-03 20:01:10,771 [INFO] ThirdParty:1030 - CMSIS Pack Vendor :wolfSSL I-CUBE-wolfMQTT 1.19.2
2025-07-03 20:01:10,771 [INFO] ThirdParty:1030 - CMSIS Pack Vendor :STMicroelectronics USB_DEVICE 3.0.0
2025-07-03 20:01:10,771 [INFO] ThirdParty:1030 - CMSIS Pack Vendor :STMicroelectronics X-CUBE-ISPU 2.1.0
2025-07-03 20:01:10,771 [INFO] ThirdParty:1030 - CMSIS Pack Vendor :STMicroelectronics X-CUBE-AZRTOS-WB 2.0.0
2025-07-03 20:01:10,771 [INFO] ThirdParty:1030 - CMSIS Pack Vendor :STMicroelectronics X-CUBE-ST60 1.0.0
2025-07-03 20:01:10,771 [INFO] ThirdParty:1030 - CMSIS Pack Vendor :STMicroelectronics X-CUBE-GNSS1 7.0.1
2025-07-03 20:01:10,771 [INFO] ThirdParty:1030 - CMSIS Pack Vendor :STMicroelectronics X-CUBE-AZRTOS-F7 1.1.0
2025-07-03 20:01:10,771 [INFO] ThirdParty:1030 - CMSIS Pack Vendor :STMicroelectronics X-CUBE-AZRTOS-L5 2.0.0
2025-07-03 20:01:10,771 [INFO] ThirdParty:1030 - CMSIS Pack Vendor :STMicroelectronics X-CUBE-TOUCHGFX 4.25.0
2025-07-03 20:01:10,771 [INFO] ThirdParty:1030 - CMSIS Pack Vendor :STMicroelectronics USB_DEVICE 2.0.0
2025-07-03 20:01:10,771 [INFO] ThirdParty:1030 - CMSIS Pack Vendor :STMicroelectronics X-CUBE-NFC6 3.1.0
2025-07-03 20:01:10,771 [INFO] ThirdParty:1030 - CMSIS Pack Vendor :STMicroelectronics X-CUBE-AI 10.1.0
2025-07-03 20:01:10,771 [INFO] ThirdParty:1030 - CMSIS Pack Vendor :STMicroelectronics FP-SNS-STBOX1 2.0.0
2025-07-03 20:01:10,771 [INFO] ThirdParty:1030 - CMSIS Pack Vendor :STMicroelectronics FreeRTOS 0.0.1
2025-07-03 20:01:10,771 [INFO] ThirdParty:1030 - CMSIS Pack Vendor :STMicroelectronics X-CUBE-AZRTOS-G0 1.1.0
2025-07-03 20:01:10,771 [INFO] ThirdParty:1030 - CMSIS Pack Vendor :STMicroelectronics X-CUBE-SAFEA1 1.2.2
2025-07-03 20:01:10,772 [INFO] ThirdParty:1030 - CMSIS Pack Vendor :STMicroelectronics X-CUBE-NFC4 3.0.0
2025-07-03 20:01:10,772 [INFO] ThirdParty:1030 - CMSIS Pack Vendor :STMicroelectronics X-CUBE-SUBG2 5.0.0
2025-07-03 20:01:10,772 [INFO] ThirdParty:1030 - CMSIS Pack Vendor :STMicroelectronics X-CUBE-AZRTOS-H7RS 1.1.0
2025-07-03 20:01:10,772 [INFO] ThirdParty:1030 - CMSIS Pack Vendor :STMicroelectronics STM32_WPAN 1.0.0
2025-07-03 20:01:10,772 [INFO] ThirdParty:1030 - CMSIS Pack Vendor :EmbeddedOffice I-CUBE-FS-RTOS 1.0.1
2025-07-03 20:01:10,772 [INFO] ThirdParty:1030 - CMSIS Pack Vendor :STMicroelectronics lwIP 2.0.3
2025-07-03 20:01:10,772 [INFO] ThirdParty:1030 - CMSIS Pack Vendor :Cesanta I-CUBE-Mongoose 7.13.0
2025-07-03 20:01:10,772 [INFO] ThirdParty:1030 - CMSIS Pack Vendor :STMicroelectronics USB_HOST 1.0.0
2025-07-03 20:01:10,772 [INFO] ThirdParty:1030 - CMSIS Pack Vendor :Infineon AIROC-Wi-Fi-Bluetooth-STM32 1.7.0
2025-07-03 20:01:10,772 [INFO] ThirdParty:1030 - CMSIS Pack Vendor :STMicroelectronics X-CUBE-AZRTOS-G4 2.0.0
2025-07-03 20:01:10,772 [INFO] ThirdParty:1030 - CMSIS Pack Vendor :STMicroelectronics X-CUBE-WB05N 2.0.0
2025-07-03 20:01:10,772 [INFO] ThirdParty:1030 - CMSIS Pack Vendor :STMicroelectronics PDM2PCM 3.1.0
2025-07-03 20:01:10,772 [INFO] ThirdParty:1030 - CMSIS Pack Vendor :STMicroelectronics PDM2PCM 3.3.0
2025-07-03 20:01:10,772 [INFO] ThirdParty:1030 - CMSIS Pack Vendor :wolfSSL I-CUBE-wolfTPM 3.8.0
2025-07-03 20:01:10,772 [INFO] ThirdParty:1030 - CMSIS Pack Vendor :STMicroelectronics X-CUBE-DISPLAY 3.0.0
2025-07-03 20:01:10,772 [INFO] ThirdParty:1030 - CMSIS Pack Vendor :wolfSSL I-CUBE-wolfSSH 1.4.20
2025-07-03 20:01:10,772 [INFO] ThirdParty:1030 - CMSIS Pack Vendor :STMicroelectronics X-CUBE-NFC7 2.0.0
2025-07-03 20:01:10,772 [INFO] ThirdParty:1030 - CMSIS Pack Vendor :STMicroelectronics X-CUBE-TCPP 4.2.0
2025-07-03 20:01:10,772 [INFO] ThirdParty:1030 - CMSIS Pack Vendor :RealThread X-CUBE-RT-Thread_Nano 4.1.1
2025-07-03 20:01:10,772 [INFO] ThirdParty:1030 - CMSIS Pack Vendor :STMicroelectronics FP-ATR-SIGFOX1 3.2.0
2025-07-03 20:01:10,772 [INFO] ThirdParty:1030 - CMSIS Pack Vendor :STMicroelectronics X-CUBE-NFC10 1.0.0
2025-07-03 20:01:10,772 [INFO] ThirdParty:1030 - CMSIS Pack Vendor :STMicroelectronics X-CUBE-BLEMGR 4.0.0
2025-07-03 20:01:10,772 [INFO] ThirdParty:1030 - CMSIS Pack Vendor :STMicroelectronics X-CUBE-EEPRMA1 5.1.0
2025-07-03 20:01:10,772 [INFO] ThirdParty:1030 - CMSIS Pack Vendor :STMicroelectronics X-CUBE-FREERTOS 1.3.1
2025-07-03 20:01:10,772 [INFO] ThirdParty:1030 - CMSIS Pack Vendor :STMicroelectronics HAL Drivers 0.0.0
2025-07-03 20:01:10,772 [INFO] ThirdParty:1030 - CMSIS Pack Vendor :STMicroelectronics MBEDTLS 2.16.2
2025-07-03 20:01:10,772 [INFO] ThirdParty:1030 - CMSIS Pack Vendor :STMicroelectronics X-CUBE-IPS 3.1.0
2025-07-03 20:01:10,772 [INFO] ThirdParty:1030 - CMSIS Pack Vendor :STMicroelectronics X-CUBE-ALS 1.0.2
2025-07-03 20:01:10,772 [INFO] ThirdParty:1030 - CMSIS Pack Vendor :emotas I-CUBE-CANOPEN 1.3.0
2025-07-03 20:01:10,772 [INFO] ThirdParty:1030 - CMSIS Pack Vendor :STMicroelectronics MBEDTLS 2.14.1
2025-07-03 20:01:10,772 [INFO] ThirdParty:1030 - CMSIS Pack Vendor :ITTIA_DB I-CUBE-ITTIADB 8.9.0
2025-07-03 20:01:10,772 [INFO] ThirdParty:1030 - CMSIS Pack Vendor :portGmbH I-Cube-SoM-uGOAL 1.1.0
2025-07-03 20:01:10,772 [INFO] ThirdParty:1030 - CMSIS Pack Vendor :quantropi X-CUBE-qispace-sdk-base 2.0.0
2025-07-03 20:01:10,772 [INFO] ThirdParty:1030 - CMSIS Pack Vendor :STMicroelectronics X-CUBE-ST67W61 1.0.0
2025-07-03 20:01:10,772 [INFO] ThirdParty:1030 - CMSIS Pack Vendor :STMicroelectronics FP-SNS-STAIOTCFT 1.0.0
2025-07-03 20:01:10,772 [INFO] ThirdParty:1030 - CMSIS Pack Vendor :STMicroelectronics ThreadX 1.0.0
2025-07-03 20:01:10,772 [INFO] ThirdParty:1030 - CMSIS Pack Vendor :STMicroelectronics FP-SNS-SMARTAG2 1.2.0
2025-07-03 20:01:10,772 [INFO] ThirdParty:1030 - CMSIS Pack Vendor :STMicroelectronics FP-SNS-FLIGHT1 5.1.0
2025-07-03 20:01:10,773 [INFO] ThirdParty:1030 - CMSIS Pack Vendor :STMicroelectronics X-CUBE-AZRTOS-WL 2.0.0
2025-07-03 20:01:10,773 [INFO] ThirdParty:1030 - CMSIS Pack Vendor :SEGGER I-CUBE-embOS 1.3.1
2025-07-03 20:01:10,773 [INFO] ThirdParty:1030 - CMSIS Pack Vendor :STMicroelectronics X-CUBE-ALGOBUILD 1.4.0
2025-07-03 20:01:10,773 [INFO] ThirdParty:1030 - CMSIS Pack Vendor :STMicroelectronics X-CUBE-DPower 1.3.0
2025-07-03 20:01:10,773 [INFO] ThirdParty:1030 - CMSIS Pack Vendor :STMicroelectronics X-CUBE-MEMS1 11.3.0
2025-07-03 20:01:10,773 [INFO] ThirdParty:1030 - CMSIS Pack Vendor :STMicroelectronics FP-SNS-MOTENV1 5.0.0
2025-07-03 20:01:10,773 [INFO] ThirdParty:1030 - CMSIS Pack Vendor :STMicroelectronics USB_DEVICE 1.0.0
2025-07-03 20:01:10,773 [INFO] ThirdParty:1030 - CMSIS Pack Vendor :STMicroelectronics X-CUBE-AZRTOS-L4 2.0.0
2025-07-03 20:01:10,773 [INFO] ThirdParty:1030 - CMSIS Pack Vendor :STMicroelectronics ThreadX 0.0.2
2025-07-03 20:01:10,773 [INFO] ThirdParty:1030 - CMSIS Pack Vendor :WES I-CUBE-Cesium 1.3.0
2025-07-03 20:01:10,773 [INFO] ThirdParty:1030 - CMSIS Pack Vendor :STMicroelectronics lwIP 2.1.2
2025-07-03 20:01:10,773 [INFO] ThirdParty:1030 - CMSIS Pack Vendor :STMicroelectronics X-CUBE-SFXS2LP1 4.0.0
2025-07-03 20:01:10,773 [INFO] ThirdParty:1030 - CMSIS Pack Vendor :STMicroelectronics X-CUBE-BLE2 3.3.0
2025-07-03 20:01:10,773 [INFO] ThirdParty:1030 - CMSIS Pack Vendor :STMicroelectronics X-CUBE-TOF1 3.4.3
2025-07-03 20:01:10,773 [INFO] ThirdParty:1030 - CMSIS Pack Vendor :STMicroelectronics PDM2PCM 3.2.0
2025-07-03 20:01:10,773 [INFO] ThirdParty:841 - exiting critical section [change project]
2025-07-03 20:01:10,928 [INFO] PinOutPanel:1589 - setPackage(No Configuration,No Configuration)
2025-07-03 20:01:10,929 [INFO] PinOutPanel:1589 - setPackage(STM32F411CEUx,UFQFPN48)
2025-07-03 20:01:11,127 [INFO] UtilMem:75 - Before build in PCC Used Memory: 320537408 Bytes (580911104)
2025-07-03 20:01:11,254 [INFO] UtilMem:75 - After build in PCC Used Memory: 365061720 Bytes (580911104)
2025-07-03 20:01:11,267 [INFO] IPUIPlugin:80 - create IPUIPlugin
2025-07-03 20:01:11,268 [INFO] IPUIPlugin:80 - create IPUIPlugin
2025-07-03 20:01:11,268 [INFO] IPUIPlugin:80 - create IPUIPlugin
2025-07-03 20:01:11,268 [INFO] IPUIPlugin:80 - create IPUIPlugin
2025-07-03 20:01:11,268 [INFO] IPUIPlugin:80 - create IPUIPlugin
2025-07-03 20:01:11,268 [INFO] IPUIPlugin:80 - create IPUIPlugin
2025-07-03 20:01:11,268 [INFO] IPUIPlugin:80 - create IPUIPlugin
2025-07-03 20:01:11,268 [INFO] IPUIPlugin:80 - create IPUIPlugin
2025-07-03 20:01:11,268 [INFO] IPUIPlugin:80 - create IPUIPlugin
2025-07-03 20:01:11,268 [INFO] IPUIPlugin:80 - create IPUIPlugin
2025-07-03 20:01:11,268 [INFO] IPUIPlugin:80 - create IPUIPlugin
2025-07-03 20:01:11,268 [INFO] IPUIPlugin:80 - create IPUIPlugin
2025-07-03 20:01:11,268 [INFO] IPUIPlugin:80 - create IPUIPlugin
2025-07-03 20:01:11,268 [INFO] IPUIPlugin:80 - create IPUIPlugin
2025-07-03 20:01:11,268 [INFO] IPUIPlugin:80 - create IPUIPlugin
2025-07-03 20:01:11,268 [INFO] IPUIPlugin:80 - create IPUIPlugin
2025-07-03 20:01:11,269 [INFO] IPUIPlugin:80 - create IPUIPlugin
2025-07-03 20:01:11,269 [INFO] IPUIPlugin:80 - create IPUIPlugin
2025-07-03 20:01:11,269 [INFO] IPUIPlugin:80 - create IPUIPlugin
2025-07-03 20:01:11,269 [INFO] IPUIPlugin:80 - create IPUIPlugin
2025-07-03 20:01:11,269 [INFO] IPUIPlugin:80 - create IPUIPlugin
2025-07-03 20:01:11,269 [INFO] IPUIPlugin:80 - create IPUIPlugin
2025-07-03 20:01:11,269 [INFO] IPUIPlugin:80 - create IPUIPlugin
2025-07-03 20:01:11,269 [INFO] IPUIPlugin:80 - create IPUIPlugin
2025-07-03 20:01:11,269 [INFO] IPUIPlugin:80 - create IPUIPlugin
2025-07-03 20:01:11,269 [INFO] IPUIPlugin:80 - create IPUIPlugin
2025-07-03 20:01:11,270 [INFO] IPUIPlugin:80 - create IPUIPlugin
2025-07-03 20:01:11,270 [INFO] IPUIPlugin:80 - create IPUIPlugin
2025-07-03 20:01:11,270 [INFO] IPUIPlugin:80 - create IPUIPlugin
2025-07-03 20:01:11,270 [INFO] IPUIPlugin:80 - create IPUIPlugin
2025-07-03 20:01:11,270 [INFO] IPUIPlugin:80 - create IPUIPlugin
2025-07-03 20:01:11,270 [INFO] IPUIPlugin:80 - create IPUIPlugin
2025-07-03 20:01:11,270 [INFO] IPUIPlugin:80 - create IPUIPlugin
2025-07-03 20:01:11,270 [INFO] IPUIPlugin:80 - create IPUIPlugin
2025-07-03 20:01:11,270 [INFO] IPUIPlugin:80 - create IPUIPlugin
2025-07-03 20:01:11,270 [INFO] IPUIPlugin:80 - create IPUIPlugin
2025-07-03 20:01:11,270 [INFO] IPUIPlugin:80 - create IPUIPlugin
2025-07-03 20:01:11,270 [INFO] IPUIPlugin:80 - create IPUIPlugin
2025-07-03 20:01:11,270 [INFO] IPUIPlugin:80 - create IPUIPlugin
2025-07-03 20:01:11,271 [INFO] IPUIPlugin:80 - create IPUIPlugin
2025-07-03 20:01:11,271 [INFO] IPUIPlugin:80 - create IPUIPlugin
2025-07-03 20:01:11,271 [INFO] IPUIPlugin:80 - create IPUIPlugin
2025-07-03 20:01:11,271 [INFO] IPUIPlugin:80 - create IPUIPlugin
2025-07-03 20:01:11,273 [INFO] ApiDbMcu:508 - Load IP Config File for PDM2PCM
2025-07-03 20:01:11,274 [WARN] IP:2250 - I2C_Coeff_DF not found: check if there is a RefParameter without a condition.
2025-07-03 20:01:11,274 [WARN] IP:2250 - Analog_Filter not found: check if there is a RefParameter without a condition.
2025-07-03 20:01:11,306 [INFO] CADModel:165 - CPN selected for project levelSTM32F411CEU6
2025-07-03 20:01:11,306 [INFO] CADModel:114 - Register for checkConnection events
2025-07-03 20:01:11,344 [INFO] OpenFileManager:385 - Restore cursor
2025-07-03 20:01:11,463 [WARN] IP:2250 - I2C_Coeff_DF not found: check if there is a RefParameter without a condition.
2025-07-03 20:01:11,463 [WARN] IP:2250 - Analog_Filter not found: check if there is a RefParameter without a condition.
2025-07-03 20:01:11,463 [WARN] IP:2250 - I2C_Coeff_DF not found: check if there is a RefParameter without a condition.
2025-07-03 20:01:11,463 [WARN] IP:2250 - Analog_Filter not found: check if there is a RefParameter without a condition.
2025-07-03 20:28:08,764 [WARN] IP:2250 - I2C_Coeff_DF not found: check if there is a RefParameter without a condition.
2025-07-03 20:28:08,764 [WARN] IP:2250 - Analog_Filter not found: check if there is a RefParameter without a condition.
2025-07-03 20:28:08,764 [WARN] IP:2250 - I2C_Coeff_DF not found: check if there is a RefParameter without a condition.
2025-07-03 20:28:08,764 [WARN] IP:2250 - Analog_Filter not found: check if there is a RefParameter without a condition.
2025-07-03 20:28:08,786 [INFO] NvicIntPanel:101 - NVIC parent = com.st.microxplorer.plugins.ip.nvic.MultiNvicIntPanel[,0,0,0x0,invalid,layout=javax.swing.BoxLayout,alignmentX=0.0,alignmentY=0.0,border=,flags=9,maximumSize=,minimumSize=,preferredSize=]
2025-07-03 20:28:39,207 [WARN] IP:2250 - I2C_Coeff_DF not found: check if there is a RefParameter without a condition.
2025-07-03 20:28:39,207 [WARN] IP:2250 - Analog_Filter not found: check if there is a RefParameter without a condition.
2025-07-03 20:28:39,208 [WARN] IP:2250 - I2C_Coeff_DF not found: check if there is a RefParameter without a condition.
2025-07-03 20:28:39,208 [WARN] IP:2250 - Analog_Filter not found: check if there is a RefParameter without a condition.
2025-07-03 20:28:39,243 [INFO] NvicIntPanel:101 - NVIC parent = com.st.microxplorer.plugins.ip.nvic.MultiNvicIntPanel[,0,0,0x0,invalid,layout=javax.swing.BoxLayout,alignmentX=0.0,alignmentY=0.0,border=,flags=9,maximumSize=,minimumSize=,preferredSize=]
2025-07-03 20:28:42,372 [WARN] IP:2250 - I2C_Coeff_DF not found: check if there is a RefParameter without a condition.
2025-07-03 20:28:42,372 [WARN] IP:2250 - Analog_Filter not found: check if there is a RefParameter without a condition.
2025-07-03 20:28:42,372 [WARN] IP:2250 - I2C_Coeff_DF not found: check if there is a RefParameter without a condition.
2025-07-03 20:28:42,372 [WARN] IP:2250 - Analog_Filter not found: check if there is a RefParameter without a condition.
2025-07-03 20:28:42,403 [INFO] NvicIntPanel:101 - NVIC parent = com.st.microxplorer.plugins.ip.nvic.MultiNvicIntPanel[,0,0,0x0,invalid,layout=javax.swing.BoxLayout,alignmentX=0.0,alignmentY=0.0,border=,flags=9,maximumSize=,minimumSize=,preferredSize=]
2025-07-03 20:29:10,180 [WARN] IP:2250 - I2C_Coeff_DF not found: check if there is a RefParameter without a condition.
2025-07-03 20:29:10,180 [WARN] IP:2250 - Analog_Filter not found: check if there is a RefParameter without a condition.
2025-07-03 20:29:10,180 [WARN] IP:2250 - I2C_Coeff_DF not found: check if there is a RefParameter without a condition.
2025-07-03 20:29:10,180 [WARN] IP:2250 - Analog_Filter not found: check if there is a RefParameter without a condition.
2025-07-03 20:29:10,223 [INFO] NvicIntPanel:101 - NVIC parent = com.st.microxplorer.plugins.ip.nvic.MultiNvicIntPanel[,0,0,0x0,invalid,layout=javax.swing.BoxLayout,alignmentX=0.0,alignmentY=0.0,border=,flags=9,maximumSize=,minimumSize=,preferredSize=]
2025-07-03 20:29:14,171 [WARN] IP:2250 - I2C_Coeff_DF not found: check if there is a RefParameter without a condition.
2025-07-03 20:29:14,172 [WARN] IP:2250 - Analog_Filter not found: check if there is a RefParameter without a condition.
2025-07-03 20:29:14,172 [WARN] IP:2250 - I2C_Coeff_DF not found: check if there is a RefParameter without a condition.
2025-07-03 20:29:14,172 [WARN] IP:2250 - Analog_Filter not found: check if there is a RefParameter without a condition.
2025-07-03 20:29:14,206 [INFO] NvicIntPanel:101 - NVIC parent = com.st.microxplorer.plugins.ip.nvic.MultiNvicIntPanel[,0,0,0x0,invalid,layout=javax.swing.BoxLayout,alignmentX=0.0,alignmentY=0.0,border=,flags=9,maximumSize=,minimumSize=,preferredSize=]
2025-07-03 21:24:18,923 [INFO] UtilMem:75 - End SaveConfig() Used Memory: 517171712 Bytes (580911104)
2025-07-03 21:24:20,196 [INFO] UtilMem:75 - End SaveConfig() Used Memory: 233640352 Bytes (580911104)
2025-07-03 21:24:29,128 [INFO] LogOutputStream:77 - [STDOUT_REDIRECT] This download action requires prior login. To proceed, please use the 'login' command with your my.st.com account email and password.
2025-07-03 21:24:29,129 [INFO] LogOutputStream:77 - [STDOUT_REDIRECT] Run 'login <email> <password> <remember_me>' for example 'login john.smith@st.com mypassword y'.
2025-07-03 21:24:29,129 [INFO] LogOutputStream:77 - [STDOUT_REDIRECT] If you do not have a my.st.com account, please visit https://st.com website to create one.
2025-07-03 21:29:24,905 [INFO] WebApp:194 - Connection lost
2025-07-03 21:29:42,043 [INFO] WebApp:191 - Connection restablished
2025-07-03 21:30:28,611 [INFO] WebApp:194 - Connection lost
2025-07-03 21:30:53,979 [INFO] WebApp:191 - Connection restablished
2025-07-03 21:30:59,787 [INFO] WebApp:194 - Connection lost
2025-07-03 21:30:59,911 [INFO] WebApp:191 - Connection restablished
2025-07-03 22:10:33,279 [ERROR] LogOutputStream:75 - [STDERR_REDIRECT] 
2025-07-03 22:16:20,160 [INFO] Activator:176 - 


2025-07-03 22:16:20,161 [INFO] Activator:177 - !SESSION log4j initialized
2025-07-03 22:16:23,154 [INFO] LogOutputStream:77 - [STDOUT_REDIRECT] 
2025-07-03 22:16:27,971 [INFO] ApplicationProperties:184 - Using Application install path: /home/adrian/st/stm32cubeide_1.18.1/plugins/com.st.stm32cube.common.mx_6.14.1.202504091515
2025-07-03 22:16:27,987 [INFO] DbMcusXml:78 - Set database path to: /home/adrian/st/stm32cubeide_1.18.1/plugins/com.st.stm32cube.common.mx_6.14.1.202504091515//db//mcu/
2025-07-03 22:16:27,987 [INFO] ApiDb:274 - Set plugin database path to: /home/adrian/st/stm32cubeide_1.18.1/plugins/com.st.stm32cube.common.mx_6.14.1.202504091515//db//plugins/boardmanager/
2025-07-03 22:16:27,988 [WARN] ApiDb:259 - Overriding images path with different value:  => /home/adrian/st/stm32cubeide_1.18.1/plugins/com.st.stm32cube.common.mx_6.14.1.202504091515//db//plugins/mcufinder/images/
2025-07-03 22:16:27,992 [INFO] ApiDb:250 - Set database path to: /home/adrian/.stmcufinder/plugins/mcufinder//mcu/
2025-07-03 22:16:27,993 [INFO] DbMcusAds:125 - Set database path to: /home/adrian/.stmcufinder/plugins/mcufinder//mcu/
2025-07-03 22:16:27,995 [INFO] CrossReferenceDbSqlite:203 - Set database path to: /home/adrian/.stmcufinder/plugins/mcufinder//mcu/cs/
2025-07-03 22:16:28,087 [INFO] RulesReader:64 - Compatibility file has been processed (302 Rules)
2025-07-03 22:16:28,133 [INFO] DbMcusXml:78 - Set database path to: /home/adrian/st/stm32cubeide_1.18.1/plugins/com.st.stm32cube.common.mx_6.14.1.202504091515//db//mcu/
2025-07-03 22:16:28,133 [INFO] ApiDb:274 - Set plugin database path to: /home/adrian/st/stm32cubeide_1.18.1/plugins/com.st.stm32cube.common.mx_6.14.1.202504091515//db//plugins/boardmanager/
2025-07-03 22:16:28,134 [INFO] ApiDb:261 - Set plugin images path to: /home/adrian/st/stm32cubeide_1.18.1/plugins/com.st.stm32cube.common.mx_6.14.1.202504091515//db//plugins/mcufinder/images/
2025-07-03 22:16:28,134 [WARN] DbFile:41 - Overriding database path with different value: /home/adrian/.stmcufinder/plugins/mcufinder/ => /home/adrian/.stmcufinder/plugins/mcufinder
2025-07-03 22:16:28,134 [INFO] ApiDb:250 - Set database path to: /home/adrian/.stmcufinder/plugins/mcufinder//mcu/
2025-07-03 22:16:28,134 [WARN] DbFile:41 - Overriding database path with different value: /home/adrian/.stmcufinder/plugins/mcufinder/ => /home/adrian/.stmcufinder/plugins/mcufinder
2025-07-03 22:16:28,134 [INFO] DbMcusAds:125 - Set database path to: /home/adrian/.stmcufinder/plugins/mcufinder//mcu/
2025-07-03 22:16:28,134 [WARN] DbFile:41 - Overriding database path with different value: /home/adrian/.stmcufinder/plugins/mcufinder/ => /home/adrian/.stmcufinder/plugins/mcufinder
2025-07-03 22:16:28,134 [WARN] DbFile:41 - Overriding database path with different value: /home/adrian/.stmcufinder/plugins/mcufinder/ => /home/adrian/.stmcufinder/plugins/mcufinder
2025-07-03 22:16:28,134 [INFO] CrossReferenceDbSqlite:203 - Set database path to: /home/adrian/.stmcufinder/plugins/mcufinder//mcu/cs/
2025-07-03 22:16:28,184 [INFO] MainPanel:272 - HeapMemory: 268435456
2025-07-03 22:16:28,272 [INFO] DbMcusXml:78 - Set database path to: /home/adrian/st/stm32cubeide_1.18.1/plugins/com.st.stm32cube.common.mx_6.14.1.202504091515//db//mcu/
2025-07-03 22:16:28,272 [INFO] ApiDb:274 - Set plugin database path to: /home/adrian/st/stm32cubeide_1.18.1/plugins/com.st.stm32cube.common.mx_6.14.1.202504091515//db//plugins/boardmanager/
2025-07-03 22:16:28,272 [INFO] ApiDb:261 - Set plugin images path to: /home/adrian/st/stm32cubeide_1.18.1/plugins/com.st.stm32cube.common.mx_6.14.1.202504091515//db//plugins/mcufinder/images/
2025-07-03 22:16:28,273 [WARN] DbFile:41 - Overriding database path with different value: /home/adrian/.stmcufinder/plugins/mcufinder/ => /home/adrian/.stmcufinder/plugins/mcufinder
2025-07-03 22:16:28,273 [INFO] ApiDb:250 - Set database path to: /home/adrian/.stmcufinder/plugins/mcufinder//mcu/
2025-07-03 22:16:28,273 [WARN] DbFile:41 - Overriding database path with different value: /home/adrian/.stmcufinder/plugins/mcufinder/ => /home/adrian/.stmcufinder/plugins/mcufinder
2025-07-03 22:16:28,273 [INFO] DbMcusAds:125 - Set database path to: /home/adrian/.stmcufinder/plugins/mcufinder//mcu/
2025-07-03 22:16:28,273 [WARN] DbFile:41 - Overriding database path with different value: /home/adrian/.stmcufinder/plugins/mcufinder/ => /home/adrian/.stmcufinder/plugins/mcufinder
2025-07-03 22:16:28,273 [WARN] DbFile:41 - Overriding database path with different value: /home/adrian/.stmcufinder/plugins/mcufinder/ => /home/adrian/.stmcufinder/plugins/mcufinder
2025-07-03 22:16:28,273 [INFO] CrossReferenceDbSqlite:203 - Set database path to: /home/adrian/.stmcufinder/plugins/mcufinder//mcu/cs/
2025-07-03 22:16:28,285 [INFO] ApplicationProperties:184 - Using Application install path: /home/adrian/st/stm32cubeide_1.18.1/plugins/com.st.stm32cube.common.mx_6.14.1.202504091515
2025-07-03 22:16:28,286 [INFO] PluginManage:196 - Search for loadable plugins [exclusion list=, ]
2025-07-03 22:16:28,287 [INFO] PluginManage:310 - Check plugin analytics
2025-07-03 22:16:28,392 [INFO] AnalyticsPlugin:253 - Accepted Software Licenses: 
2025-07-03 22:16:28,392 [INFO] AnalyticsPlugin:255 - Accepted CMSIS Pack Licenses: 
2025-07-03 22:16:28,392 [INFO] AnalyticsPlugin:257 - Accepted Firmware Licenses: 
2025-07-03 22:16:28,394 [INFO] PluginManage:359 - Loaded plugin analytics (category:tool,tabindex:-1)
2025-07-03 22:16:28,394 [INFO] PluginManage:310 - Check plugin cadmodel
2025-07-03 22:16:28,397 [INFO] CADModel:105 - Init CAD model plugin
2025-07-03 22:16:28,397 [INFO] PluginManage:359 - Loaded plugin cadmodel (category:power,tabindex:5)
2025-07-03 22:16:28,397 [INFO] PluginManage:310 - Check plugin clock
2025-07-03 22:16:28,404 [INFO] PluginManage:359 - Loaded plugin clock (category:base,tabindex:2)
2025-07-03 22:16:28,404 [INFO] PluginManage:310 - Check plugin ddr
2025-07-03 22:16:28,405 [INFO] PluginManage:359 - Loaded plugin ddr (category:tool,tabindex:6)
2025-07-03 22:16:28,405 [INFO] PluginManage:310 - Check plugin filemanager
2025-07-03 22:16:28,505 [INFO] PluginManage:359 - Loaded plugin filemanager (category:base,tabindex:10)
2025-07-03 22:16:28,505 [INFO] PluginManage:310 - Check plugin ipmanager
2025-07-03 22:16:28,509 [INFO] PluginManage:359 - Loaded plugin ipmanager (category:base,tabindex:5)
2025-07-03 22:16:28,509 [INFO] PluginManage:310 - Check plugin lpbam
2025-07-03 22:16:28,516 [INFO] PluginManage:359 - Loaded plugin lpbam (category:base,tabindex:0)
2025-07-03 22:16:28,516 [INFO] PluginManage:310 - Check plugin memorymap
2025-07-03 22:16:28,524 [INFO] PluginManage:359 - Loaded plugin memorymap (category:base,tabindex:4)
2025-07-03 22:16:28,525 [INFO] PluginManage:310 - Check plugin pinoutandconfiguration
2025-07-03 22:16:28,531 [INFO] PluginManage:359 - Loaded plugin pinoutandconfiguration (category:base,tabindex:1)
2025-07-03 22:16:28,531 [INFO] PluginManage:310 - Check plugin pinoutconfig
2025-07-03 22:16:28,590 [WARN] SupportedApi:132 - Cannot load RTOS API schema: s4s-elt-must-match.1: The content of 'definitions' must match (annotation?, (simpleType | complexType)?, (unique | key | keyref)*)). A problem was found starting at: attribute.
2025-07-03 22:16:28,681 [INFO] PluginManage:359 - Loaded plugin pinoutconfig (category:base,tabindex:0)
2025-07-03 22:16:28,681 [INFO] PluginManage:310 - Check plugin power
2025-07-03 22:16:28,687 [INFO] PluginManage:359 - Loaded plugin power (category:power,tabindex:4)
2025-07-03 22:16:28,687 [INFO] PluginManage:310 - Check plugin projectmanager
2025-07-03 22:16:28,697 [INFO] PluginManage:359 - Loaded plugin projectmanager (category:projectmanager,tabindex:4)
2025-07-03 22:16:28,697 [INFO] PluginManage:310 - Check plugin rif
2025-07-03 22:16:28,703 [INFO] PluginManage:359 - Loaded plugin rif (category:base,tabindex:3)
2025-07-03 22:16:28,703 [INFO] PluginManage:310 - Check plugin thirdparty
2025-07-03 22:16:28,786 [INFO] PluginManage:359 - Loaded plugin thirdparty (category:base,tabindex:-1)
2025-07-03 22:16:28,786 [INFO] PluginManage:310 - Check plugin tools
2025-07-03 22:16:28,786 [WARN] IntegrityCheckThread:84 - waiting for thirdparty lock release [integrity check]
2025-07-03 22:16:28,786 [INFO] IntegrityCheckThread:86 - entering critical section [integrity check]
2025-07-03 22:16:28,787 [INFO] ThirdPartyUpdaterWithRetryManager:70 - Updater plugin not ready yet. [1/15]
2025-07-03 22:16:28,788 [INFO] PluginManage:359 - Loaded plugin tools (category:base,tabindex:7)
2025-07-03 22:16:28,788 [INFO] PluginManage:310 - Check plugin tutovideos
2025-07-03 22:16:28,920 [INFO] PluginManage:359 - Loaded plugin tutovideos (category:base,tabindex:-1)
2025-07-03 22:16:28,920 [INFO] PluginManage:310 - Check plugin updater
2025-07-03 22:16:28,938 [INFO] PluginManage:359 - Loaded plugin updater (category:base,tabindex:12)
2025-07-03 22:16:28,938 [INFO] PluginManage:310 - Check plugin userauth
2025-07-03 22:16:28,941 [INFO] UserAuth:118 - Init User Auth plugin
2025-07-03 22:16:28,942 [INFO] PluginManage:359 - Loaded plugin userauth (category:base,tabindex:14)
2025-07-03 22:16:28,942 [INFO] PluginManage:283 - PluginManage : Loaded plugins [18]
2025-07-03 22:16:29,068 [INFO] PinOutPanel:1589 - setPackage(No Configuration,No Configuration)
2025-07-03 22:16:29,116 [INFO] CADModel:165 - CPN selected for project level
2025-07-03 22:16:29,116 [INFO] CADModel:114 - Register for checkConnection events
2025-07-03 22:16:29,125 [INFO] IPUIPlugin:80 - create IPUIPlugin
2025-07-03 22:16:29,125 [INFO] PluginManager:220 - loadIPPluginJar : add lorawan
2025-07-03 22:16:29,129 [INFO] IPUIPlugin:80 - create IPUIPlugin
2025-07-03 22:16:29,129 [INFO] PluginManager:220 - loadIPPluginJar : add freertos
2025-07-03 22:16:29,131 [INFO] IPUIPlugin:80 - create IPUIPlugin
2025-07-03 22:16:29,131 [INFO] PluginManager:220 - loadIPPluginJar : add gtzc
2025-07-03 22:16:29,132 [INFO] IPUIPlugin:80 - create IPUIPlugin
2025-07-03 22:16:29,132 [INFO] PluginManager:220 - loadIPPluginJar : add dfsdm
2025-07-03 22:16:29,133 [INFO] IPUIPlugin:80 - create IPUIPlugin
2025-07-03 22:16:29,133 [INFO] PluginManager:220 - loadIPPluginJar : add tim
2025-07-03 22:16:29,135 [INFO] IPUIPlugin:80 - create IPUIPlugin
2025-07-03 22:16:29,135 [INFO] PluginManager:220 - loadIPPluginJar : add openamp
2025-07-03 22:16:29,136 [INFO] IPUIPlugin:80 - create IPUIPlugin
2025-07-03 22:16:29,136 [INFO] PluginManager:220 - loadIPPluginJar : add tsc
2025-07-03 22:16:29,137 [INFO] IPUIPlugin:80 - create IPUIPlugin
2025-07-03 22:16:29,137 [INFO] PluginManager:220 - loadIPPluginJar : add i2c
2025-07-03 22:16:29,138 [INFO] IPUIPlugin:80 - create IPUIPlugin
2025-07-03 22:16:29,138 [INFO] PluginManager:220 - loadIPPluginJar : add i2s
2025-07-03 22:16:29,139 [INFO] IPUIPlugin:80 - create IPUIPlugin
2025-07-03 22:16:29,139 [INFO] PluginManager:220 - loadIPPluginJar : add can
2025-07-03 22:16:29,144 [INFO] IPUIPlugin:80 - create IPUIPlugin
2025-07-03 22:16:29,144 [INFO] PluginManager:220 - loadIPPluginJar : add linkedlist
2025-07-03 22:16:29,146 [INFO] IPUIPlugin:80 - create IPUIPlugin
2025-07-03 22:16:29,146 [INFO] PluginManager:220 - loadIPPluginJar : add touchsensing
2025-07-03 22:16:29,148 [INFO] IPUIPlugin:80 - create IPUIPlugin
2025-07-03 22:16:29,148 [INFO] PluginManager:220 - loadIPPluginJar : add pdm2pcm
2025-07-03 22:16:29,150 [INFO] IPUIPlugin:80 - create IPUIPlugin
2025-07-03 22:16:29,151 [INFO] PluginManager:220 - loadIPPluginJar : add gpio
2025-07-03 22:16:29,155 [INFO] IPUIPlugin:80 - create IPUIPlugin
2025-07-03 22:16:29,156 [INFO] PluginManager:220 - loadIPPluginJar : add stm32_wpan
2025-07-03 22:16:29,156 [INFO] IPUIPlugin:80 - create IPUIPlugin
2025-07-03 22:16:29,156 [INFO] PluginManager:220 - loadIPPluginJar : add fatfs
2025-07-03 22:16:29,158 [INFO] IPUIPlugin:80 - create IPUIPlugin
2025-07-03 22:16:29,158 [INFO] PluginManager:220 - loadIPPluginJar : add aes
2025-07-03 22:16:29,159 [INFO] IPUIPlugin:80 - create IPUIPlugin
2025-07-03 22:16:29,159 [INFO] PluginManager:220 - loadIPPluginJar : add opamp
2025-07-03 22:16:29,160 [INFO] IPUIPlugin:80 - create IPUIPlugin
2025-07-03 22:16:29,160 [INFO] PluginManager:220 - loadIPPluginJar : add comp
2025-07-03 22:16:29,161 [INFO] IPUIPlugin:80 - create IPUIPlugin
2025-07-03 22:16:29,161 [INFO] PluginManager:220 - loadIPPluginJar : add genericplugin
2025-07-03 22:16:29,163 [INFO] IPUIPlugin:80 - create IPUIPlugin
2025-07-03 22:16:29,163 [INFO] PluginManager:220 - loadIPPluginJar : add ddr_ctrl_phy
2025-07-03 22:16:29,164 [INFO] IPUIPlugin:80 - create IPUIPlugin
2025-07-03 22:16:29,164 [INFO] PluginManager:220 - loadIPPluginJar : add usart
2025-07-03 22:16:29,168 [INFO] IPUIPlugin:80 - create IPUIPlugin
2025-07-03 22:16:29,168 [INFO] PluginManager:220 - loadIPPluginJar : add mdma
2025-07-03 22:16:29,169 [INFO] IPUIPlugin:80 - create IPUIPlugin
2025-07-03 22:16:29,170 [INFO] PluginManager:220 - loadIPPluginJar : add tracer_emb
2025-07-03 22:16:29,171 [INFO] IPUIPlugin:80 - create IPUIPlugin
2025-07-03 22:16:29,172 [INFO] PluginManager:220 - loadIPPluginJar : add usbx
2025-07-03 22:16:29,175 [INFO] IPUIPlugin:80 - create IPUIPlugin
2025-07-03 22:16:29,177 [INFO] PluginManager:220 - loadIPPluginJar : add plateformsettings
2025-07-03 22:16:29,178 [INFO] IPUIPlugin:80 - create IPUIPlugin
2025-07-03 22:16:29,178 [INFO] PluginManager:220 - loadIPPluginJar : add quadspi
2025-07-03 22:16:29,180 [INFO] IPUIPlugin:80 - create IPUIPlugin
2025-07-03 22:16:29,180 [INFO] PluginManager:220 - loadIPPluginJar : add resmgrutility
2025-07-03 22:16:29,183 [INFO] IPUIPlugin:80 - create IPUIPlugin
2025-07-03 22:16:29,183 [INFO] PluginManager:220 - loadIPPluginJar : add gic
2025-07-03 22:16:29,184 [INFO] IPUIPlugin:80 - create IPUIPlugin
2025-07-03 22:16:29,184 [INFO] PluginManager:220 - loadIPPluginJar : add radio
2025-07-03 22:16:29,186 [INFO] IPUIPlugin:80 - create IPUIPlugin
2025-07-03 22:16:29,186 [INFO] PluginManager:220 - loadIPPluginJar : add ipddr
2025-07-03 22:16:29,187 [INFO] IPUIPlugin:80 - create IPUIPlugin
2025-07-03 22:16:29,187 [INFO] PluginManager:220 - loadIPPluginJar : add hash
2025-07-03 22:16:29,188 [INFO] IPUIPlugin:80 - create IPUIPlugin
2025-07-03 22:16:29,188 [INFO] PluginManager:220 - loadIPPluginJar : add gfxmmu
2025-07-03 22:16:29,191 [INFO] IPUIPlugin:80 - create IPUIPlugin
2025-07-03 22:16:29,191 [INFO] PluginManager:220 - loadIPPluginJar : add fmc
2025-07-03 22:16:29,192 [INFO] IPUIPlugin:80 - create IPUIPlugin
2025-07-03 22:16:29,192 [INFO] PluginManager:220 - loadIPPluginJar : add spi
2025-07-03 22:16:29,193 [INFO] IPUIPlugin:80 - create IPUIPlugin
2025-07-03 22:16:29,193 [INFO] PluginManager:220 - loadIPPluginJar : add dma3
2025-07-03 22:16:29,194 [INFO] IPUIPlugin:80 - create IPUIPlugin
2025-07-03 22:16:29,194 [INFO] PluginManager:220 - loadIPPluginJar : add ltdc
2025-07-03 22:16:29,205 [INFO] IPUIPlugin:80 - create IPUIPlugin
2025-07-03 22:16:29,205 [INFO] PluginManager:220 - loadIPPluginJar : add extmemmanager
2025-07-03 22:16:29,207 [INFO] IPUIPlugin:80 - create IPUIPlugin
2025-07-03 22:16:29,207 [INFO] PluginManager:220 - loadIPPluginJar : add ucpd
2025-07-03 22:16:29,211 [INFO] IPUIPlugin:80 - create IPUIPlugin
2025-07-03 22:16:29,212 [INFO] PluginManager:220 - loadIPPluginJar : add dma
2025-07-03 22:16:29,213 [INFO] IPUIPlugin:80 - create IPUIPlugin
2025-07-03 22:16:29,213 [INFO] PluginManager:220 - loadIPPluginJar : add ts
2025-07-03 22:16:29,217 [INFO] IPUIPlugin:80 - create IPUIPlugin
2025-07-03 22:16:29,217 [INFO] PluginManager:220 - loadIPPluginJar : add adc
2025-07-03 22:16:29,219 [INFO] IPUIPlugin:80 - create IPUIPlugin
2025-07-03 22:16:29,219 [INFO] PluginManager:220 - loadIPPluginJar : add i3c
2025-07-03 22:16:29,221 [INFO] IPUIPlugin:80 - create IPUIPlugin
2025-07-03 22:16:29,221 [INFO] PluginManager:220 - loadIPPluginJar : add sai
2025-07-03 22:16:29,222 [INFO] IPUIPlugin:80 - create IPUIPlugin
2025-07-03 22:16:29,222 [INFO] PluginManager:220 - loadIPPluginJar : add cryp
2025-07-03 22:16:29,226 [INFO] IPUIPlugin:80 - create IPUIPlugin
2025-07-03 22:16:29,226 [INFO] PluginManager:220 - loadIPPluginJar : add nvic
2025-07-03 22:16:29,317 [FATAL] Updater:351 - Updater called before beeing initialized
2025-07-03 22:16:29,335 [INFO] RulesReader:64 - Compatibility file has been processed (302 Rules)
2025-07-03 22:16:29,343 [INFO] RulesReader:64 - Compatibility file has been processed (302 Rules)
2025-07-03 22:16:29,347 [INFO] CADModel:165 - CPN selected for project level
2025-07-03 22:16:29,347 [INFO] CADModel:114 - Register for checkConnection events
2025-07-03 22:16:29,347 [FATAL] Updater:351 - Updater called before beeing initialized
2025-07-03 22:16:29,348 [ERROR] CADModel:125 - Updater not yet initialized, retry later 
2025-07-03 22:16:29,443 [FATAL] Updater:351 - Updater called before beeing initialized
2025-07-03 22:16:29,444 [INFO] CADModel:165 - CPN selected for project level
2025-07-03 22:16:29,445 [INFO] CADModel:114 - Register for checkConnection events
2025-07-03 22:16:29,445 [FATAL] Updater:351 - Updater called before beeing initialized
2025-07-03 22:16:29,445 [ERROR] CADModel:125 - Updater not yet initialized, retry later 
2025-07-03 22:16:29,447 [FATAL] Updater:351 - Updater called before beeing initialized
2025-07-03 22:16:29,519 [FATAL] Updater:351 - Updater called before beeing initialized
2025-07-03 22:16:29,521 [INFO] DbMcusAds:53 - JSON generation date=Thu Sep 30 01:55:09 CDT 2021 (1632984909247)
2025-07-03 22:16:29,522 [FATAL] Updater:351 - Updater called before beeing initialized
2025-07-03 22:16:29,546 [WARN] DetailPanel:346 - Failed to get advertising image, set to default
2025-07-03 22:16:29,743 [FATAL] Updater:351 - Updater called before beeing initialized
2025-07-03 22:16:29,744 [FATAL] Updater:351 - Updater called before beeing initialized
2025-07-03 22:16:29,744 [FATAL] Updater:351 - Updater called before beeing initialized
2025-07-03 22:16:29,745 [WARN] DetailPanel:346 - Failed to get advertising image, set to default
2025-07-03 22:16:29,745 [FATAL] Updater:351 - Updater called before beeing initialized
2025-07-03 22:16:29,765 [ERROR] Updater:1198 - MainUpdater not yet initialized. External WinMGr cannot be set.
2025-07-03 22:16:29,766 [INFO] Updater:1134 - Updater Version found : 6.14.1
2025-07-03 22:16:29,777 [INFO] ApplicationProperties:184 - Using Application install path: /home/adrian/st/stm32cubeide_1.18.1/plugins/com.st.stm32cube.common.mx_6.14.1.202504091515
2025-07-03 22:16:30,208 [INFO] MainUpdater:2872 - connection check result : 10
2025-07-03 22:16:30,208 [INFO] MainUpdater:289 - Updater Check For Update Now.
2025-07-03 22:16:30,208 [INFO] MicroXplorer:498 - Change Database Version : DB.6.0.141
2025-07-03 22:16:30,216 [INFO] McuFinderGlobals:63 - Set McuFinder mode to 2 (CubeIDE integrated)
2025-07-03 22:16:30,216 [INFO] UserAuth:171 - activating auth plugin
2025-07-03 22:16:30,218 [INFO] UserAuth:484 - Internet connection configuration mode: 1
2025-07-03 22:16:30,230 [INFO] JxBrowserEngine:152 - Initiate JxBrowser Engine with user profile folder
2025-07-03 22:16:30,363 [INFO] CheckServerUpdateThread:120 - End of CheckServer Thread
2025-07-03 22:16:30,769 [INFO] WebApp:169 - Instantiating new browser for Auth
2025-07-03 22:16:31,273 [INFO] WebApp:463 - Apply proxy settings
2025-07-03 22:16:31,273 [INFO] WebApp:548 - Chromium requires no authentication
2025-07-03 22:16:31,278 [INFO] WebApp:491 - Direct internet connection detected
2025-07-03 22:16:31,288 [INFO] WebApp:894 - Register for checkConnection events
2025-07-03 22:16:31,289 [INFO] WebApp:463 - Apply proxy settings
2025-07-03 22:16:31,289 [INFO] WebApp:548 - Chromium requires no authentication
2025-07-03 22:16:31,289 [INFO] WebApp:491 - Direct internet connection detected
2025-07-03 22:16:31,374 [INFO] WebApp:225 - Starting web application
2025-07-03 22:16:31,374 [INFO] WebApp:593 - Web application path used /home/adrian/st/stm32cubeide_1.18.1/plugins/com.st.stm32cube.common.mx_6.14.1.202504091515/db/plugins/mcufinder/reactClient1/index.html
2025-07-03 22:16:31,499 [INFO] WebApp:191 - Connection restablished
2025-07-03 22:16:31,867 [WARN] PackLoader:240 - Cannot read IP mode file for STMicroelectronics.FP-SNS-MOTENVWB1.1.4.0
2025-07-03 22:16:31,871 [WARN] PackLoader:240 - Cannot read IP mode file for STMicroelectronics.FP-ATR-ASTRA1.2.0.2
2025-07-03 22:16:31,875 [WARN] PackLoader:240 - Cannot read IP mode file for STMicroelectronics.X-CUBE-SMBUS.2.1.0
2025-07-03 22:16:31,878 [WARN] PackLoader:240 - Cannot read IP mode file for STMicroelectronics.X-CUBE-ST60.1.0.0
2025-07-03 22:16:31,899 [WARN] PackLoader:240 - Cannot read IP mode file for STMicroelectronics.X-CUBE-AZRTOS-F7.1.1.0
2025-07-03 22:16:31,919 [WARN] PackLoader:240 - Cannot read IP mode file for Infineon.AIROC-Wi-Fi-Bluetooth-STM32.1.7.0
2025-07-03 22:16:31,927 [WARN] PackLoader:240 - Cannot read IP mode file for STMicroelectronics.X-CUBE-DISPLAY.3.0.0
2025-07-03 22:16:31,935 [WARN] PackLoader:240 - Cannot read IP mode file for STMicroelectronics.X-CUBE-NFC10.1.0.0
2025-07-03 22:16:31,944 [WARN] PackLoader:240 - Cannot read IP mode file for STMicroelectronics.X-CUBE-BLEMGR.4.0.0
2025-07-03 22:16:31,950 [WARN] PackLoader:240 - Cannot read IP mode file for emotas.I-CUBE-CANOPEN.1.3.0
2025-07-03 22:16:31,952 [WARN] ConditionMgr:438 - getConditionDescription Invalid condition id : Cortex-A Device cause : null
2025-07-03 22:16:31,958 [WARN] ConditionMgr:1044 - genDependencies : Invalid condition id : Cortex-A Device cause : null
2025-07-03 22:16:31,958 [WARN] ConditionMgr:1044 - genDependencies : Invalid condition id : Cortex-A Device cause : null
2025-07-03 22:16:31,958 [WARN] ConditionMgr:1044 - genDependencies : Invalid condition id : Cortex-A Device cause : null
2025-07-03 22:16:31,960 [WARN] PackLoader:240 - Cannot read IP mode file for STMicroelectronics.FP-SNS-SMARTAG2.1.2.0
2025-07-03 22:16:31,962 [WARN] PackLoader:240 - Cannot read IP mode file for STMicroelectronics.FP-SNS-FLIGHT1.5.1.0
2025-07-03 22:16:31,968 [INFO] LogOutputStream:77 - [STDOUT_REDIRECT] 1 : Invalid condition id : UX_CORESTACK_Condition cause : null
2025-07-03 22:16:31,969 [INFO] LogOutputStream:77 - [STDOUT_REDIRECT] 1 : Invalid condition id : UX_CORESTACK_Condition cause : null
2025-07-03 22:16:31,969 [INFO] LogOutputStream:77 - [STDOUT_REDIRECT] 1 : Invalid condition id : UX_CORESTACK_Condition cause : null
2025-07-03 22:16:31,969 [INFO] LogOutputStream:77 - [STDOUT_REDIRECT] 1 : Invalid condition id : UX_CORESTACK_Condition cause : null
2025-07-03 22:16:31,969 [INFO] LogOutputStream:77 - [STDOUT_REDIRECT] 1 : Invalid condition id : UX_CORESTACK_Condition cause : null
2025-07-03 22:16:31,971 [WARN] PackLoader:240 - Cannot read IP mode file for STMicroelectronics.X-CUBE-AZRTOS-WL.2.0.0
2025-07-03 22:16:31,975 [WARN] PackLoader:240 - Cannot read IP mode file for STMicroelectronics.FP-SNS-MOTENV1.5.0.0
2025-07-03 22:16:31,979 [WARN] PackLoader:240 - Cannot read IP mode file for WES.I-CUBE-Cesium.1.3.0
2025-07-03 22:16:31,982 [WARN] PackLoader:240 - Cannot read IP mode file for STMicroelectronics.X-CUBE-BLE2.3.3.0
2025-07-03 22:16:31,985 [WARN] PackLoader:240 - Cannot read IP mode file for STMicroelectronics.X-CUBE-NFC9.1.0.0
2025-07-03 22:16:31,989 [WARN] PackLoader:240 - Cannot read IP mode file for wolfSSL.I-CUBE-wolfSSL.5.8.0
2025-07-03 22:16:31,992 [WARN] PackLoader:240 - Cannot read IP mode file for STMicroelectronics.X-CUBE-BLE1.7.1.0
2025-07-03 22:16:31,993 [WARN] PackLoader:240 - Cannot read IP mode file for wolfSSL.I-CUBE-wolfMQTT.1.19.2
2025-07-03 22:16:31,995 [WARN] PackLoader:240 - Cannot read IP mode file for STMicroelectronics.X-CUBE-AI.10.1.0
2025-07-03 22:16:32,013 [WARN] PackLoader:240 - Cannot read IP mode file for STMicroelectronics.X-CUBE-AZRTOS-G0.1.1.0
2025-07-03 22:16:32,018 [WARN] PackLoader:240 - Cannot read IP mode file for STMicroelectronics.X-CUBE-SAFEA1.1.2.2
2025-07-03 22:16:32,022 [WARN] PackLoader:240 - Cannot read IP mode file for STMicroelectronics.X-CUBE-NFC4.3.0.0
2025-07-03 22:16:32,027 [WARN] PackLoader:240 - Cannot read IP mode file for EmbeddedOffice.I-CUBE-FS-RTOS.1.0.1
2025-07-03 22:16:32,031 [WARN] PackLoader:240 - Cannot read IP mode file for STMicroelectronics.X-CUBE-WB05N.2.0.0
2025-07-03 22:16:32,034 [WARN] PackLoader:240 - Cannot read IP mode file for wolfSSL.I-CUBE-wolfTPM.3.8.0
2025-07-03 22:16:32,037 [WARN] PackLoader:240 - Cannot read IP mode file for STMicroelectronics.X-CUBE-TCPP.4.2.0
2025-07-03 22:16:32,040 [WARN] PackLoader:240 - Cannot read IP mode file for RealThread.X-CUBE-RT-Thread_Nano.4.1.1
2025-07-03 22:16:32,042 [WARN] PackLoader:240 - Cannot read IP mode file for STMicroelectronics.FP-ATR-SIGFOX1.3.2.0
2025-07-03 22:16:32,045 [WARN] PackLoader:240 - Cannot read IP mode file for STMicroelectronics.X-CUBE-EEPRMA1.5.1.0
2025-07-03 22:16:32,049 [WARN] PackLoader:240 - Cannot read IP mode file for ITTIA_DB.I-CUBE-ITTIADB.8.9.0
2025-07-03 22:16:32,051 [WARN] PackLoader:240 - Cannot read IP mode file for STMicroelectronics.X-CUBE-ST67W61.1.0.0
2025-07-03 22:16:32,067 [WARN] PackLoader:240 - Cannot read IP mode file for SEGGER.I-CUBE-embOS.1.3.1
2025-07-03 22:16:32,091 [WARN] PackLoader:240 - Cannot read IP mode file for STMicroelectronics.X-CUBE-ALGOBUILD.1.4.0
2025-07-03 22:16:32,125 [WARN] PackLoader:240 - Cannot read IP mode file for STMicroelectronics.X-CUBE-MEMS1.11.3.0
2025-07-03 22:16:32,273 [WARN] PackLoader:240 - Cannot read IP mode file for STMicroelectronics.X-CUBE-PM33A1.1.0.0
2025-07-03 22:16:32,283 [WARN] PackLoader:240 - Cannot read IP mode file for STMicroelectronics.X-CUBE-AZRTOS-F4.1.1.0
2025-07-03 22:16:32,287 [WARN] PackLoader:240 - Cannot read IP mode file for Avnet-IotConnect.X-CUBE-IoTC-DA16k-PMOD.1.0.0
2025-07-03 22:16:32,289 [WARN] PackLoader:240 - Cannot read IP mode file for STMicroelectronics.X-CUBE-ISPU.2.1.0
2025-07-03 22:16:32,299 [WARN] PackLoader:240 - Cannot read IP mode file for STMicroelectronics.X-CUBE-AZRTOS-L5.2.0.0
2025-07-03 22:16:32,304 [WARN] PackLoader:240 - Cannot read IP mode file for STMicroelectronics.X-CUBE-NFC6.3.1.0
2025-07-03 22:16:32,312 [WARN] PackLoader:240 - Cannot read IP mode file for STMicroelectronics.X-CUBE-FREERTOS.1.3.1
2025-07-03 22:16:32,315 [WARN] PackLoader:240 - Cannot read IP mode file for STMicroelectronics.FP-SNS-STAIOTCFT.1.0.0
2025-07-03 22:16:32,317 [WARN] PackLoader:240 - Cannot read IP mode file for STMicroelectronics.X-CUBE-DPower.1.3.0
2025-07-03 22:16:32,327 [WARN] ConditionMgr:438 - getConditionDescription Invalid condition id : LAN8742 Phy interface Condition cause : null
2025-07-03 22:16:32,327 [WARN] PackLoader:240 - Cannot read IP mode file for STMicroelectronics.X-CUBE-AZRTOS-L4.2.0.0
2025-07-03 22:16:32,328 [WARN] ConditionMgr:1044 - genDependencies : Invalid condition id : LAN8742 Phy interface Condition cause : null
2025-07-03 22:16:32,328 [WARN] ConditionMgr:1044 - genDependencies : Invalid condition id : LAN8742 Phy interface Condition cause : null
2025-07-03 22:16:32,328 [WARN] ConditionMgr:1044 - genDependencies : Invalid condition id : LAN8742 Phy interface Condition cause : null
2025-07-03 22:16:32,332 [WARN] PackLoader:240 - Cannot read IP mode file for STMicroelectronics.X-CUBE-SFXS2LP1.4.0.0
2025-07-03 22:16:32,345 [WARN] PackLoader:240 - Cannot read IP mode file for STMicroelectronics.X-CUBE-AZRTOS-H7.3.3.0
2025-07-03 22:16:32,358 [WARN] ConditionMgr:438 - getConditionDescription Invalid condition id : UX DEVICE CLASS RTOS Condition cause : null
2025-07-03 22:16:32,358 [WARN] ConditionMgr:438 - getConditionDescription Invalid condition id : UX DEVICE CLASS RTOS Condition cause : null
2025-07-03 22:16:32,359 [WARN] PackLoader:240 - Cannot read IP mode file for STMicroelectronics.X-CUBE-AZRTOS-WB.2.0.0
2025-07-03 22:16:32,359 [WARN] ConditionMgr:1044 - genDependencies : Invalid condition id : UX DEVICE CLASS RTOS Condition cause : null
2025-07-03 22:16:32,360 [WARN] ConditionMgr:1044 - genDependencies : Invalid condition id : UX DEVICE CLASS RTOS Condition cause : null
2025-07-03 22:16:32,360 [WARN] ConditionMgr:1044 - genDependencies : Invalid condition id : UX DEVICE CLASS RTOS Condition cause : null
2025-07-03 22:16:32,360 [WARN] ConditionMgr:1044 - genDependencies : Invalid condition id : UX DEVICE CLASS RTOS Condition cause : null
2025-07-03 22:16:32,360 [WARN] ConditionMgr:1044 - genDependencies : Invalid condition id : UX DEVICE CLASS RTOS Condition cause : null
2025-07-03 22:16:32,363 [WARN] PackLoader:240 - Cannot read IP mode file for STMicroelectronics.X-CUBE-GNSS1.7.0.1
2025-07-03 22:16:32,366 [WARN] PackLoader:240 - Cannot read IP mode file for STMicroelectronics.X-CUBE-TOUCHGFX.4.25.0
2025-07-03 22:16:32,370 [WARN] PackLoader:240 - Cannot read IP mode file for STMicroelectronics.FP-SNS-STBOX1.2.0.0
2025-07-03 22:16:32,377 [WARN] PackLoader:240 - Cannot read IP mode file for STMicroelectronics.X-CUBE-SUBG2.5.0.0
2025-07-03 22:16:32,390 [WARN] PackLoader:240 - Cannot read IP mode file for STMicroelectronics.X-CUBE-AZRTOS-H7RS.1.1.0
2025-07-03 22:16:32,393 [WARN] PackLoader:240 - Cannot read IP mode file for Cesanta.I-CUBE-Mongoose.7.13.0
2025-07-03 22:16:32,400 [WARN] PackLoader:240 - Cannot read IP mode file for STMicroelectronics.X-CUBE-AZRTOS-G4.2.0.0
2025-07-03 22:16:32,403 [WARN] PackLoader:240 - Cannot read IP mode file for wolfSSL.I-CUBE-wolfSSH.1.4.20
2025-07-03 22:16:32,406 [WARN] PackLoader:240 - Cannot read IP mode file for STMicroelectronics.X-CUBE-NFC7.2.0.0
2025-07-03 22:16:32,413 [WARN] PackLoader:240 - Cannot read IP mode file for STMicroelectronics.X-CUBE-IPS.3.1.0
2025-07-03 22:16:32,420 [WARN] PackLoader:240 - Cannot read IP mode file for STMicroelectronics.X-CUBE-ALS.1.0.2
2025-07-03 22:16:32,423 [WARN] PackLoader:240 - Cannot read IP mode file for portGmbH.I-Cube-SoM-uGOAL.1.1.0
2025-07-03 22:16:32,429 [WARN] PackLoader:240 - Cannot read IP mode file for STMicroelectronics.X-CUBE-TOF1.3.4.3
2025-07-03 22:16:32,437 [INFO] ThirdParty:978 - Integrity check success = true
2025-07-03 22:16:32,437 [INFO] IntegrityCheckThread:100 - exiting critical section [integrity check]
2025-07-03 22:16:32,437 [INFO] IntegrityCheckThread:103 - End integrity checks thread
2025-07-08 15:37:52,980 [INFO] Activator:176 - 


2025-07-08 15:37:52,981 [INFO] Activator:177 - !SESSION log4j initialized
2025-07-08 15:37:56,422 [INFO] LogOutputStream:77 - [STDOUT_REDIRECT] 
2025-07-08 15:37:57,506 [INFO] ApplicationProperties:184 - Using Application install path: /home/adrian/st/stm32cubeide_1.18.1/plugins/com.st.stm32cube.common.mx_6.14.1.202504091515
2025-07-08 15:37:57,521 [INFO] DbMcusXml:78 - Set database path to: /home/adrian/st/stm32cubeide_1.18.1/plugins/com.st.stm32cube.common.mx_6.14.1.202504091515//db//mcu/
2025-07-08 15:37:57,521 [INFO] ApiDb:274 - Set plugin database path to: /home/adrian/st/stm32cubeide_1.18.1/plugins/com.st.stm32cube.common.mx_6.14.1.202504091515//db//plugins/boardmanager/
2025-07-08 15:37:57,522 [WARN] ApiDb:259 - Overriding images path with different value:  => /home/adrian/st/stm32cubeide_1.18.1/plugins/com.st.stm32cube.common.mx_6.14.1.202504091515//db//plugins/mcufinder/images/
2025-07-08 15:37:57,527 [INFO] ApiDb:250 - Set database path to: /home/adrian/.stmcufinder/plugins/mcufinder//mcu/
2025-07-08 15:37:57,528 [INFO] DbMcusAds:125 - Set database path to: /home/adrian/.stmcufinder/plugins/mcufinder//mcu/
2025-07-08 15:37:57,529 [INFO] CrossReferenceDbSqlite:203 - Set database path to: /home/adrian/.stmcufinder/plugins/mcufinder//mcu/cs/
2025-07-08 15:37:57,621 [INFO] RulesReader:64 - Compatibility file has been processed (302 Rules)
2025-07-08 15:37:57,672 [INFO] DbMcusXml:78 - Set database path to: /home/adrian/st/stm32cubeide_1.18.1/plugins/com.st.stm32cube.common.mx_6.14.1.202504091515//db//mcu/
2025-07-08 15:37:57,672 [INFO] ApiDb:274 - Set plugin database path to: /home/adrian/st/stm32cubeide_1.18.1/plugins/com.st.stm32cube.common.mx_6.14.1.202504091515//db//plugins/boardmanager/
2025-07-08 15:37:57,673 [INFO] ApiDb:261 - Set plugin images path to: /home/adrian/st/stm32cubeide_1.18.1/plugins/com.st.stm32cube.common.mx_6.14.1.202504091515//db//plugins/mcufinder/images/
2025-07-08 15:37:57,673 [WARN] DbFile:41 - Overriding database path with different value: /home/adrian/.stmcufinder/plugins/mcufinder/ => /home/adrian/.stmcufinder/plugins/mcufinder
2025-07-08 15:37:57,673 [INFO] ApiDb:250 - Set database path to: /home/adrian/.stmcufinder/plugins/mcufinder//mcu/
2025-07-08 15:37:57,673 [WARN] DbFile:41 - Overriding database path with different value: /home/adrian/.stmcufinder/plugins/mcufinder/ => /home/adrian/.stmcufinder/plugins/mcufinder
2025-07-08 15:37:57,673 [INFO] DbMcusAds:125 - Set database path to: /home/adrian/.stmcufinder/plugins/mcufinder//mcu/
2025-07-08 15:37:57,673 [WARN] DbFile:41 - Overriding database path with different value: /home/adrian/.stmcufinder/plugins/mcufinder/ => /home/adrian/.stmcufinder/plugins/mcufinder
2025-07-08 15:38:00,998 [WARN] DbFile:41 - Overriding database path with different value: /home/adrian/.stmcufinder/plugins/mcufinder/ => /home/adrian/.stmcufinder/plugins/mcufinder
2025-07-08 15:38:00,998 [INFO] CrossReferenceDbSqlite:203 - Set database path to: /home/adrian/.stmcufinder/plugins/mcufinder//mcu/cs/
2025-07-08 15:38:01,051 [INFO] MainPanel:272 - HeapMemory: 268435456
2025-07-08 15:38:01,151 [INFO] DbMcusXml:78 - Set database path to: /home/adrian/st/stm32cubeide_1.18.1/plugins/com.st.stm32cube.common.mx_6.14.1.202504091515//db//mcu/
2025-07-08 15:38:01,151 [INFO] ApiDb:274 - Set plugin database path to: /home/adrian/st/stm32cubeide_1.18.1/plugins/com.st.stm32cube.common.mx_6.14.1.202504091515//db//plugins/boardmanager/
2025-07-08 15:38:01,151 [INFO] ApiDb:261 - Set plugin images path to: /home/adrian/st/stm32cubeide_1.18.1/plugins/com.st.stm32cube.common.mx_6.14.1.202504091515//db//plugins/mcufinder/images/
2025-07-08 15:38:01,151 [WARN] DbFile:41 - Overriding database path with different value: /home/adrian/.stmcufinder/plugins/mcufinder/ => /home/adrian/.stmcufinder/plugins/mcufinder
2025-07-08 15:38:01,151 [INFO] ApiDb:250 - Set database path to: /home/adrian/.stmcufinder/plugins/mcufinder//mcu/
2025-07-08 15:38:01,151 [WARN] DbFile:41 - Overriding database path with different value: /home/adrian/.stmcufinder/plugins/mcufinder/ => /home/adrian/.stmcufinder/plugins/mcufinder
2025-07-08 15:38:01,152 [INFO] DbMcusAds:125 - Set database path to: /home/adrian/.stmcufinder/plugins/mcufinder//mcu/
2025-07-08 15:38:01,152 [WARN] DbFile:41 - Overriding database path with different value: /home/adrian/.stmcufinder/plugins/mcufinder/ => /home/adrian/.stmcufinder/plugins/mcufinder
2025-07-08 15:38:01,152 [WARN] DbFile:41 - Overriding database path with different value: /home/adrian/.stmcufinder/plugins/mcufinder/ => /home/adrian/.stmcufinder/plugins/mcufinder
2025-07-08 15:38:01,152 [INFO] CrossReferenceDbSqlite:203 - Set database path to: /home/adrian/.stmcufinder/plugins/mcufinder//mcu/cs/
2025-07-08 15:38:01,165 [INFO] ApplicationProperties:184 - Using Application install path: /home/adrian/st/stm32cubeide_1.18.1/plugins/com.st.stm32cube.common.mx_6.14.1.202504091515
2025-07-08 15:38:01,166 [INFO] PluginManage:196 - Search for loadable plugins [exclusion list=, ]
2025-07-08 15:38:01,167 [INFO] PluginManage:310 - Check plugin analytics
2025-07-08 15:38:01,287 [INFO] AnalyticsPlugin:253 - Accepted Software Licenses: 
2025-07-08 15:38:01,287 [INFO] AnalyticsPlugin:255 - Accepted CMSIS Pack Licenses: 
2025-07-08 15:38:01,287 [INFO] AnalyticsPlugin:257 - Accepted Firmware Licenses: 
2025-07-08 15:38:01,290 [INFO] PluginManage:359 - Loaded plugin analytics (category:tool,tabindex:-1)
2025-07-08 15:38:01,290 [INFO] PluginManage:310 - Check plugin cadmodel
2025-07-08 15:38:01,294 [INFO] CADModel:105 - Init CAD model plugin
2025-07-08 15:38:01,295 [INFO] PluginManage:359 - Loaded plugin cadmodel (category:power,tabindex:5)
2025-07-08 15:38:01,295 [INFO] PluginManage:310 - Check plugin clock
2025-07-08 15:38:01,304 [INFO] PluginManage:359 - Loaded plugin clock (category:base,tabindex:2)
2025-07-08 15:38:01,304 [INFO] PluginManage:310 - Check plugin ddr
2025-07-08 15:38:01,307 [INFO] PluginManage:359 - Loaded plugin ddr (category:tool,tabindex:6)
2025-07-08 15:38:01,307 [INFO] PluginManage:310 - Check plugin filemanager
2025-07-08 15:38:01,428 [INFO] PluginManage:359 - Loaded plugin filemanager (category:base,tabindex:10)
2025-07-08 15:38:01,428 [INFO] PluginManage:310 - Check plugin ipmanager
2025-07-08 15:38:01,432 [INFO] PluginManage:359 - Loaded plugin ipmanager (category:base,tabindex:5)
2025-07-08 15:38:01,433 [INFO] PluginManage:310 - Check plugin lpbam
2025-07-08 15:38:01,440 [INFO] PluginManage:359 - Loaded plugin lpbam (category:base,tabindex:0)
2025-07-08 15:38:01,440 [INFO] PluginManage:310 - Check plugin memorymap
2025-07-08 15:38:01,448 [INFO] PluginManage:359 - Loaded plugin memorymap (category:base,tabindex:4)
2025-07-08 15:38:01,448 [INFO] PluginManage:310 - Check plugin pinoutandconfiguration
2025-07-08 15:38:01,454 [INFO] PluginManage:359 - Loaded plugin pinoutandconfiguration (category:base,tabindex:1)
2025-07-08 15:38:01,454 [INFO] PluginManage:310 - Check plugin pinoutconfig
2025-07-08 15:38:01,513 [WARN] SupportedApi:132 - Cannot load RTOS API schema: s4s-elt-must-match.1: The content of 'definitions' must match (annotation?, (simpleType | complexType)?, (unique | key | keyref)*)). A problem was found starting at: attribute.
2025-07-08 15:38:01,606 [INFO] PluginManage:359 - Loaded plugin pinoutconfig (category:base,tabindex:0)
2025-07-08 15:38:01,606 [INFO] PluginManage:310 - Check plugin power
2025-07-08 15:38:01,613 [INFO] PluginManage:359 - Loaded plugin power (category:power,tabindex:4)
2025-07-08 15:38:01,613 [INFO] PluginManage:310 - Check plugin projectmanager
2025-07-08 15:38:01,624 [INFO] PluginManage:359 - Loaded plugin projectmanager (category:projectmanager,tabindex:4)
2025-07-08 15:38:01,624 [INFO] PluginManage:310 - Check plugin rif
2025-07-08 15:38:01,630 [INFO] PluginManage:359 - Loaded plugin rif (category:base,tabindex:3)
2025-07-08 15:38:01,630 [INFO] PluginManage:310 - Check plugin thirdparty
2025-07-08 15:38:01,719 [INFO] PluginManage:359 - Loaded plugin thirdparty (category:base,tabindex:-1)
2025-07-08 15:38:01,719 [INFO] PluginManage:310 - Check plugin tools
2025-07-08 15:38:01,719 [WARN] IntegrityCheckThread:84 - waiting for thirdparty lock release [integrity check]
2025-07-08 15:38:01,719 [INFO] IntegrityCheckThread:86 - entering critical section [integrity check]
2025-07-08 15:38:01,720 [INFO] ThirdPartyUpdaterWithRetryManager:70 - Updater plugin not ready yet. [1/15]
2025-07-08 15:38:01,721 [INFO] PluginManage:359 - Loaded plugin tools (category:base,tabindex:7)
2025-07-08 15:38:01,721 [INFO] PluginManage:310 - Check plugin tutovideos
2025-07-08 15:38:01,853 [INFO] PluginManage:359 - Loaded plugin tutovideos (category:base,tabindex:-1)
2025-07-08 15:38:01,853 [INFO] PluginManage:310 - Check plugin updater
2025-07-08 15:38:01,876 [INFO] PluginManage:359 - Loaded plugin updater (category:base,tabindex:12)
2025-07-08 15:38:01,876 [INFO] PluginManage:310 - Check plugin userauth
2025-07-08 15:38:01,880 [INFO] UserAuth:118 - Init User Auth plugin
2025-07-08 15:38:01,880 [INFO] PluginManage:359 - Loaded plugin userauth (category:base,tabindex:14)
2025-07-08 15:38:01,881 [INFO] PluginManage:283 - PluginManage : Loaded plugins [18]
2025-07-08 15:38:02,035 [INFO] PinOutPanel:1589 - setPackage(No Configuration,No Configuration)
2025-07-08 15:38:02,095 [INFO] CADModel:165 - CPN selected for project level
2025-07-08 15:38:02,095 [INFO] CADModel:114 - Register for checkConnection events
2025-07-08 15:38:02,108 [INFO] IPUIPlugin:80 - create IPUIPlugin
2025-07-08 15:38:02,109 [INFO] PluginManager:220 - loadIPPluginJar : add lorawan
2025-07-08 15:38:02,114 [INFO] IPUIPlugin:80 - create IPUIPlugin
2025-07-08 15:38:02,114 [INFO] PluginManager:220 - loadIPPluginJar : add freertos
2025-07-08 15:38:02,117 [INFO] IPUIPlugin:80 - create IPUIPlugin
2025-07-08 15:38:02,117 [INFO] PluginManager:220 - loadIPPluginJar : add gtzc
2025-07-08 15:38:02,120 [INFO] IPUIPlugin:80 - create IPUIPlugin
2025-07-08 15:38:02,120 [INFO] PluginManager:220 - loadIPPluginJar : add dfsdm
2025-07-08 15:38:02,122 [INFO] IPUIPlugin:80 - create IPUIPlugin
2025-07-08 15:38:02,122 [INFO] PluginManager:220 - loadIPPluginJar : add tim
2025-07-08 15:38:02,124 [INFO] IPUIPlugin:80 - create IPUIPlugin
2025-07-08 15:38:02,124 [INFO] PluginManager:220 - loadIPPluginJar : add openamp
2025-07-08 15:38:02,125 [INFO] IPUIPlugin:80 - create IPUIPlugin
2025-07-08 15:38:02,125 [INFO] PluginManager:220 - loadIPPluginJar : add tsc
2025-07-08 15:38:02,127 [INFO] IPUIPlugin:80 - create IPUIPlugin
2025-07-08 15:38:02,127 [INFO] PluginManager:220 - loadIPPluginJar : add i2c
2025-07-08 15:38:02,129 [INFO] IPUIPlugin:80 - create IPUIPlugin
2025-07-08 15:38:02,129 [INFO] PluginManager:220 - loadIPPluginJar : add i2s
2025-07-08 15:38:02,131 [INFO] IPUIPlugin:80 - create IPUIPlugin
2025-07-08 15:38:02,131 [INFO] PluginManager:220 - loadIPPluginJar : add can
2025-07-08 15:38:02,139 [INFO] IPUIPlugin:80 - create IPUIPlugin
2025-07-08 15:38:02,139 [INFO] PluginManager:220 - loadIPPluginJar : add linkedlist
2025-07-08 15:38:02,142 [INFO] IPUIPlugin:80 - create IPUIPlugin
2025-07-08 15:38:02,142 [INFO] PluginManager:220 - loadIPPluginJar : add touchsensing
2025-07-08 15:38:02,145 [INFO] IPUIPlugin:80 - create IPUIPlugin
2025-07-08 15:38:02,145 [INFO] PluginManager:220 - loadIPPluginJar : add pdm2pcm
2025-07-08 15:38:02,148 [INFO] IPUIPlugin:80 - create IPUIPlugin
2025-07-08 15:38:02,149 [INFO] PluginManager:220 - loadIPPluginJar : add gpio
2025-07-08 15:38:02,156 [INFO] IPUIPlugin:80 - create IPUIPlugin
2025-07-08 15:38:02,157 [INFO] PluginManager:220 - loadIPPluginJar : add stm32_wpan
2025-07-08 15:38:02,158 [INFO] IPUIPlugin:80 - create IPUIPlugin
2025-07-08 15:38:02,158 [INFO] PluginManager:220 - loadIPPluginJar : add fatfs
2025-07-08 15:38:02,160 [INFO] IPUIPlugin:80 - create IPUIPlugin
2025-07-08 15:38:02,160 [INFO] PluginManager:220 - loadIPPluginJar : add aes
2025-07-08 15:38:02,162 [INFO] IPUIPlugin:80 - create IPUIPlugin
2025-07-08 15:38:02,162 [INFO] PluginManager:220 - loadIPPluginJar : add opamp
2025-07-08 15:38:02,163 [INFO] IPUIPlugin:80 - create IPUIPlugin
2025-07-08 15:38:02,163 [INFO] PluginManager:220 - loadIPPluginJar : add comp
2025-07-08 15:38:02,165 [INFO] IPUIPlugin:80 - create IPUIPlugin
2025-07-08 15:38:02,165 [INFO] PluginManager:220 - loadIPPluginJar : add genericplugin
2025-07-08 15:38:02,167 [INFO] IPUIPlugin:80 - create IPUIPlugin
2025-07-08 15:38:02,167 [INFO] PluginManager:220 - loadIPPluginJar : add ddr_ctrl_phy
2025-07-08 15:38:02,169 [INFO] IPUIPlugin:80 - create IPUIPlugin
2025-07-08 15:38:02,169 [INFO] PluginManager:220 - loadIPPluginJar : add usart
2025-07-08 15:38:02,175 [INFO] IPUIPlugin:80 - create IPUIPlugin
2025-07-08 15:38:02,175 [INFO] PluginManager:220 - loadIPPluginJar : add mdma
2025-07-08 15:38:02,177 [INFO] IPUIPlugin:80 - create IPUIPlugin
2025-07-08 15:38:02,177 [INFO] PluginManager:220 - loadIPPluginJar : add tracer_emb
2025-07-08 15:38:02,179 [INFO] IPUIPlugin:80 - create IPUIPlugin
2025-07-08 15:38:02,179 [INFO] PluginManager:220 - loadIPPluginJar : add usbx
2025-07-08 15:38:02,184 [INFO] IPUIPlugin:80 - create IPUIPlugin
2025-07-08 15:38:02,185 [INFO] PluginManager:220 - loadIPPluginJar : add plateformsettings
2025-07-08 15:38:02,187 [INFO] IPUIPlugin:80 - create IPUIPlugin
2025-07-08 15:38:02,187 [INFO] PluginManager:220 - loadIPPluginJar : add quadspi
2025-07-08 15:38:02,190 [INFO] IPUIPlugin:80 - create IPUIPlugin
2025-07-08 15:38:02,190 [INFO] PluginManager:220 - loadIPPluginJar : add resmgrutility
2025-07-08 15:38:02,194 [INFO] IPUIPlugin:80 - create IPUIPlugin
2025-07-08 15:38:02,194 [INFO] PluginManager:220 - loadIPPluginJar : add gic
2025-07-08 15:38:02,195 [INFO] IPUIPlugin:80 - create IPUIPlugin
2025-07-08 15:38:02,196 [INFO] PluginManager:220 - loadIPPluginJar : add radio
2025-07-08 15:38:02,199 [INFO] IPUIPlugin:80 - create IPUIPlugin
2025-07-08 15:38:02,199 [INFO] PluginManager:220 - loadIPPluginJar : add ipddr
2025-07-08 15:38:02,201 [INFO] IPUIPlugin:80 - create IPUIPlugin
2025-07-08 15:38:02,201 [INFO] PluginManager:220 - loadIPPluginJar : add hash
2025-07-08 15:38:02,202 [INFO] IPUIPlugin:80 - create IPUIPlugin
2025-07-08 15:38:02,202 [INFO] PluginManager:220 - loadIPPluginJar : add gfxmmu
2025-07-08 15:38:02,206 [INFO] IPUIPlugin:80 - create IPUIPlugin
2025-07-08 15:38:02,207 [INFO] PluginManager:220 - loadIPPluginJar : add fmc
2025-07-08 15:38:02,208 [INFO] IPUIPlugin:80 - create IPUIPlugin
2025-07-08 15:38:02,208 [INFO] PluginManager:220 - loadIPPluginJar : add spi
2025-07-08 15:38:02,221 [INFO] IPUIPlugin:80 - create IPUIPlugin
2025-07-08 15:38:02,221 [INFO] PluginManager:220 - loadIPPluginJar : add dma3
2025-07-08 15:38:02,224 [INFO] IPUIPlugin:80 - create IPUIPlugin
2025-07-08 15:38:02,224 [INFO] PluginManager:220 - loadIPPluginJar : add ltdc
2025-07-08 15:38:02,227 [INFO] IPUIPlugin:80 - create IPUIPlugin
2025-07-08 15:38:02,227 [INFO] PluginManager:220 - loadIPPluginJar : add extmemmanager
2025-07-08 15:38:02,230 [INFO] IPUIPlugin:80 - create IPUIPlugin
2025-07-08 15:38:02,230 [INFO] PluginManager:220 - loadIPPluginJar : add ucpd
2025-07-08 15:38:02,237 [INFO] IPUIPlugin:80 - create IPUIPlugin
2025-07-08 15:38:02,237 [INFO] PluginManager:220 - loadIPPluginJar : add dma
2025-07-08 15:38:02,239 [INFO] IPUIPlugin:80 - create IPUIPlugin
2025-07-08 15:38:02,239 [INFO] PluginManager:220 - loadIPPluginJar : add ts
2025-07-08 15:38:02,245 [INFO] IPUIPlugin:80 - create IPUIPlugin
2025-07-08 15:38:02,245 [INFO] PluginManager:220 - loadIPPluginJar : add adc
2025-07-08 15:38:02,248 [INFO] IPUIPlugin:80 - create IPUIPlugin
2025-07-08 15:38:02,249 [INFO] PluginManager:220 - loadIPPluginJar : add i3c
2025-07-08 15:38:02,252 [INFO] IPUIPlugin:80 - create IPUIPlugin
2025-07-08 15:38:02,252 [INFO] PluginManager:220 - loadIPPluginJar : add sai
2025-07-08 15:38:02,255 [INFO] IPUIPlugin:80 - create IPUIPlugin
2025-07-08 15:38:02,255 [INFO] PluginManager:220 - loadIPPluginJar : add cryp
2025-07-08 15:38:02,260 [INFO] IPUIPlugin:80 - create IPUIPlugin
2025-07-08 15:38:02,260 [INFO] PluginManager:220 - loadIPPluginJar : add nvic
2025-07-08 15:38:02,379 [FATAL] Updater:351 - Updater called before beeing initialized
2025-07-08 15:38:02,398 [INFO] RulesReader:64 - Compatibility file has been processed (302 Rules)
2025-07-08 15:38:02,408 [INFO] RulesReader:64 - Compatibility file has been processed (302 Rules)
2025-07-08 15:38:02,413 [INFO] CADModel:165 - CPN selected for project level
2025-07-08 15:38:02,413 [INFO] CADModel:114 - Register for checkConnection events
2025-07-08 15:38:02,413 [FATAL] Updater:351 - Updater called before beeing initialized
2025-07-08 15:38:02,413 [ERROR] CADModel:125 - Updater not yet initialized, retry later 
2025-07-08 15:38:02,515 [FATAL] Updater:351 - Updater called before beeing initialized
2025-07-08 15:38:02,516 [INFO] CADModel:165 - CPN selected for project level
2025-07-08 15:38:02,516 [INFO] CADModel:114 - Register for checkConnection events
2025-07-08 15:38:02,516 [FATAL] Updater:351 - Updater called before beeing initialized
2025-07-08 15:38:02,516 [ERROR] CADModel:125 - Updater not yet initialized, retry later 
2025-07-08 15:38:02,519 [FATAL] Updater:351 - Updater called before beeing initialized
2025-07-08 15:38:02,596 [FATAL] Updater:351 - Updater called before beeing initialized
2025-07-08 15:38:02,599 [INFO] DbMcusAds:53 - JSON generation date=Thu Sep 30 01:55:09 CDT 2021 (1632984909247)
2025-07-08 15:38:02,600 [FATAL] Updater:351 - Updater called before beeing initialized
2025-07-08 15:38:02,626 [WARN] DetailPanel:346 - Failed to get advertising image, set to default
2025-07-08 15:38:02,857 [FATAL] Updater:351 - Updater called before beeing initialized
2025-07-08 15:38:02,860 [FATAL] Updater:351 - Updater called before beeing initialized
2025-07-08 15:38:02,860 [FATAL] Updater:351 - Updater called before beeing initialized
2025-07-08 15:38:02,860 [WARN] DetailPanel:346 - Failed to get advertising image, set to default
2025-07-08 15:38:02,861 [FATAL] Updater:351 - Updater called before beeing initialized
2025-07-08 15:38:02,891 [INFO] McuFinderGlobals:63 - Set McuFinder mode to 2 (CubeIDE integrated)
2025-07-08 15:38:02,904 [ERROR] Updater:1198 - MainUpdater not yet initialized. External WinMGr cannot be set.
2025-07-08 15:38:02,906 [INFO] Updater:1134 - Updater Version found : 6.14.1
2025-07-08 15:38:02,926 [INFO] ApplicationProperties:184 - Using Application install path: /home/adrian/st/stm32cubeide_1.18.1/plugins/com.st.stm32cube.common.mx_6.14.1.202504091515
2025-07-08 15:38:03,183 [INFO] MainUpdater:2872 - connection check result : 10
2025-07-08 15:38:03,184 [INFO] MainUpdater:3566 - Updater definition file requires update
2025-07-08 15:38:03,184 [INFO] MainUpdater:289 - Updater Check For Update Now.
2025-07-08 15:38:03,184 [INFO] MicroXplorer:498 - Change Database Version : DB.6.0.141
2025-07-08 15:38:03,193 [INFO] McuFinderGlobals:63 - Set McuFinder mode to 2 (CubeIDE integrated)
2025-07-08 15:38:03,193 [INFO] UserAuth:171 - activating auth plugin
2025-07-08 15:38:03,195 [INFO] UserAuth:484 - Internet connection configuration mode: 1
2025-07-08 15:38:03,207 [INFO] JxBrowserEngine:152 - Initiate JxBrowser Engine with user profile folder
2025-07-08 15:38:03,275 [INFO] ServerAccessManage:473 - Download File updaters.zip
2025-07-08 15:38:03,350 [INFO] FileExtend:242 - Unzip File : updaters.zip
2025-07-08 15:38:03,350 [INFO] FileExtend:257 - Standard Zip Deflate
2025-07-08 15:38:03,590 [INFO] ServerAccessManage:473 - Download File PacksControlFlags.xml
2025-07-08 15:38:03,701 [INFO] ServerAccessManage:473 - Download File cubemx.pidx
2025-07-08 15:38:04,137 [INFO] WebApp:169 - Instantiating new browser for Auth
2025-07-08 15:38:04,538 [INFO] ServerAccessManage:473 - Download File STMicroelectronics.X-CUBE-AZRTOS-H7.pdsc
2025-07-08 15:38:04,720 [WARN] MainUpdater:1193 - Updater busy. Cannot search thirdparties
2025-07-08 15:38:04,721 [INFO] ThirdPartyUpdaterWithRetryManager:96 - Updater plugin is busy. [1/15]
2025-07-08 15:38:04,839 [INFO] WebApp:463 - Apply proxy settings
2025-07-08 15:38:04,839 [INFO] WebApp:548 - Chromium requires no authentication
2025-07-08 15:38:04,845 [INFO] WebApp:491 - Direct internet connection detected
2025-07-08 15:38:04,858 [INFO] WebApp:894 - Register for checkConnection events
2025-07-08 15:38:04,858 [INFO] WebApp:463 - Apply proxy settings
2025-07-08 15:38:04,859 [INFO] WebApp:548 - Chromium requires no authentication
2025-07-08 15:38:04,859 [INFO] WebApp:491 - Direct internet connection detected
2025-07-08 15:38:04,970 [INFO] WebApp:225 - Starting web application
2025-07-08 15:38:04,970 [INFO] WebApp:593 - Web application path used /home/adrian/st/stm32cubeide_1.18.1/plugins/com.st.stm32cube.common.mx_6.14.1.202504091515/db/plugins/mcufinder/reactClient1/index.html
2025-07-08 15:38:05,076 [INFO] WebApp:191 - Connection restablished
2025-07-08 15:38:06,381 [WARN] PackLoader:240 - Cannot read IP mode file for STMicroelectronics.X-CUBE-AZRTOS-H7.3.4.0
2025-07-08 15:38:06,387 [INFO] PopulateThirdPartyThread:66 - Ending populate Thread
2025-07-08 15:38:06,388 [INFO] ThirdParty:1030 - CMSIS Pack Vendor :STMicroelectronics X-CUBE-AZRTOS-H7 3.4.0
2025-07-08 15:38:06,389 [INFO] LoadServerUpdatesThread:375 - End of LoadServerUpdate Thread
2025-07-08 15:38:06,480 [INFO] CheckServerUpdateThread:120 - End of CheckServer Thread
2025-07-08 15:38:06,595 [INFO] MainUpdater:2872 - connection check result : 10
2025-07-08 15:38:06,601 [INFO] MainUpdater:2872 - connection check result : 10
2025-07-08 15:38:06,623 [INFO] MicroXplorer:468 - Change Database Path : 
2025-07-08 15:38:06,623 [INFO] MicroXplorer:498 - Change Database Version : DB.6.0.141
2025-07-08 15:38:06,626 [WARN] ThirdParty:871 - waiting for thirdparty lock release [close project]
2025-07-08 15:38:07,804 [WARN] PackLoader:240 - Cannot read IP mode file for STMicroelectronics.FP-SNS-MOTENVWB1.1.4.0
2025-07-08 15:38:07,808 [WARN] PackLoader:240 - Cannot read IP mode file for STMicroelectronics.FP-ATR-ASTRA1.2.0.2
2025-07-08 15:38:07,812 [WARN] PackLoader:240 - Cannot read IP mode file for STMicroelectronics.X-CUBE-SMBUS.2.1.0
2025-07-08 15:38:07,815 [WARN] PackLoader:240 - Cannot read IP mode file for STMicroelectronics.X-CUBE-ST60.1.0.0
2025-07-08 15:38:07,830 [WARN] PackLoader:240 - Cannot read IP mode file for STMicroelectronics.X-CUBE-AZRTOS-F7.1.1.0
2025-07-08 15:38:07,849 [WARN] PackLoader:240 - Cannot read IP mode file for Infineon.AIROC-Wi-Fi-Bluetooth-STM32.1.7.0
2025-07-08 15:38:07,870 [WARN] PackLoader:240 - Cannot read IP mode file for STMicroelectronics.X-CUBE-AZRTOS-H7.3.4.0
2025-07-08 15:38:07,878 [WARN] PackLoader:240 - Cannot read IP mode file for STMicroelectronics.X-CUBE-DISPLAY.3.0.0
2025-07-08 15:38:07,887 [WARN] PackLoader:240 - Cannot read IP mode file for STMicroelectronics.X-CUBE-NFC10.1.0.0
2025-07-08 15:38:07,895 [WARN] PackLoader:240 - Cannot read IP mode file for STMicroelectronics.X-CUBE-BLEMGR.4.0.0
2025-07-08 15:38:07,901 [WARN] PackLoader:240 - Cannot read IP mode file for emotas.I-CUBE-CANOPEN.1.3.0
2025-07-08 15:38:07,903 [WARN] ConditionMgr:438 - getConditionDescription Invalid condition id : Cortex-A Device cause : null
2025-07-08 15:38:07,911 [WARN] ConditionMgr:1044 - genDependencies : Invalid condition id : Cortex-A Device cause : null
2025-07-08 15:38:07,911 [WARN] ConditionMgr:1044 - genDependencies : Invalid condition id : Cortex-A Device cause : null
2025-07-08 15:38:07,911 [WARN] ConditionMgr:1044 - genDependencies : Invalid condition id : Cortex-A Device cause : null
2025-07-08 15:38:07,914 [WARN] PackLoader:240 - Cannot read IP mode file for STMicroelectronics.FP-SNS-SMARTAG2.1.2.0
2025-07-08 15:38:07,917 [WARN] PackLoader:240 - Cannot read IP mode file for STMicroelectronics.FP-SNS-FLIGHT1.5.1.0
2025-07-08 15:38:07,923 [INFO] LogOutputStream:77 - [STDOUT_REDIRECT] 1 : Invalid condition id : UX_CORESTACK_Condition cause : null
2025-07-08 15:38:07,923 [INFO] LogOutputStream:77 - [STDOUT_REDIRECT] 1 : Invalid condition id : UX_CORESTACK_Condition cause : null
2025-07-08 15:38:07,923 [INFO] LogOutputStream:77 - [STDOUT_REDIRECT] 1 : Invalid condition id : UX_CORESTACK_Condition cause : null
2025-07-08 15:38:07,924 [INFO] LogOutputStream:77 - [STDOUT_REDIRECT] 1 : Invalid condition id : UX_CORESTACK_Condition cause : null
2025-07-08 15:38:07,924 [INFO] LogOutputStream:77 - [STDOUT_REDIRECT] 1 : Invalid condition id : UX_CORESTACK_Condition cause : null
2025-07-08 15:38:07,926 [WARN] PackLoader:240 - Cannot read IP mode file for STMicroelectronics.X-CUBE-AZRTOS-WL.2.0.0
2025-07-08 15:38:07,929 [WARN] PackLoader:240 - Cannot read IP mode file for STMicroelectronics.FP-SNS-MOTENV1.5.0.0
2025-07-08 15:38:07,935 [WARN] PackLoader:240 - Cannot read IP mode file for WES.I-CUBE-Cesium.1.3.0
2025-07-08 15:38:07,939 [WARN] PackLoader:240 - Cannot read IP mode file for STMicroelectronics.X-CUBE-BLE2.3.3.0
2025-07-08 15:38:07,945 [WARN] PackLoader:240 - Cannot read IP mode file for STMicroelectronics.X-CUBE-NFC9.1.0.0
2025-07-08 15:38:07,949 [WARN] PackLoader:240 - Cannot read IP mode file for wolfSSL.I-CUBE-wolfSSL.5.8.0
2025-07-08 15:38:07,953 [WARN] PackLoader:240 - Cannot read IP mode file for STMicroelectronics.X-CUBE-BLE1.7.1.0
2025-07-08 15:38:07,955 [WARN] PackLoader:240 - Cannot read IP mode file for wolfSSL.I-CUBE-wolfMQTT.1.19.2
2025-07-08 15:38:07,958 [WARN] PackLoader:240 - Cannot read IP mode file for STMicroelectronics.X-CUBE-AI.10.1.0
2025-07-08 15:38:07,968 [WARN] PackLoader:240 - Cannot read IP mode file for STMicroelectronics.X-CUBE-AZRTOS-G0.1.1.0
2025-07-08 15:38:07,974 [WARN] PackLoader:240 - Cannot read IP mode file for STMicroelectronics.X-CUBE-SAFEA1.1.2.2
2025-07-08 15:38:07,979 [WARN] PackLoader:240 - Cannot read IP mode file for STMicroelectronics.X-CUBE-NFC4.3.0.0
2025-07-08 15:38:07,986 [WARN] PackLoader:240 - Cannot read IP mode file for EmbeddedOffice.I-CUBE-FS-RTOS.1.0.1
2025-07-08 15:38:07,990 [WARN] PackLoader:240 - Cannot read IP mode file for STMicroelectronics.X-CUBE-WB05N.2.0.0
2025-07-08 15:38:07,992 [WARN] PackLoader:240 - Cannot read IP mode file for wolfSSL.I-CUBE-wolfTPM.3.8.0
2025-07-08 15:38:07,996 [WARN] PackLoader:240 - Cannot read IP mode file for STMicroelectronics.X-CUBE-TCPP.4.2.0
2025-07-08 15:38:08,000 [WARN] PackLoader:240 - Cannot read IP mode file for RealThread.X-CUBE-RT-Thread_Nano.4.1.1
2025-07-08 15:38:08,003 [WARN] PackLoader:240 - Cannot read IP mode file for STMicroelectronics.FP-ATR-SIGFOX1.3.2.0
2025-07-08 15:38:08,007 [WARN] PackLoader:240 - Cannot read IP mode file for STMicroelectronics.X-CUBE-EEPRMA1.5.1.0
2025-07-08 15:38:08,012 [WARN] PackLoader:240 - Cannot read IP mode file for ITTIA_DB.I-CUBE-ITTIADB.8.9.0
2025-07-08 15:38:08,016 [WARN] PackLoader:240 - Cannot read IP mode file for STMicroelectronics.X-CUBE-ST67W61.1.0.0
2025-07-08 15:38:08,037 [WARN] PackLoader:240 - Cannot read IP mode file for SEGGER.I-CUBE-embOS.1.3.1
2025-07-08 15:38:08,074 [WARN] PackLoader:240 - Cannot read IP mode file for STMicroelectronics.X-CUBE-ALGOBUILD.1.4.0
2025-07-08 15:38:08,112 [WARN] PackLoader:240 - Cannot read IP mode file for STMicroelectronics.X-CUBE-MEMS1.11.3.0
2025-07-08 15:38:08,214 [WARN] PackLoader:240 - Cannot read IP mode file for STMicroelectronics.X-CUBE-PM33A1.1.0.0
2025-07-08 15:38:08,227 [WARN] PackLoader:240 - Cannot read IP mode file for STMicroelectronics.X-CUBE-AZRTOS-F4.1.1.0
2025-07-08 15:38:08,231 [WARN] PackLoader:240 - Cannot read IP mode file for Avnet-IotConnect.X-CUBE-IoTC-DA16k-PMOD.1.0.0
2025-07-08 15:38:08,235 [WARN] PackLoader:240 - Cannot read IP mode file for STMicroelectronics.X-CUBE-ISPU.2.1.0
2025-07-08 15:38:08,246 [WARN] PackLoader:240 - Cannot read IP mode file for STMicroelectronics.X-CUBE-AZRTOS-L5.2.0.0
2025-07-08 15:38:08,254 [WARN] PackLoader:240 - Cannot read IP mode file for STMicroelectronics.X-CUBE-NFC6.3.1.0
2025-07-08 15:38:08,259 [WARN] PackLoader:240 - Cannot read IP mode file for STMicroelectronics.X-CUBE-FREERTOS.1.3.1
2025-07-08 15:38:08,262 [WARN] PackLoader:240 - Cannot read IP mode file for STMicroelectronics.FP-SNS-STAIOTCFT.1.0.0
2025-07-08 15:38:08,266 [WARN] PackLoader:240 - Cannot read IP mode file for STMicroelectronics.X-CUBE-DPower.1.3.0
2025-07-08 15:38:08,279 [WARN] ConditionMgr:438 - getConditionDescription Invalid condition id : LAN8742 Phy interface Condition cause : null
2025-07-08 15:38:08,280 [WARN] PackLoader:240 - Cannot read IP mode file for STMicroelectronics.X-CUBE-AZRTOS-L4.2.0.0
2025-07-08 15:38:08,293 [WARN] ConditionMgr:1044 - genDependencies : Invalid condition id : LAN8742 Phy interface Condition cause : null
2025-07-08 15:38:08,293 [WARN] ConditionMgr:1044 - genDependencies : Invalid condition id : LAN8742 Phy interface Condition cause : null
2025-07-08 15:38:08,294 [WARN] ConditionMgr:1044 - genDependencies : Invalid condition id : LAN8742 Phy interface Condition cause : null
2025-07-08 15:38:08,300 [WARN] PackLoader:240 - Cannot read IP mode file for STMicroelectronics.X-CUBE-SFXS2LP1.4.0.0
2025-07-08 15:38:08,311 [WARN] PackLoader:240 - Cannot read IP mode file for STMicroelectronics.X-CUBE-AZRTOS-H7.3.3.0
2025-07-08 15:38:08,320 [WARN] ConditionMgr:438 - getConditionDescription Invalid condition id : UX DEVICE CLASS RTOS Condition cause : null
2025-07-08 15:38:08,320 [WARN] ConditionMgr:438 - getConditionDescription Invalid condition id : UX DEVICE CLASS RTOS Condition cause : null
2025-07-08 15:38:08,321 [WARN] PackLoader:240 - Cannot read IP mode file for STMicroelectronics.X-CUBE-AZRTOS-WB.2.0.0
2025-07-08 15:38:08,322 [WARN] ConditionMgr:1044 - genDependencies : Invalid condition id : UX DEVICE CLASS RTOS Condition cause : null
2025-07-08 15:38:08,322 [WARN] ConditionMgr:1044 - genDependencies : Invalid condition id : UX DEVICE CLASS RTOS Condition cause : null
2025-07-08 15:38:08,322 [WARN] ConditionMgr:1044 - genDependencies : Invalid condition id : UX DEVICE CLASS RTOS Condition cause : null
2025-07-08 15:38:08,322 [WARN] ConditionMgr:1044 - genDependencies : Invalid condition id : UX DEVICE CLASS RTOS Condition cause : null
2025-07-08 15:38:08,322 [WARN] ConditionMgr:1044 - genDependencies : Invalid condition id : UX DEVICE CLASS RTOS Condition cause : null
2025-07-08 15:38:08,326 [WARN] PackLoader:240 - Cannot read IP mode file for STMicroelectronics.X-CUBE-GNSS1.7.0.1
2025-07-08 15:38:08,328 [WARN] PackLoader:240 - Cannot read IP mode file for STMicroelectronics.X-CUBE-TOUCHGFX.4.25.0
2025-07-08 15:38:08,333 [WARN] PackLoader:240 - Cannot read IP mode file for STMicroelectronics.FP-SNS-STBOX1.2.0.0
2025-07-08 15:38:08,341 [WARN] PackLoader:240 - Cannot read IP mode file for STMicroelectronics.X-CUBE-SUBG2.5.0.0
2025-07-08 15:38:08,354 [WARN] PackLoader:240 - Cannot read IP mode file for STMicroelectronics.X-CUBE-AZRTOS-H7RS.1.1.0
2025-07-08 15:38:08,358 [WARN] PackLoader:240 - Cannot read IP mode file for Cesanta.I-CUBE-Mongoose.7.13.0
2025-07-08 15:38:08,367 [WARN] PackLoader:240 - Cannot read IP mode file for STMicroelectronics.X-CUBE-AZRTOS-G4.2.0.0
2025-07-08 15:38:08,370 [WARN] PackLoader:240 - Cannot read IP mode file for wolfSSL.I-CUBE-wolfSSH.1.4.20
2025-07-08 15:38:08,373 [WARN] PackLoader:240 - Cannot read IP mode file for STMicroelectronics.X-CUBE-NFC7.2.0.0
2025-07-08 15:38:08,380 [WARN] PackLoader:240 - Cannot read IP mode file for STMicroelectronics.X-CUBE-IPS.3.1.0
2025-07-08 15:38:08,387 [WARN] PackLoader:240 - Cannot read IP mode file for STMicroelectronics.X-CUBE-ALS.1.0.2
2025-07-08 15:38:08,390 [WARN] PackLoader:240 - Cannot read IP mode file for portGmbH.I-Cube-SoM-uGOAL.1.1.0
2025-07-08 15:38:08,395 [WARN] PackLoader:240 - Cannot read IP mode file for STMicroelectronics.X-CUBE-TOF1.3.4.3
2025-07-08 15:38:08,403 [INFO] ThirdParty:978 - Integrity check success = true
2025-07-08 15:38:08,403 [INFO] IntegrityCheckThread:100 - exiting critical section [integrity check]
2025-07-08 15:38:08,403 [INFO] IntegrityCheckThread:103 - End integrity checks thread
2025-07-08 15:38:08,403 [INFO] ThirdParty:873 - entering critical section [close project]
2025-07-08 15:38:08,404 [INFO] ThirdParty:883 - exiting critical section [close project]
2025-07-08 15:38:08,406 [INFO] PinOutPanel:1589 - setPackage(No Configuration,No Configuration)
2025-07-08 15:38:08,409 [INFO] UtilMem:75 - Begin LoadConfig() Used Memory: 243944216 Bytes (683671552)
2025-07-08 15:38:08,413 [INFO] MicroXplorer:468 - Change Database Path : /home/adrian/.stm32cubemx/databases/DB.6.0.140/db/
2025-07-08 15:38:08,413 [INFO] MicroXplorer:498 - Change Database Version : DB.6.0.140
2025-07-08 15:38:19,689 [INFO] OpenFileManager:354 - Change cursor
2025-07-08 15:38:19,709 [INFO] Mcu:2011 - Initializing MCU STM32F411C(C-E)Ux STM32F411CEUx STM32F411CEU6
2025-07-08 15:38:20,425 [INFO] Context:756 - Trying to add GPIOservice into a context  which must be forbidden
2025-07-08 15:38:20,708 [INFO] ImportTextPane:218 - (OptionalMessage_ERROR) Pin25 (VP_RIF_VS_RIF1) cannot be retrieved for this MCU
2025-07-08 15:38:20,766 [INFO] RtosManager:558 - Registered RTOS mode: class=CMSIS, group=RTOS, mode=CMSIS_V1, owner=FREERTOS
2025-07-08 15:38:20,767 [INFO] RtosManager:558 - Registered RTOS mode: class=CMSIS, group=RTOS2, mode=CMSIS_V2, owner=FREERTOS
2025-07-08 15:38:20,767 [INFO] RtosManager:558 - Registered RTOS mode: class=RTOS, group=Core, mode=CMSIS_V1, owner=FREERTOS
2025-07-08 15:38:20,767 [INFO] RtosManager:558 - Registered RTOS mode: class=RTOS, group=Core, mode=CMSIS_V2, owner=FREERTOS
2025-07-08 15:38:20,767 [WARN] ModelIntegratedComponent:184 - Missing modes for component STMicroelectronics:FreeRTOS:0.0.1:STMicroelectronics:RTOS:FreeRTOS:Core:::10.2.0:
2025-07-08 15:38:20,776 [WARN] ModelIntegratedComponent:182 - Modes not found for component STMicroelectronics:USB_HOST:1.0.0:STMicroelectronics:USB::USB Host:Audio HS::1.0:USB_HOST_1_0_RESTRICTED_HS
2025-07-08 15:38:20,776 [WARN] ModelIntegratedComponent:188 - Modes not found for component STMicroelectronics:USB_HOST:1.0.0:STMicroelectronics:USB::USB Host:Audio HS::1.0:USB_HOST_1_0_RESTRICTED_HS
2025-07-08 15:38:20,776 [WARN] ModelIntegratedComponent:182 - Modes not found for component STMicroelectronics:USB_HOST:1.0.0:STMicroelectronics:USB::USB Host:CDC HS::1.0:USB_HOST_1_0_RESTRICTED_HS
2025-07-08 15:38:20,776 [WARN] ModelIntegratedComponent:188 - Modes not found for component STMicroelectronics:USB_HOST:1.0.0:STMicroelectronics:USB::USB Host:CDC HS::1.0:USB_HOST_1_0_RESTRICTED_HS
2025-07-08 15:38:20,776 [WARN] ModelIntegratedComponent:182 - Modes not found for component STMicroelectronics:USB_HOST:1.0.0:STMicroelectronics:USB::USB Host:MSC HS::1.0:USB_HOST_1_0_RESTRICTED_HS
2025-07-08 15:38:20,776 [WARN] ModelIntegratedComponent:188 - Modes not found for component STMicroelectronics:USB_HOST:1.0.0:STMicroelectronics:USB::USB Host:MSC HS::1.0:USB_HOST_1_0_RESTRICTED_HS
2025-07-08 15:38:20,776 [WARN] ModelIntegratedComponent:182 - Modes not found for component STMicroelectronics:USB_HOST:1.0.0:STMicroelectronics:USB::USB Host:HID HS::1.0:USB_HOST_1_0_RESTRICTED_HS
2025-07-08 15:38:20,776 [WARN] ModelIntegratedComponent:188 - Modes not found for component STMicroelectronics:USB_HOST:1.0.0:STMicroelectronics:USB::USB Host:HID HS::1.0:USB_HOST_1_0_RESTRICTED_HS
2025-07-08 15:38:20,776 [WARN] ModelIntegratedComponent:182 - Modes not found for component STMicroelectronics:USB_HOST:1.0.0:STMicroelectronics:USB::USB Host:MTP HS::1.0:USB_HOST_1_0_RESTRICTED_HS
2025-07-08 15:38:20,776 [WARN] ModelIntegratedComponent:188 - Modes not found for component STMicroelectronics:USB_HOST:1.0.0:STMicroelectronics:USB::USB Host:MTP HS::1.0:USB_HOST_1_0_RESTRICTED_HS
2025-07-08 15:38:20,784 [WARN] ModelIntegratedComponent:63 - No mode defined for component null
2025-07-08 15:38:20,785 [WARN] ModelIntegratedComponent:63 - No mode defined for component null
2025-07-08 15:38:20,785 [WARN] ModelIntegratedComponent:63 - No mode defined for component null
2025-07-08 15:38:20,785 [WARN] ModelIntegratedComponent:63 - No mode defined for component null
2025-07-08 15:38:20,785 [WARN] ModelIntegratedComponent:63 - No mode defined for component null
2025-07-08 15:38:20,785 [WARN] ModelIntegratedComponent:63 - No mode defined for component null
2025-07-08 15:38:20,785 [WARN] ModelIntegratedComponent:63 - No mode defined for component null
2025-07-08 15:38:20,785 [WARN] ModelIntegratedComponent:63 - No mode defined for component null
2025-07-08 15:38:20,785 [WARN] ModelIntegratedComponent:63 - No mode defined for component null
2025-07-08 15:38:20,785 [WARN] ModelIntegratedComponent:63 - No mode defined for component null
2025-07-08 15:38:20,785 [WARN] ModelIntegratedComponent:63 - No mode defined for component null
2025-07-08 15:38:20,785 [WARN] ModelIntegratedComponent:63 - No mode defined for component null
2025-07-08 15:38:20,785 [WARN] ModelIntegratedComponent:63 - No mode defined for component null
2025-07-08 15:38:20,785 [WARN] ModelIntegratedComponent:63 - No mode defined for component null
2025-07-08 15:38:20,785 [WARN] ModelIntegratedComponent:63 - No mode defined for component null
2025-07-08 15:38:20,785 [WARN] ModelIntegratedComponent:63 - No mode defined for component null
2025-07-08 15:38:20,785 [WARN] ModelIntegratedComponent:63 - No mode defined for component null
2025-07-08 15:38:20,786 [WARN] ModelIntegratedComponent:63 - No mode defined for component null
2025-07-08 15:38:20,786 [WARN] ModelIntegratedComponent:63 - No mode defined for component null
2025-07-08 15:38:20,786 [WARN] ModelIntegratedComponent:63 - No mode defined for component null
2025-07-08 15:38:20,786 [WARN] ModelIntegratedComponent:63 - No mode defined for component null
2025-07-08 15:38:20,786 [WARN] ModelIntegratedComponent:63 - No mode defined for component null
2025-07-08 15:38:20,786 [WARN] ModelIntegratedComponent:63 - No mode defined for component null
2025-07-08 15:38:20,786 [WARN] ModelIntegratedComponent:63 - No mode defined for component null
2025-07-08 15:38:20,786 [WARN] ModelIntegratedComponent:63 - No mode defined for component null
2025-07-08 15:38:20,786 [WARN] ModelIntegratedComponent:63 - No mode defined for component null
2025-07-08 15:38:20,786 [WARN] ModelIntegratedComponent:63 - No mode defined for component null
2025-07-08 15:38:20,786 [WARN] ModelIntegratedComponent:63 - No mode defined for component null
2025-07-08 15:38:20,786 [WARN] ModelIntegratedComponent:63 - No mode defined for component null
2025-07-08 15:38:20,786 [WARN] ModelIntegratedComponent:63 - No mode defined for component null
2025-07-08 15:38:20,786 [WARN] ModelIntegratedComponent:63 - No mode defined for component null
2025-07-08 15:38:20,786 [WARN] ModelIntegratedComponent:63 - No mode defined for component null
2025-07-08 15:38:20,786 [WARN] ModelIntegratedComponent:63 - No mode defined for component null
2025-07-08 15:38:20,786 [WARN] ModelIntegratedComponent:63 - No mode defined for component null
2025-07-08 15:38:20,787 [WARN] ModelIntegratedComponent:63 - No mode defined for component null
2025-07-08 15:38:20,787 [WARN] ModelPack:524 - Component already loaded: STMicroelectronics:HAL Drivers:0.0.0:STMicroelectronics:Device:STMicro_Driver:XSPI:HAL::0.0.1:HAL_XSPI
2025-07-08 15:38:20,866 [WARN] ModelIntegratedComponent:182 - Modes not found for component STMicroelectronics:USB_DEVICE:1.0.0:STMicroelectronics:USB::USB Device:Audio HS::1.0:USB_DEVICE_1_0_RESTRICTED_HS
2025-07-08 15:38:20,867 [WARN] ModelIntegratedComponent:188 - Modes not found for component STMicroelectronics:USB_DEVICE:1.0.0:STMicroelectronics:USB::USB Device:Audio HS::1.0:USB_DEVICE_1_0_RESTRICTED_HS
2025-07-08 15:38:20,867 [WARN] ModelIntegratedComponent:182 - Modes not found for component STMicroelectronics:USB_DEVICE:1.0.0:STMicroelectronics:USB::USB Device:CDC HS::1.0:USB_DEVICE_1_0_RESTRICTED_HS
2025-07-08 15:38:20,867 [WARN] ModelIntegratedComponent:188 - Modes not found for component STMicroelectronics:USB_DEVICE:1.0.0:STMicroelectronics:USB::USB Device:CDC HS::1.0:USB_DEVICE_1_0_RESTRICTED_HS
2025-07-08 15:38:20,867 [WARN] ModelIntegratedComponent:182 - Modes not found for component STMicroelectronics:USB_DEVICE:1.0.0:STMicroelectronics:USB::USB Device:DFU HS::1.0:USB_DEVICE_1_0_RESTRICTED_HS
2025-07-08 15:38:20,867 [WARN] ModelIntegratedComponent:188 - Modes not found for component STMicroelectronics:USB_DEVICE:1.0.0:STMicroelectronics:USB::USB Device:DFU HS::1.0:USB_DEVICE_1_0_RESTRICTED_HS
2025-07-08 15:38:20,867 [WARN] ModelIntegratedComponent:182 - Modes not found for component STMicroelectronics:USB_DEVICE:1.0.0:STMicroelectronics:USB::USB Device:HID HS::1.0:USB_DEVICE_1_0_RESTRICTED_HS
2025-07-08 15:38:20,867 [WARN] ModelIntegratedComponent:188 - Modes not found for component STMicroelectronics:USB_DEVICE:1.0.0:STMicroelectronics:USB::USB Device:HID HS::1.0:USB_DEVICE_1_0_RESTRICTED_HS
2025-07-08 15:38:20,867 [WARN] ModelIntegratedComponent:182 - Modes not found for component STMicroelectronics:USB_DEVICE:1.0.0:STMicroelectronics:USB::USB Device:Custom HID HS::1.0:USB_DEVICE_1_0_RESTRICTED_HS
2025-07-08 15:38:20,867 [WARN] ModelIntegratedComponent:188 - Modes not found for component STMicroelectronics:USB_DEVICE:1.0.0:STMicroelectronics:USB::USB Device:Custom HID HS::1.0:USB_DEVICE_1_0_RESTRICTED_HS
2025-07-08 15:38:20,867 [WARN] ModelIntegratedComponent:182 - Modes not found for component STMicroelectronics:USB_DEVICE:1.0.0:STMicroelectronics:USB::USB Device:MSC HS::1.0:USB_DEVICE_1_0_RESTRICTED_HS
2025-07-08 15:38:20,867 [WARN] ModelIntegratedComponent:188 - Modes not found for component STMicroelectronics:USB_DEVICE:1.0.0:STMicroelectronics:USB::USB Device:MSC HS::1.0:USB_DEVICE_1_0_RESTRICTED_HS
2025-07-08 15:38:20,886 [INFO] ThirdPartyModel:298 - Start build external matchings
2025-07-08 15:38:21,176 [INFO] ThirdPartyModel:316 - End build external matchings
2025-07-08 15:38:21,196 [INFO] ImportTextPane:218 - (OptionalMessage_ERROR) IP (DMA) : Parameter (Instance) has Id (I2C1_TX) currently not set
2025-07-08 15:38:21,196 [INFO] ImportTextPane:218 - (OptionalMessage_ERROR) IP (DMA) : Parameter (Channel) has Id (I2C1_TX) currently not set
2025-07-08 15:38:21,196 [INFO] ImportTextPane:218 - (OptionalMessage_ERROR) IP (DMA) : Parameter (Direction) has Id (I2C1_TX) currently not set
2025-07-08 15:38:21,196 [INFO] ImportTextPane:218 - (OptionalMessage_ERROR) IP (DMA) : Parameter (PeriphInc) has Id (I2C1_TX) currently not set
2025-07-08 15:38:21,196 [INFO] ImportTextPane:218 - (OptionalMessage_ERROR) IP (DMA) : Parameter (MemInc) has Id (I2C1_TX) currently not set
2025-07-08 15:38:21,196 [INFO] ImportTextPane:218 - (OptionalMessage_ERROR) IP (DMA) : Parameter (PeriphDataAlignment) has Id (I2C1_TX) currently not set
2025-07-08 15:38:21,196 [INFO] ImportTextPane:218 - (OptionalMessage_ERROR) IP (DMA) : Parameter (MemDataAlignment) has Id (I2C1_TX) currently not set
2025-07-08 15:38:21,197 [INFO] ImportTextPane:218 - (OptionalMessage_ERROR) IP (DMA) : Parameter (Mode) has Id (I2C1_TX) currently not set
2025-07-08 15:38:21,197 [INFO] ImportTextPane:218 - (OptionalMessage_ERROR) IP (DMA) : Parameter (Priority) has Id (I2C1_TX) currently not set
2025-07-08 15:38:21,197 [INFO] ImportTextPane:218 - (OptionalMessage_ERROR) IP (DMA) : Parameter (FIFOMode) has Id (I2C1_TX) currently not set
2025-07-08 15:38:21,197 [INFO] ImportTextPane:218 - (OptionalMessage_ERROR) IP (DMA) : Parameter (Instance) has Id (USART1_RX) currently not set
2025-07-08 15:38:21,197 [INFO] ImportTextPane:218 - (OptionalMessage_ERROR) IP (DMA) : Parameter (Channel) has Id (USART1_RX) currently not set
2025-07-08 15:38:21,197 [INFO] ImportTextPane:218 - (OptionalMessage_ERROR) IP (DMA) : Parameter (Direction) has Id (USART1_RX) currently not set
2025-07-08 15:38:21,197 [INFO] ImportTextPane:218 - (OptionalMessage_ERROR) IP (DMA) : Parameter (PeriphInc) has Id (USART1_RX) currently not set
2025-07-08 15:38:21,197 [INFO] ImportTextPane:218 - (OptionalMessage_ERROR) IP (DMA) : Parameter (MemInc) has Id (USART1_RX) currently not set
2025-07-08 15:38:21,197 [INFO] ImportTextPane:218 - (OptionalMessage_ERROR) IP (DMA) : Parameter (PeriphDataAlignment) has Id (USART1_RX) currently not set
2025-07-08 15:38:21,197 [INFO] ImportTextPane:218 - (OptionalMessage_ERROR) IP (DMA) : Parameter (MemDataAlignment) has Id (USART1_RX) currently not set
2025-07-08 15:38:21,197 [INFO] ImportTextPane:218 - (OptionalMessage_ERROR) IP (DMA) : Parameter (Mode) has Id (USART1_RX) currently not set
2025-07-08 15:38:21,197 [INFO] ImportTextPane:218 - (OptionalMessage_ERROR) IP (DMA) : Parameter (Priority) has Id (USART1_RX) currently not set
2025-07-08 15:38:21,197 [INFO] ImportTextPane:218 - (OptionalMessage_ERROR) IP (DMA) : Parameter (FIFOMode) has Id (USART1_RX) currently not set
2025-07-08 15:38:21,197 [INFO] ImportTextPane:218 - (OptionalMessage_ERROR) IP (DMA) : Parameter (Instance) has Id (USART1_TX) currently not set
2025-07-08 15:38:21,197 [INFO] ImportTextPane:218 - (OptionalMessage_ERROR) IP (DMA) : Parameter (Channel) has Id (USART1_TX) currently not set
2025-07-08 15:38:21,197 [INFO] ImportTextPane:218 - (OptionalMessage_ERROR) IP (DMA) : Parameter (Direction) has Id (USART1_TX) currently not set
2025-07-08 15:38:21,197 [INFO] ImportTextPane:218 - (OptionalMessage_ERROR) IP (DMA) : Parameter (PeriphInc) has Id (USART1_TX) currently not set
2025-07-08 15:38:21,197 [INFO] ImportTextPane:218 - (OptionalMessage_ERROR) IP (DMA) : Parameter (MemInc) has Id (USART1_TX) currently not set
2025-07-08 15:38:21,197 [INFO] ImportTextPane:218 - (OptionalMessage_ERROR) IP (DMA) : Parameter (PeriphDataAlignment) has Id (USART1_TX) currently not set
2025-07-08 15:38:21,198 [INFO] ImportTextPane:218 - (OptionalMessage_ERROR) IP (DMA) : Parameter (MemDataAlignment) has Id (USART1_TX) currently not set
2025-07-08 15:38:21,198 [INFO] ImportTextPane:218 - (OptionalMessage_ERROR) IP (DMA) : Parameter (Mode) has Id (USART1_TX) currently not set
2025-07-08 15:38:21,198 [INFO] ImportTextPane:218 - (OptionalMessage_ERROR) IP (DMA) : Parameter (Priority) has Id (USART1_TX) currently not set
2025-07-08 15:38:21,198 [INFO] ImportTextPane:218 - (OptionalMessage_ERROR) IP (DMA) : Parameter (FIFOMode) has Id (USART1_TX) currently not set
2025-07-08 15:38:21,199 [WARN] IP:2250 - I2C_Coeff_DF not found: check if there is a RefParameter without a condition.
2025-07-08 15:38:21,199 [WARN] IP:2250 - Analog_Filter not found: check if there is a RefParameter without a condition.
2025-07-08 15:38:21,200 [INFO] ImportTextPane:218 - (OptionalMessage_ERROR) IP (RCC) : Parameter (48MHZClocksFreq_Value) has invalid value (50000000)
2025-07-08 15:38:21,201 [INFO] ImportTextPane:218 - (OptionalMessage_ERROR) IP (RCC) : Parameter (RTCHSEDivFreq_Value) has invalid value (12500000)
2025-07-08 15:38:21,375 [INFO] ApiDb:581 - Connected to CubeFinder SQLite database (/home/adrian/.stmcufinder/plugins/mcufinder/mcu/cube-finder-db.db)
2025-07-08 15:38:21,433 [INFO] ApiDb:668 - CubeFinder database Data Model version=2.1
2025-07-08 15:38:21,433 [INFO] ApiDb:669 - CubeFinder database Configuration version=3.0.39
2025-07-08 15:38:21,433 [INFO] ApiDb:670 - CubeFinder database generation date=2025-03-24 (1742811287)
2025-07-08 15:38:21,433 [INFO] ApiDb:671 - CubeFinder database FW Pack versions=[FP-ATR-ASTRA1_V2.0.0, FP-SNS-FLIGHT1_V5.0.2, FP-SNS-MOTENV1_V5.0.0, FP-SNS-MOTENVWB1_V1.4.0, FP-SNS-SMARTAG2_V1.2.0, FP-SNS-STBOX1_V2.0.0, STM32Cube_FW_C0_V1.4.0, STM32Cube_FW_F4_V1.28.1, STM32Cube_FW_F7_V1.17.2, STM32Cube_FW_G0_V1.6.2, STM32Cube_FW_G4_V1.6.1, STM32Cube_FW_H5_V1.5.0, STM32Cube_FW_H7RS_V1.2.0, STM32Cube_FW_H7_V1.12.1, STM32Cube_FW_L0_V1.12.2, STM32Cube_FW_L4_V1.18.1, STM32Cube_FW_L5_V1.5.1, STM32Cube_FW_N6_V1.1.0, STM32Cube_FW_U0_V1.2.0, STM32Cube_FW_U3_V1.1.0, STM32Cube_FW_U5_V1.7.0, STM32Cube_FW_WB0_V1.2.0, STM32Cube_FW_WBA_V1.6.0, STM32Cube_FW_WB_V1.22.0, STM32Cube_FW_WL3_V1.1.0, STM32Cube_FW_WL_V1.3.1, X-CUBE-ALGOBUILD_V1.4.0, X-CUBE-ALS_V1.0.2, X-CUBE-AZRTOS-F4_V1.1.0, X-CUBE-AZRTOS-F7_V1.1.0, X-CUBE-AZRTOS-G0_V1.1.0, X-CUBE-AZRTOS-G4_V2.0.0, X-CUBE-AZRTOS-H7RS_V1.0.0, X-CUBE-AZRTOS-H7_V3.3.0, X-CUBE-AZRTOS-L4_V2.0.0, X-CUBE-AZRTOS-L5_V2.0.0, X-CUBE-AZRTOS-WB_V2.0.0, X-CUBE-AZRTOS-WL_V2.0.0, X-CUBE-BLE1_V7.1.0, X-CUBE-BLE2_V3.3.0, X-CUBE-BLEMGR_V4.0.0, X-CUBE-EEPRMA1_V5.1.0, X-CUBE-FREERTOS_V1.3.0, X-CUBE-GNSS1_V6.0.0, X-CUBE-MEMS1_V11.1.0, X-CUBE-NFC4_V3.0.0, X-CUBE-NFC7_V1.0.1, X-CUBE-SFXS2LP1_V4.0.0, X-CUBE-SUBG2_V5.0.0, X-CUBE-TOF1_V3.4.2]
2025-07-08 15:38:21,517 [INFO] DbBoardsSqlite:226 - include board P-NUCLEO-WB55-NUCLEO as a kit item of type 'Nucleo-64'
2025-07-08 15:38:21,518 [INFO] DbBoardsSqlite:226 - include board P-NUCLEO-WB55-USBDONGLE as a kit item of type 'Nucleo USB Dongle'
2025-07-08 15:38:21,518 [INFO] DbBoardsSqlite:226 - include board STEVAL-IDP005V1 as a kit item of type 'Evaluation Board'
2025-07-08 15:38:21,519 [INFO] DbBoardsSqlite:226 - include board STEVAL-IDP005V2 as a kit item of type 'Evaluation Board'
2025-07-08 15:38:21,649 [INFO] ApiDb:240 - Found 895 in-development CPN: [B-G473E-ZEST1S, B-WB1M-WPAN1, B-WBA5M-WPAN, B-WL5M-SUBG1, NUCLEO-C031C6, NUCLEO-C051C8, NUCLEO-C071RB, NUCLEO-C092RC, NUCLEO-H503RB, NUCLEO-H533RE, NUCLEO-H563ZI, NUCLEO-H7S3L8, NUCLEO-N657X0-Q, NUCLEO-U031R8, NUCLEO-U083RC, NUCLEO-U385RG-Q, NUCLEO-U545RE-Q, NUCLEO-U5A5ZJ-Q, NUCLEO-WB05KZ, NUCLEO-WB07CC, NUCLEO-WB09KE, NUCLEO-WBA52CG, NUCLEO-WBA55CG, NUCLEO-WBA65RI, NUCLEO-WL33CC1, NUCLEO-WL33CC2, STEVAL-PROTEUS1, STEVAL-SMARTAG2, STEVAL-STWINBX1, STM320518-EVAL, STM32C0116-DK, STM32C011D6Y3TR, STM32C011D6Y6TR, STM32C011F4P3, STM32C011F4P6, STM32C011F4U3, STM32C011F4U6TR, STM32C011F6P3, STM32C011F6P6, STM32C011F6U3, STM32C011F6U6TR, STM32C011J4M3, STM32C011J4M6, STM32C011J6M3, STM32C011J6M6, STM32C0316-DK, STM32C031C4T3, STM32C031C4T6, STM32C031C4U3, STM32C031C4U6, STM32C031C6T3, STM32C031C6T6, STM32C031C6U3, STM32C031C6U6, STM32C031F4P3, STM32C031F4P6, STM32C031F6P3, STM32C031F6P6, STM32C031G4U3, STM32C031G4U6, STM32C031G6U3, STM32C031G6U6, STM32C031K4T3, STM32C031K4T6, STM32C031K4U3, STM32C031K4U6, STM32C031K6T3, STM32C031K6T6, STM32C031K6U3, STM32C031K6U6, STM32C051C6T6, STM32C051C6U6, STM32C051C8T6, STM32C051C8U6, STM32C051D8Y6TR, STM32C051F6P6, STM32C051F8P6, STM32C051G6U6, STM32C051G8U6, STM32C051K6T6, STM32C051K6U6, STM32C051K8T6, STM32C071C8T6, STM32C071C8T6N, STM32C071C8U6, STM32C071C8U6N, STM32C071CBT6, STM32C071CBT6N, STM32C071CBU6, STM32C071CBU6N, STM32C071F8P6, STM32C071F8P6N, STM32C071FBP6, STM32C071FBP6N, STM32C071FBY6TR, STM32C071G8U6, STM32C071G8U6N, STM32C071GBU6, STM32C071GBU6N, STM32C071K8T6, STM32C071K8T6N, STM32C071K8U6, STM32C071K8U6N, STM32C071KBT6, STM32C071KBT6N, STM32C071KBU6, STM32C071KBU6N, STM32C071R8T6, STM32C071R8T6N, STM32C071RBI6N, STM32C071RBT6, STM32C071RBT6N, STM32C091CBT6, STM32C091CBU6, STM32C091CCT6, STM32C091CCU6, STM32C091ECY6TR, STM32C091FBP6, STM32C091FCP6, STM32C091GBU6, STM32C091GCU6, STM32C091KBT6, STM32C091KBU6, STM32C091KCT6, STM32C091KCU6, STM32C091RBT6, STM32C091RCI6, STM32C091RCT6, STM32C092CBT6, STM32C092CBU6, STM32C092CCT6, STM32C092CCU6, STM32C092ECY6TR, STM32C092FBP6, STM32C092FCP6, STM32C092GBU6, STM32C092GCU6, STM32C092KBT6, STM32C092KBU6, STM32C092KCT6, STM32C092KCU6, STM32C092RBT6, STM32C092RCI6, STM32C092RCT6, STM32G071K8TXN, STM32G071K8UXN, STM32G081GBU6N, STM32G081KBT6N, STM32G081KBUXN, STM32G0B1CCT6N, STM32G0B1KCT6, STM32G0B1NEY6TR, STM32G0B1RCT6N, STM32G0C1CCT6, STM32G0C1CCT6N, STM32G0C1CCU6N, STM32G0C1CET6N, STM32G0C1CEU6N, STM32G0C1KCT6, STM32G0C1NEY6TR, STM32G0C1RCI6N, STM32G0C1RCT6N, STM32G0C1REI6N, STM32G0C1RET6N, STM32G0C1VCI6, STM32G0C1VEI6, STM32G411C6T3, STM32G411C6T6, STM32G411C6U3, STM32G411C6U6, STM32G411C8T3, STM32G411C8T6, STM32G411C8U3, STM32G411C8U6, STM32G411CBT3, STM32G411CBT6, STM32G411CBU3, STM32G411CBU6, STM32G411CCT3, STM32G411CCT6, STM32G411CCU3, STM32G411CCU6, STM32G411K6T3, STM32G411K6T6, STM32G411K6U3, STM32G411K6U6, STM32G411K8T3, STM32G411K8T6, STM32G411K8U3, STM32G411K8U6, STM32G411KBT3, STM32G411KBT6, STM32G411KBU3, STM32G411KBU6, STM32G411M6T3, STM32G411M6T6, STM32G411M8T3, STM32G411M8T6, STM32G411MBT3, STM32G411MBT6, STM32G411MCT3, STM32G411MCT6, STM32G411R6T3, STM32G411R6T6, STM32G411R8T3, STM32G411R8T6, STM32G411RBT3, STM32G411RBT6, STM32G411RCT3, STM32G411RCT6, STM32G414CBT3, STM32G414CBT6, STM32G414CBU3, STM32G414CBU6, STM32G414CCT3, STM32G414CCT6, STM32G414CCU3, STM32G414CCU6, STM32G414MBT3, STM32G414MBT6, STM32G414MCT3, STM32G414MCT6, STM32G414RBT3, STM32G414RBT6, STM32G414RCT3, STM32G414RCT6, STM32G414VBT3, STM32G414VBT6, STM32G414VCT3, STM32G414VCT6, STM32G431CBT3Z, STM32G431RBT3Z, STM32G471CCT6, STM32G471CCU6, STM32G471CET3, STM32G471CET6, STM32G471CEU3, STM32G471CEU6, STM32G471MCT6, STM32G471MET3, STM32G471MET6, STM32G471MEY6TR, STM32G471QCT6, STM32G471QET3, STM32G471RCT6, STM32G471RET3, STM32G471RET6, STM32G471VCH6, STM32G471VCI6, STM32G471VCT6, STM32G471VEH3, STM32G471VEH6, STM32G471VEI3, STM32G471VEI6, STM32G471VET3, STM32G471VET6, STM32G473QET3Z, STM32G473RET3Z, STM32G474CCT6, STM32G491RET3Z, STM32H503CBT6, STM32H503CBU6, STM32H503EBY6TR, STM32H503KBU6, STM32H503RBT6, STM32H523CCT6, STM32H523CCU6, STM32H523CET6, STM32H523CEU6, STM32H523HEY6TR, STM32H523RCT6, STM32H523RET6, STM32H523VCI6, STM32H523VCT6, STM32H523VEI6, STM32H523VET6, STM32H523ZCJ6, STM32H523ZCT6, STM32H523ZEJ6, STM32H523ZET6, STM32H533CET6, STM32H533CEU6, STM32H533HEY6TR, STM32H533RET6, STM32H533VEI6, STM32H533VET6, STM32H533ZEJ6, STM32H533ZET6, STM32H562AGI6, STM32H562AII6, STM32H562IGK6, STM32H562IGT6, STM32H562IIK6, STM32H562IIT6, STM32H562RGT6, STM32H562RGV6, STM32H562RIT6, STM32H562RIV6, STM32H562VGT6, STM32H562VIT6, STM32H562ZGT6, STM32H562ZIT6, STM32H563AGI6, STM32H563AII3Q, STM32H563AII6, STM32H563IGK6, STM32H563IGT6, STM32H563IIK3Q, STM32H563IIK6, STM32H563IIT3Q, STM32H563IIT6, STM32H563MIY3QTR, STM32H563RGT6, STM32H563RGV6, STM32H563RIT6, STM32H563RIV6, STM32H563VGT6, STM32H563VIT3Q, STM32H563VIT6, STM32H563ZGT6, STM32H563ZIT3Q, STM32H563ZIT6, STM32H573AII3Q, STM32H573AII6, STM32H573I-DK, STM32H573IIK3Q, STM32H573IIK6, STM32H573IIT3Q, STM32H573IIT6, STM32H573MIY3QTR, STM32H573RIT6, STM32H573RIV6, STM32H573VIT3Q, STM32H573VIT6, STM32H573ZIT3Q, STM32H573ZIT6, STM32H7R3A8I6, STM32H7R3I8K6, STM32H7R3I8T6, STM32H7R3L8H6, STM32H7R3L8H6H, STM32H7R3R8V6, STM32H7R3V8H6, STM32H7R3V8T6, STM32H7R3V8Y6TR, STM32H7R3Z8J6, STM32H7R3Z8T6, STM32H7R7A8I6, STM32H7R7I8K6, STM32H7R7I8T6, STM32H7R7L8H6, STM32H7R7L8H6H, STM32H7R7Z8J6, STM32H7S3A8I6, STM32H7S3I8K6, STM32H7S3I8T6, STM32H7S3L8H6, STM32H7S3L8H6H, STM32H7S3R8V6, STM32H7S3V8H6, STM32H7S3V8T6, STM32H7S3V8Y6TR, STM32H7S3Z8J6, STM32H7S3Z8T6, STM32H7S78-DK, STM32H7S7A8I6, STM32H7S7I8K6, STM32H7S7I8T6, STM32H7S7L8H6, STM32H7S7L8H6H, STM32H7S7Z8J6, STM32L4R5QGI6STR, STM32MP131AAE3, STM32MP131AAF3, STM32MP131AAG3, STM32MP131CAE3, STM32MP131CAF3, STM32MP131CAG3, STM32MP131DAE7, STM32MP131DAF7, STM32MP131DAG7, STM32MP131FAE7, STM32MP131FAF7, STM32MP131FAG7, STM32MP133AAE3, STM32MP133AAF3, STM32MP133AAG3, STM32MP133CAE3, STM32MP133CAF3, STM32MP133CAG3, STM32MP133DAE7, STM32MP133DAF7, STM32MP133DAG7, STM32MP133FAE7, STM32MP133FAF7, STM32MP133FAG7, STM32MP135AAE3, STM32MP135AAF3, STM32MP135AAG3, STM32MP135CAE3, STM32MP135CAF3, STM32MP135CAG3, STM32MP135DAE7, STM32MP135DAF7, STM32MP135DAG7, STM32MP135F-DK, STM32MP135FAE7, STM32MP135FAF7, STM32MP135FAF7T, STM32MP135FAF7U, STM32MP135FAG7, STM32MP231AAJ3, STM32MP231AAK3, STM32MP231AAL3, STM32MP231CAJ3, STM32MP231CAK3, STM32MP231CAL3, STM32MP231DAJ3, STM32MP231DAK3, STM32MP231DAL3, STM32MP231FAJ3, STM32MP231FAK3, STM32MP231FAL3, STM32MP233AAJ3, STM32MP233AAK3, STM32MP233AAL3, STM32MP233CAJ3, STM32MP233CAK3, STM32MP233CAL3, STM32MP233DAJ3, STM32MP233DAK3, STM32MP233DAL3, STM32MP233FAJ3, STM32MP233FAK3, STM32MP233FAL3, STM32MP235AAJ3, STM32MP235AAK3, STM32MP235AAL3, STM32MP235CAJ3, STM32MP235CAK3, STM32MP235CAL3, STM32MP235DAJ3, STM32MP235DAK3, STM32MP235DAL3, STM32MP235FAJ3, STM32MP235FAK3, STM32MP235FAL3, STM32MP251AAI3, STM32MP251AAJ3, STM32MP251AAK3, STM32MP251AAL3, STM32MP251CAI3, STM32MP251CAJ3, STM32MP251CAK3, STM32MP251CAL3, STM32MP251DAI3, STM32MP251DAJ3, STM32MP251DAK3, STM32MP251DAL3, STM32MP251FAI3, STM32MP251FAJ3, STM32MP251FAK3, STM32MP251FAL3, STM32MP253AAI3, STM32MP253AAJ3, STM32MP253AAK3, STM32MP253AAL3, STM32MP253CAI3, STM32MP253CAJ3, STM32MP253CAK3, STM32MP253CAL3, STM32MP253DAI3, STM32MP253DAJ3, STM32MP253DAK3, STM32MP253DAL3, STM32MP253FAI3, STM32MP253FAJ3, STM32MP253FAK3, STM32MP253FAL3, STM32MP255AAI3, STM32MP255AAJ3, STM32MP255AAK3, STM32MP255AAL3, STM32MP255CAI3, STM32MP255CAJ3, STM32MP255CAK3, STM32MP255CAL3, STM32MP255DAI3, STM32MP255DAJ3, STM32MP255DAK3, STM32MP255DAL3, STM32MP255FAI3, STM32MP255FAJ3, STM32MP255FAK3, STM32MP255FAL3, STM32MP257AAI3, STM32MP257AAJ3, STM32MP257AAK3, STM32MP257AAL3, STM32MP257CAI3, STM32MP257CAJ3, STM32MP257CAK3, STM32MP257CAL3, STM32MP257DAI3, STM32MP257DAJ3, STM32MP257DAK3, STM32MP257DAL3, STM32MP257F-DK, STM32MP257F-EV1, STM32MP257FAI3, STM32MP257FAJ3, STM32MP257FAK3, STM32MP257FAL3, STM32N645A0H3Q, STM32N645B0H3Q, STM32N645I0H3Q, STM32N645L0H3Q, STM32N645X0H3Q, STM32N645Z0H3Q, STM32N647A0H3Q, STM32N647B0H3Q, STM32N647I0H3Q, STM32N647L0H3Q, STM32N647X0H3Q, STM32N647Z0H3Q, STM32N655A0H3Q, STM32N655B0H3Q, STM32N655I0H3Q, STM32N655L0H3Q, STM32N655X0H3Q, STM32N655Z0H3Q, STM32N6570-DK, STM32N657A0H3Q, STM32N657B0H3Q, STM32N657I0H3Q, STM32N657L0H3Q, STM32N657X0H3Q, STM32N657Z0H3Q, STM32U031C6T6, STM32U031C6U6, STM32U031C8T6, STM32U031C8U6, STM32U031F4P6, STM32U031F6P6, STM32U031F8P6, STM32U031G6Y6TR, STM32U031G8Y6TR, STM32U031K4U6, STM32U031K6U6, STM32U031K8U6, STM32U031R6I6, STM32U031R6T6, STM32U031R8I6, STM32U031R8T6, STM32U073C8T6, STM32U073C8U6, STM32U073CBT6, STM32U073CBU6, STM32U073CCT6, STM32U073CCU6, STM32U073H8Y6TR, STM32U073HBY6TR, STM32U073HCY6TR, STM32U073K8U6, STM32U073KBU6, STM32U073KCU6, STM32U073M8I6, STM32U073M8T6, STM32U073MBI6, STM32U073MBT6, STM32U073MCI6, STM32U073MCT6, STM32U073R8I6, STM32U073R8T6, STM32U073RBI6, STM32U073RBT6, STM32U073RCI6, STM32U073RCT6, STM32U083C-DK, STM32U083CCT6, STM32U083CCU6, STM32U083HCY6TR, STM32U083KCU6, STM32U083MCI6, STM32U083MCT6, STM32U083RCI6, STM32U083RCT6, STM32U375CET6, STM32U375CET6Q, STM32U375CEU6, STM32U375CEU6Q, STM32U375CEY6QTR, STM32U375CGT6, STM32U375CGT6Q, STM32U375CGU6, STM32U375CGU6Q, STM32U375CGY6QTR, STM32U375KEU6, STM32U375KGU6, STM32U375REI6, STM32U375REI6Q, STM32U375RET6, STM32U375RET6Q, STM32U375REY6GTR, STM32U375REY6QTR, STM32U375RGI6, STM32U375RGI6Q, STM32U375RGT6, STM32U375RGT6Q, STM32U375RGY6GTR, STM32U375RGY6QTR, STM32U375VEI6, STM32U375VEI6Q, STM32U375VET6, STM32U375VET6Q, STM32U375VGI6, STM32U375VGI6Q, STM32U375VGT6, STM32U375VGT6Q, STM32U385CGT6, STM32U385CGT6Q, STM32U385CGU6, STM32U385CGU6Q, STM32U385CGY6QTR, STM32U385KGU6, STM32U385RGI6, STM32U385RGI6Q, STM32U385RGT6, STM32U385RGT6Q, STM32U385RGY6GTR, STM32U385RGY6QTR, STM32U385VGI6, STM32U385VGI6Q, STM32U385VGT6, STM32U385VGT6Q, STM32U535CBT6, STM32U535CBT6Q, STM32U535CBU6, STM32U535CBU6Q, STM32U535CCT6, STM32U535CCT6Q, STM32U535CCU6, STM32U535CCU6Q, STM32U535CET6, STM32U535CET6Q, STM32U535CEU6, STM32U535CEU6Q, STM32U535JEY6QTR, STM32U535NCY6QTR, STM32U535NEY6QTR, STM32U535RBI6, STM32U535RBI6Q, STM32U535RBT6, STM32U535RBT6Q, STM32U535RCI6, STM32U535RCI6Q, STM32U535RCT6, STM32U535RCT6Q, STM32U535REI6, STM32U535REI6Q, STM32U535RET6, STM32U535RET6Q, STM32U535VCI6, STM32U535VCI6Q, STM32U535VCT6, STM32U535VCT6Q, STM32U535VEI6, STM32U535VEI6Q, STM32U535VET6, STM32U535VET6Q, STM32U545CET6, STM32U545CET6Q, STM32U545CEU6, STM32U545CEU6Q, STM32U545JEY6QTR, STM32U545NEY6QTR, STM32U545REI6, STM32U545REI6Q, STM32U545RET6, STM32U545RET6Q, STM32U545VEI6, STM32U545VEI6Q, STM32U545VET6, STM32U545VET6Q, STM32U595AIH6, STM32U595AIH6Q, STM32U595AJH6, STM32U595AJH6Q, STM32U595QII6, STM32U595QII6Q, STM32U595QJI6, STM32U595QJI6Q, STM32U595RIT6, STM32U595RIT6Q, STM32U595RJT6, STM32U595RJT6Q, STM32U595VIT6, STM32U595VIT6Q, STM32U595VJT6, STM32U595VJT6Q, STM32U595ZIT6, STM32U595ZIT6Q, STM32U595ZIY6QTR, STM32U595ZJT6, STM32U595ZJT6Q, STM32U595ZJY6QTR, STM32U599BJY6QTR, STM32U599NIH6Q, STM32U599NJH6Q, STM32U599VIT6Q, STM32U599VJT6, STM32U599VJT6Q, STM32U599ZIT6Q, STM32U599ZIY6QTR, STM32U599ZJT6Q, STM32U599ZJY6QTR, STM32U5A5AJH6, STM32U5A5AJH6Q, STM32U5A5QII3Q , STM32U5A5QJI6, STM32U5A5QJI6Q, STM32U5A5RJT6, STM32U5A5RJT6Q, STM32U5A5VJT6, STM32U5A5VJT6Q, STM32U5A5ZJT6, STM32U5A5ZJT6Q, STM32U5A5ZJY6QTR, STM32U5A9BJY6QTR, STM32U5A9J-DK, STM32U5A9NJH6Q, STM32U5A9VJT6Q, STM32U5A9ZJT6Q, STM32U5A9ZJY6QTR, STM32U5F7VIT6, STM32U5F7VIT6Q, STM32U5F7VJT6, STM32U5F7VJT6Q, STM32U5F9BJY6QTR, STM32U5F9NJH6Q, STM32U5F9VIT6Q, STM32U5F9VJT6Q, STM32U5F9ZIJ6QTR, STM32U5F9ZIT6Q, STM32U5F9ZJJ6QTR, STM32U5F9ZJT6Q, STM32U5G7VJT6, STM32U5G7VJT6Q, STM32U5G9BJY6QTR, STM32U5G9J-DK1, STM32U5G9J-DK2, STM32U5G9NJH6Q, STM32U5G9VJT6Q, STM32U5G9ZJJ6QTR, STM32U5G9ZJT6Q, STM32WB05KZV6TR, STM32WB05KZV7TR, STM32WB05TZF6TR, STM32WB05TZF7TR, STM32WB06CCF6TR, STM32WB06CCF7TR, STM32WB06CCV6TR, STM32WB06CCV7TR, STM32WB06KCV6TR, STM32WB06KCV7TR, STM32WB07CCF6TR, STM32WB07CCF7TR, STM32WB07CCV6TR, STM32WB07CCV7TR, STM32WB07KCV6TR, STM32WB07KCV7TR, STM32WB09KEV6TR, STM32WB09KEV7TR, STM32WB09TEF6TR, STM32WB09TEF7TR, STM32WB1MMCH6, STM32WBA50KGU6, STM32WBA50KGU6TR, STM32WBA52CEU6, STM32WBA52CEU6TR, STM32WBA52CEU7, STM32WBA52CEU7TR, STM32WBA52CGU6, STM32WBA52CGU6TR, STM32WBA52CGU6U, STM32WBA52CGU7, STM32WBA52CGU7TR, STM32WBA52KEU6, STM32WBA52KEU6TR, STM32WBA52KGU6, STM32WBA52KGU6TR, STM32WBA54CEU6, STM32WBA54CEU6TR, STM32WBA54CEU7, STM32WBA54CEU7TR, STM32WBA54CGU6, STM32WBA54CGU6TR, STM32WBA54CGU7, STM32WBA54CGU7TR, STM32WBA54KEU6, STM32WBA54KEU6TR, STM32WBA54KEU7, STM32WBA54KEU7TR, STM32WBA54KGU6, STM32WBA54KGU6TR, STM32WBA54KGU7, STM32WBA54KGU7TR, STM32WBA55CEU6, STM32WBA55CEU6TR, STM32WBA55CEU7, STM32WBA55CEU7TR, STM32WBA55CGU6, STM32WBA55CGU6TR, STM32WBA55CGU6U, STM32WBA55CGU7, STM32WBA55CGU7TR, STM32WBA55G-DK1, STM32WBA55HEF6, STM32WBA55HEF7, STM32WBA55HGF6, STM32WBA55HGF7, STM32WBA55UEI6, STM32WBA55UEI6TR, STM32WBA55UEI7, STM32WBA55UEI7TR, STM32WBA55UGI6, STM32WBA55UGI6TR, STM32WBA55UGI7, STM32WBA55UGI7TR, STM32WBA5MJGH6TR, STM32WBA62CGU6, STM32WBA62CIU6, STM32WBA62MGF6, STM32WBA62MIF6, STM32WBA62PGI6, STM32WBA62PII6, STM32WBA63CGU6, STM32WBA63CGU7, STM32WBA63CIU6, STM32WBA63CIU7, STM32WBA64CGU6, STM32WBA64CGU7, STM32WBA64CIU6, STM32WBA64CIU7, STM32WBA65CGU6, STM32WBA65CGU7, STM32WBA65CIU6, STM32WBA65CIU7, STM32WBA65I-DK1, STM32WBA65MGF6, STM32WBA65MGF7, STM32WBA65MIF6, STM32WBA65MIF7, STM32WBA65PGI6, STM32WBA65PGI7, STM32WBA65PII6, STM32WBA65PII7, STM32WBA65RGV6, STM32WBA65RGV7, STM32WBA65RIV6, STM32WBA65RIV7, STM32WL30K8V6, STM32WL30KBV6, STM32WL31C8V6, STM32WL31CBV6, STM32WL31K8V6, STM32WL31KBV6, STM32WL33C8V6, STM32WL33C8V6TR, STM32WL33C8V7, STM32WL33C8V7TR, STM32WL33CBV6, STM32WL33CBV6TR, STM32WL33CBV7, STM32WL33CBV7TR, STM32WL33CCV6, STM32WL33CCV6TR, STM32WL33CCV7, STM32WL33CCV7A, STM32WL33CCV7ATR, STM32WL33CCV7TR, STM32WL33K8V6, STM32WL33K8V6TR, STM32WL33K8V7, STM32WL33K8V7TR, STM32WL33KBV6, STM32WL33KBV6TR, STM32WL33KBV7, STM32WL33KBV7TR, STM32WL33KCV6, STM32WL33KCV6TR, STM32WL33KCV7, STM32WL33KCV7TR, STM32WL5MOCH6, STM32WL5MOCH6TR]
2025-07-08 15:38:21,737 [INFO] BoardInfo:889 - No configuration file found for board P-NUCLEO-WB55
2025-07-08 15:38:21,737 [INFO] DbBoards:161 - Kit is not supported: P-NUCLEO-WB55
2025-07-08 15:38:21,740 [INFO] BoardInfo:889 - No configuration file found for board STEVAL-BFA001V1B
2025-07-08 15:38:21,740 [INFO] DbBoards:161 - Kit is not supported: STEVAL-BFA001V1B
2025-07-08 15:38:21,741 [INFO] BoardInfo:889 - No configuration file found for board STEVAL-BFA001V2B
2025-07-08 15:38:21,741 [INFO] DbBoards:161 - Kit is not supported: STEVAL-BFA001V2B
2025-07-08 15:38:21,842 [INFO] DbBoards:168 - Found 211 boards, 208 are supported
2025-07-08 15:38:21,842 [INFO] DbBoards:169 - Found 211 boards, 43 of them is supported for  Bsp
2025-07-08 15:38:21,845 [INFO] ApiDb:668 - CubeFinder database Data Model version=2.1
2025-07-08 15:38:21,845 [INFO] ApiDb:669 - CubeFinder database Configuration version=3.0.39
2025-07-08 15:38:21,845 [INFO] ApiDb:670 - CubeFinder database generation date=2025-03-24 (1742811287)
2025-07-08 15:38:21,845 [INFO] ApiDb:671 - CubeFinder database FW Pack versions=[FP-ATR-ASTRA1_V2.0.0, FP-SNS-FLIGHT1_V5.0.2, FP-SNS-MOTENV1_V5.0.0, FP-SNS-MOTENVWB1_V1.4.0, FP-SNS-SMARTAG2_V1.2.0, FP-SNS-STBOX1_V2.0.0, STM32Cube_FW_C0_V1.4.0, STM32Cube_FW_F4_V1.28.1, STM32Cube_FW_F7_V1.17.2, STM32Cube_FW_G0_V1.6.2, STM32Cube_FW_G4_V1.6.1, STM32Cube_FW_H5_V1.5.0, STM32Cube_FW_H7RS_V1.2.0, STM32Cube_FW_H7_V1.12.1, STM32Cube_FW_L0_V1.12.2, STM32Cube_FW_L4_V1.18.1, STM32Cube_FW_L5_V1.5.1, STM32Cube_FW_N6_V1.1.0, STM32Cube_FW_U0_V1.2.0, STM32Cube_FW_U3_V1.1.0, STM32Cube_FW_U5_V1.7.0, STM32Cube_FW_WB0_V1.2.0, STM32Cube_FW_WBA_V1.6.0, STM32Cube_FW_WB_V1.22.0, STM32Cube_FW_WL3_V1.1.0, STM32Cube_FW_WL_V1.3.1, X-CUBE-ALGOBUILD_V1.4.0, X-CUBE-ALS_V1.0.2, X-CUBE-AZRTOS-F4_V1.1.0, X-CUBE-AZRTOS-F7_V1.1.0, X-CUBE-AZRTOS-G0_V1.1.0, X-CUBE-AZRTOS-G4_V2.0.0, X-CUBE-AZRTOS-H7RS_V1.0.0, X-CUBE-AZRTOS-H7_V3.3.0, X-CUBE-AZRTOS-L4_V2.0.0, X-CUBE-AZRTOS-L5_V2.0.0, X-CUBE-AZRTOS-WB_V2.0.0, X-CUBE-AZRTOS-WL_V2.0.0, X-CUBE-BLE1_V7.1.0, X-CUBE-BLE2_V3.3.0, X-CUBE-BLEMGR_V4.0.0, X-CUBE-EEPRMA1_V5.1.0, X-CUBE-FREERTOS_V1.3.0, X-CUBE-GNSS1_V6.0.0, X-CUBE-MEMS1_V11.1.0, X-CUBE-NFC4_V3.0.0, X-CUBE-NFC7_V1.0.1, X-CUBE-SFXS2LP1_V4.0.0, X-CUBE-SUBG2_V5.0.0, X-CUBE-TOF1_V3.4.2]
2025-07-08 15:38:24,098 [INFO] ApiDb:240 - Found 895 in-development CPN: [B-G473E-ZEST1S, B-WB1M-WPAN1, B-WBA5M-WPAN, B-WL5M-SUBG1, NUCLEO-C031C6, NUCLEO-C051C8, NUCLEO-C071RB, NUCLEO-C092RC, NUCLEO-H503RB, NUCLEO-H533RE, NUCLEO-H563ZI, NUCLEO-H7S3L8, NUCLEO-N657X0-Q, NUCLEO-U031R8, NUCLEO-U083RC, NUCLEO-U385RG-Q, NUCLEO-U545RE-Q, NUCLEO-U5A5ZJ-Q, NUCLEO-WB05KZ, NUCLEO-WB07CC, NUCLEO-WB09KE, NUCLEO-WBA52CG, NUCLEO-WBA55CG, NUCLEO-WBA65RI, NUCLEO-WL33CC1, NUCLEO-WL33CC2, STEVAL-PROTEUS1, STEVAL-SMARTAG2, STEVAL-STWINBX1, STM320518-EVAL, STM32C0116-DK, STM32C011D6Y3TR, STM32C011D6Y6TR, STM32C011F4P3, STM32C011F4P6, STM32C011F4U3, STM32C011F4U6TR, STM32C011F6P3, STM32C011F6P6, STM32C011F6U3, STM32C011F6U6TR, STM32C011J4M3, STM32C011J4M6, STM32C011J6M3, STM32C011J6M6, STM32C0316-DK, STM32C031C4T3, STM32C031C4T6, STM32C031C4U3, STM32C031C4U6, STM32C031C6T3, STM32C031C6T6, STM32C031C6U3, STM32C031C6U6, STM32C031F4P3, STM32C031F4P6, STM32C031F6P3, STM32C031F6P6, STM32C031G4U3, STM32C031G4U6, STM32C031G6U3, STM32C031G6U6, STM32C031K4T3, STM32C031K4T6, STM32C031K4U3, STM32C031K4U6, STM32C031K6T3, STM32C031K6T6, STM32C031K6U3, STM32C031K6U6, STM32C051C6T6, STM32C051C6U6, STM32C051C8T6, STM32C051C8U6, STM32C051D8Y6TR, STM32C051F6P6, STM32C051F8P6, STM32C051G6U6, STM32C051G8U6, STM32C051K6T6, STM32C051K6U6, STM32C051K8T6, STM32C071C8T6, STM32C071C8T6N, STM32C071C8U6, STM32C071C8U6N, STM32C071CBT6, STM32C071CBT6N, STM32C071CBU6, STM32C071CBU6N, STM32C071F8P6, STM32C071F8P6N, STM32C071FBP6, STM32C071FBP6N, STM32C071FBY6TR, STM32C071G8U6, STM32C071G8U6N, STM32C071GBU6, STM32C071GBU6N, STM32C071K8T6, STM32C071K8T6N, STM32C071K8U6, STM32C071K8U6N, STM32C071KBT6, STM32C071KBT6N, STM32C071KBU6, STM32C071KBU6N, STM32C071R8T6, STM32C071R8T6N, STM32C071RBI6N, STM32C071RBT6, STM32C071RBT6N, STM32C091CBT6, STM32C091CBU6, STM32C091CCT6, STM32C091CCU6, STM32C091ECY6TR, STM32C091FBP6, STM32C091FCP6, STM32C091GBU6, STM32C091GCU6, STM32C091KBT6, STM32C091KBU6, STM32C091KCT6, STM32C091KCU6, STM32C091RBT6, STM32C091RCI6, STM32C091RCT6, STM32C092CBT6, STM32C092CBU6, STM32C092CCT6, STM32C092CCU6, STM32C092ECY6TR, STM32C092FBP6, STM32C092FCP6, STM32C092GBU6, STM32C092GCU6, STM32C092KBT6, STM32C092KBU6, STM32C092KCT6, STM32C092KCU6, STM32C092RBT6, STM32C092RCI6, STM32C092RCT6, STM32G071K8TXN, STM32G071K8UXN, STM32G081GBU6N, STM32G081KBT6N, STM32G081KBUXN, STM32G0B1CCT6N, STM32G0B1KCT6, STM32G0B1NEY6TR, STM32G0B1RCT6N, STM32G0C1CCT6, STM32G0C1CCT6N, STM32G0C1CCU6N, STM32G0C1CET6N, STM32G0C1CEU6N, STM32G0C1KCT6, STM32G0C1NEY6TR, STM32G0C1RCI6N, STM32G0C1RCT6N, STM32G0C1REI6N, STM32G0C1RET6N, STM32G0C1VCI6, STM32G0C1VEI6, STM32G411C6T3, STM32G411C6T6, STM32G411C6U3, STM32G411C6U6, STM32G411C8T3, STM32G411C8T6, STM32G411C8U3, STM32G411C8U6, STM32G411CBT3, STM32G411CBT6, STM32G411CBU3, STM32G411CBU6, STM32G411CCT3, STM32G411CCT6, STM32G411CCU3, STM32G411CCU6, STM32G411K6T3, STM32G411K6T6, STM32G411K6U3, STM32G411K6U6, STM32G411K8T3, STM32G411K8T6, STM32G411K8U3, STM32G411K8U6, STM32G411KBT3, STM32G411KBT6, STM32G411KBU3, STM32G411KBU6, STM32G411M6T3, STM32G411M6T6, STM32G411M8T3, STM32G411M8T6, STM32G411MBT3, STM32G411MBT6, STM32G411MCT3, STM32G411MCT6, STM32G411R6T3, STM32G411R6T6, STM32G411R8T3, STM32G411R8T6, STM32G411RBT3, STM32G411RBT6, STM32G411RCT3, STM32G411RCT6, STM32G414CBT3, STM32G414CBT6, STM32G414CBU3, STM32G414CBU6, STM32G414CCT3, STM32G414CCT6, STM32G414CCU3, STM32G414CCU6, STM32G414MBT3, STM32G414MBT6, STM32G414MCT3, STM32G414MCT6, STM32G414RBT3, STM32G414RBT6, STM32G414RCT3, STM32G414RCT6, STM32G414VBT3, STM32G414VBT6, STM32G414VCT3, STM32G414VCT6, STM32G431CBT3Z, STM32G431RBT3Z, STM32G471CCT6, STM32G471CCU6, STM32G471CET3, STM32G471CET6, STM32G471CEU3, STM32G471CEU6, STM32G471MCT6, STM32G471MET3, STM32G471MET6, STM32G471MEY6TR, STM32G471QCT6, STM32G471QET3, STM32G471RCT6, STM32G471RET3, STM32G471RET6, STM32G471VCH6, STM32G471VCI6, STM32G471VCT6, STM32G471VEH3, STM32G471VEH6, STM32G471VEI3, STM32G471VEI6, STM32G471VET3, STM32G471VET6, STM32G473QET3Z, STM32G473RET3Z, STM32G474CCT6, STM32G491RET3Z, STM32H503CBT6, STM32H503CBU6, STM32H503EBY6TR, STM32H503KBU6, STM32H503RBT6, STM32H523CCT6, STM32H523CCU6, STM32H523CET6, STM32H523CEU6, STM32H523HEY6TR, STM32H523RCT6, STM32H523RET6, STM32H523VCI6, STM32H523VCT6, STM32H523VEI6, STM32H523VET6, STM32H523ZCJ6, STM32H523ZCT6, STM32H523ZEJ6, STM32H523ZET6, STM32H533CET6, STM32H533CEU6, STM32H533HEY6TR, STM32H533RET6, STM32H533VEI6, STM32H533VET6, STM32H533ZEJ6, STM32H533ZET6, STM32H562AGI6, STM32H562AII6, STM32H562IGK6, STM32H562IGT6, STM32H562IIK6, STM32H562IIT6, STM32H562RGT6, STM32H562RGV6, STM32H562RIT6, STM32H562RIV6, STM32H562VGT6, STM32H562VIT6, STM32H562ZGT6, STM32H562ZIT6, STM32H563AGI6, STM32H563AII3Q, STM32H563AII6, STM32H563IGK6, STM32H563IGT6, STM32H563IIK3Q, STM32H563IIK6, STM32H563IIT3Q, STM32H563IIT6, STM32H563MIY3QTR, STM32H563RGT6, STM32H563RGV6, STM32H563RIT6, STM32H563RIV6, STM32H563VGT6, STM32H563VIT3Q, STM32H563VIT6, STM32H563ZGT6, STM32H563ZIT3Q, STM32H563ZIT6, STM32H573AII3Q, STM32H573AII6, STM32H573I-DK, STM32H573IIK3Q, STM32H573IIK6, STM32H573IIT3Q, STM32H573IIT6, STM32H573MIY3QTR, STM32H573RIT6, STM32H573RIV6, STM32H573VIT3Q, STM32H573VIT6, STM32H573ZIT3Q, STM32H573ZIT6, STM32H7R3A8I6, STM32H7R3I8K6, STM32H7R3I8T6, STM32H7R3L8H6, STM32H7R3L8H6H, STM32H7R3R8V6, STM32H7R3V8H6, STM32H7R3V8T6, STM32H7R3V8Y6TR, STM32H7R3Z8J6, STM32H7R3Z8T6, STM32H7R7A8I6, STM32H7R7I8K6, STM32H7R7I8T6, STM32H7R7L8H6, STM32H7R7L8H6H, STM32H7R7Z8J6, STM32H7S3A8I6, STM32H7S3I8K6, STM32H7S3I8T6, STM32H7S3L8H6, STM32H7S3L8H6H, STM32H7S3R8V6, STM32H7S3V8H6, STM32H7S3V8T6, STM32H7S3V8Y6TR, STM32H7S3Z8J6, STM32H7S3Z8T6, STM32H7S78-DK, STM32H7S7A8I6, STM32H7S7I8K6, STM32H7S7I8T6, STM32H7S7L8H6, STM32H7S7L8H6H, STM32H7S7Z8J6, STM32L4R5QGI6STR, STM32MP131AAE3, STM32MP131AAF3, STM32MP131AAG3, STM32MP131CAE3, STM32MP131CAF3, STM32MP131CAG3, STM32MP131DAE7, STM32MP131DAF7, STM32MP131DAG7, STM32MP131FAE7, STM32MP131FAF7, STM32MP131FAG7, STM32MP133AAE3, STM32MP133AAF3, STM32MP133AAG3, STM32MP133CAE3, STM32MP133CAF3, STM32MP133CAG3, STM32MP133DAE7, STM32MP133DAF7, STM32MP133DAG7, STM32MP133FAE7, STM32MP133FAF7, STM32MP133FAG7, STM32MP135AAE3, STM32MP135AAF3, STM32MP135AAG3, STM32MP135CAE3, STM32MP135CAF3, STM32MP135CAG3, STM32MP135DAE7, STM32MP135DAF7, STM32MP135DAG7, STM32MP135F-DK, STM32MP135FAE7, STM32MP135FAF7, STM32MP135FAF7T, STM32MP135FAF7U, STM32MP135FAG7, STM32MP231AAJ3, STM32MP231AAK3, STM32MP231AAL3, STM32MP231CAJ3, STM32MP231CAK3, STM32MP231CAL3, STM32MP231DAJ3, STM32MP231DAK3, STM32MP231DAL3, STM32MP231FAJ3, STM32MP231FAK3, STM32MP231FAL3, STM32MP233AAJ3, STM32MP233AAK3, STM32MP233AAL3, STM32MP233CAJ3, STM32MP233CAK3, STM32MP233CAL3, STM32MP233DAJ3, STM32MP233DAK3, STM32MP233DAL3, STM32MP233FAJ3, STM32MP233FAK3, STM32MP233FAL3, STM32MP235AAJ3, STM32MP235AAK3, STM32MP235AAL3, STM32MP235CAJ3, STM32MP235CAK3, STM32MP235CAL3, STM32MP235DAJ3, STM32MP235DAK3, STM32MP235DAL3, STM32MP235FAJ3, STM32MP235FAK3, STM32MP235FAL3, STM32MP251AAI3, STM32MP251AAJ3, STM32MP251AAK3, STM32MP251AAL3, STM32MP251CAI3, STM32MP251CAJ3, STM32MP251CAK3, STM32MP251CAL3, STM32MP251DAI3, STM32MP251DAJ3, STM32MP251DAK3, STM32MP251DAL3, STM32MP251FAI3, STM32MP251FAJ3, STM32MP251FAK3, STM32MP251FAL3, STM32MP253AAI3, STM32MP253AAJ3, STM32MP253AAK3, STM32MP253AAL3, STM32MP253CAI3, STM32MP253CAJ3, STM32MP253CAK3, STM32MP253CAL3, STM32MP253DAI3, STM32MP253DAJ3, STM32MP253DAK3, STM32MP253DAL3, STM32MP253FAI3, STM32MP253FAJ3, STM32MP253FAK3, STM32MP253FAL3, STM32MP255AAI3, STM32MP255AAJ3, STM32MP255AAK3, STM32MP255AAL3, STM32MP255CAI3, STM32MP255CAJ3, STM32MP255CAK3, STM32MP255CAL3, STM32MP255DAI3, STM32MP255DAJ3, STM32MP255DAK3, STM32MP255DAL3, STM32MP255FAI3, STM32MP255FAJ3, STM32MP255FAK3, STM32MP255FAL3, STM32MP257AAI3, STM32MP257AAJ3, STM32MP257AAK3, STM32MP257AAL3, STM32MP257CAI3, STM32MP257CAJ3, STM32MP257CAK3, STM32MP257CAL3, STM32MP257DAI3, STM32MP257DAJ3, STM32MP257DAK3, STM32MP257DAL3, STM32MP257F-DK, STM32MP257F-EV1, STM32MP257FAI3, STM32MP257FAJ3, STM32MP257FAK3, STM32MP257FAL3, STM32N645A0H3Q, STM32N645B0H3Q, STM32N645I0H3Q, STM32N645L0H3Q, STM32N645X0H3Q, STM32N645Z0H3Q, STM32N647A0H3Q, STM32N647B0H3Q, STM32N647I0H3Q, STM32N647L0H3Q, STM32N647X0H3Q, STM32N647Z0H3Q, STM32N655A0H3Q, STM32N655B0H3Q, STM32N655I0H3Q, STM32N655L0H3Q, STM32N655X0H3Q, STM32N655Z0H3Q, STM32N6570-DK, STM32N657A0H3Q, STM32N657B0H3Q, STM32N657I0H3Q, STM32N657L0H3Q, STM32N657X0H3Q, STM32N657Z0H3Q, STM32U031C6T6, STM32U031C6U6, STM32U031C8T6, STM32U031C8U6, STM32U031F4P6, STM32U031F6P6, STM32U031F8P6, STM32U031G6Y6TR, STM32U031G8Y6TR, STM32U031K4U6, STM32U031K6U6, STM32U031K8U6, STM32U031R6I6, STM32U031R6T6, STM32U031R8I6, STM32U031R8T6, STM32U073C8T6, STM32U073C8U6, STM32U073CBT6, STM32U073CBU6, STM32U073CCT6, STM32U073CCU6, STM32U073H8Y6TR, STM32U073HBY6TR, STM32U073HCY6TR, STM32U073K8U6, STM32U073KBU6, STM32U073KCU6, STM32U073M8I6, STM32U073M8T6, STM32U073MBI6, STM32U073MBT6, STM32U073MCI6, STM32U073MCT6, STM32U073R8I6, STM32U073R8T6, STM32U073RBI6, STM32U073RBT6, STM32U073RCI6, STM32U073RCT6, STM32U083C-DK, STM32U083CCT6, STM32U083CCU6, STM32U083HCY6TR, STM32U083KCU6, STM32U083MCI6, STM32U083MCT6, STM32U083RCI6, STM32U083RCT6, STM32U375CET6, STM32U375CET6Q, STM32U375CEU6, STM32U375CEU6Q, STM32U375CEY6QTR, STM32U375CGT6, STM32U375CGT6Q, STM32U375CGU6, STM32U375CGU6Q, STM32U375CGY6QTR, STM32U375KEU6, STM32U375KGU6, STM32U375REI6, STM32U375REI6Q, STM32U375RET6, STM32U375RET6Q, STM32U375REY6GTR, STM32U375REY6QTR, STM32U375RGI6, STM32U375RGI6Q, STM32U375RGT6, STM32U375RGT6Q, STM32U375RGY6GTR, STM32U375RGY6QTR, STM32U375VEI6, STM32U375VEI6Q, STM32U375VET6, STM32U375VET6Q, STM32U375VGI6, STM32U375VGI6Q, STM32U375VGT6, STM32U375VGT6Q, STM32U385CGT6, STM32U385CGT6Q, STM32U385CGU6, STM32U385CGU6Q, STM32U385CGY6QTR, STM32U385KGU6, STM32U385RGI6, STM32U385RGI6Q, STM32U385RGT6, STM32U385RGT6Q, STM32U385RGY6GTR, STM32U385RGY6QTR, STM32U385VGI6, STM32U385VGI6Q, STM32U385VGT6, STM32U385VGT6Q, STM32U535CBT6, STM32U535CBT6Q, STM32U535CBU6, STM32U535CBU6Q, STM32U535CCT6, STM32U535CCT6Q, STM32U535CCU6, STM32U535CCU6Q, STM32U535CET6, STM32U535CET6Q, STM32U535CEU6, STM32U535CEU6Q, STM32U535JEY6QTR, STM32U535NCY6QTR, STM32U535NEY6QTR, STM32U535RBI6, STM32U535RBI6Q, STM32U535RBT6, STM32U535RBT6Q, STM32U535RCI6, STM32U535RCI6Q, STM32U535RCT6, STM32U535RCT6Q, STM32U535REI6, STM32U535REI6Q, STM32U535RET6, STM32U535RET6Q, STM32U535VCI6, STM32U535VCI6Q, STM32U535VCT6, STM32U535VCT6Q, STM32U535VEI6, STM32U535VEI6Q, STM32U535VET6, STM32U535VET6Q, STM32U545CET6, STM32U545CET6Q, STM32U545CEU6, STM32U545CEU6Q, STM32U545JEY6QTR, STM32U545NEY6QTR, STM32U545REI6, STM32U545REI6Q, STM32U545RET6, STM32U545RET6Q, STM32U545VEI6, STM32U545VEI6Q, STM32U545VET6, STM32U545VET6Q, STM32U595AIH6, STM32U595AIH6Q, STM32U595AJH6, STM32U595AJH6Q, STM32U595QII6, STM32U595QII6Q, STM32U595QJI6, STM32U595QJI6Q, STM32U595RIT6, STM32U595RIT6Q, STM32U595RJT6, STM32U595RJT6Q, STM32U595VIT6, STM32U595VIT6Q, STM32U595VJT6, STM32U595VJT6Q, STM32U595ZIT6, STM32U595ZIT6Q, STM32U595ZIY6QTR, STM32U595ZJT6, STM32U595ZJT6Q, STM32U595ZJY6QTR, STM32U599BJY6QTR, STM32U599NIH6Q, STM32U599NJH6Q, STM32U599VIT6Q, STM32U599VJT6, STM32U599VJT6Q, STM32U599ZIT6Q, STM32U599ZIY6QTR, STM32U599ZJT6Q, STM32U599ZJY6QTR, STM32U5A5AJH6, STM32U5A5AJH6Q, STM32U5A5QII3Q , STM32U5A5QJI6, STM32U5A5QJI6Q, STM32U5A5RJT6, STM32U5A5RJT6Q, STM32U5A5VJT6, STM32U5A5VJT6Q, STM32U5A5ZJT6, STM32U5A5ZJT6Q, STM32U5A5ZJY6QTR, STM32U5A9BJY6QTR, STM32U5A9J-DK, STM32U5A9NJH6Q, STM32U5A9VJT6Q, STM32U5A9ZJT6Q, STM32U5A9ZJY6QTR, STM32U5F7VIT6, STM32U5F7VIT6Q, STM32U5F7VJT6, STM32U5F7VJT6Q, STM32U5F9BJY6QTR, STM32U5F9NJH6Q, STM32U5F9VIT6Q, STM32U5F9VJT6Q, STM32U5F9ZIJ6QTR, STM32U5F9ZIT6Q, STM32U5F9ZJJ6QTR, STM32U5F9ZJT6Q, STM32U5G7VJT6, STM32U5G7VJT6Q, STM32U5G9BJY6QTR, STM32U5G9J-DK1, STM32U5G9J-DK2, STM32U5G9NJH6Q, STM32U5G9VJT6Q, STM32U5G9ZJJ6QTR, STM32U5G9ZJT6Q, STM32WB05KZV6TR, STM32WB05KZV7TR, STM32WB05TZF6TR, STM32WB05TZF7TR, STM32WB06CCF6TR, STM32WB06CCF7TR, STM32WB06CCV6TR, STM32WB06CCV7TR, STM32WB06KCV6TR, STM32WB06KCV7TR, STM32WB07CCF6TR, STM32WB07CCF7TR, STM32WB07CCV6TR, STM32WB07CCV7TR, STM32WB07KCV6TR, STM32WB07KCV7TR, STM32WB09KEV6TR, STM32WB09KEV7TR, STM32WB09TEF6TR, STM32WB09TEF7TR, STM32WB1MMCH6, STM32WBA50KGU6, STM32WBA50KGU6TR, STM32WBA52CEU6, STM32WBA52CEU6TR, STM32WBA52CEU7, STM32WBA52CEU7TR, STM32WBA52CGU6, STM32WBA52CGU6TR, STM32WBA52CGU6U, STM32WBA52CGU7, STM32WBA52CGU7TR, STM32WBA52KEU6, STM32WBA52KEU6TR, STM32WBA52KGU6, STM32WBA52KGU6TR, STM32WBA54CEU6, STM32WBA54CEU6TR, STM32WBA54CEU7, STM32WBA54CEU7TR, STM32WBA54CGU6, STM32WBA54CGU6TR, STM32WBA54CGU7, STM32WBA54CGU7TR, STM32WBA54KEU6, STM32WBA54KEU6TR, STM32WBA54KEU7, STM32WBA54KEU7TR, STM32WBA54KGU6, STM32WBA54KGU6TR, STM32WBA54KGU7, STM32WBA54KGU7TR, STM32WBA55CEU6, STM32WBA55CEU6TR, STM32WBA55CEU7, STM32WBA55CEU7TR, STM32WBA55CGU6, STM32WBA55CGU6TR, STM32WBA55CGU6U, STM32WBA55CGU7, STM32WBA55CGU7TR, STM32WBA55G-DK1, STM32WBA55HEF6, STM32WBA55HEF7, STM32WBA55HGF6, STM32WBA55HGF7, STM32WBA55UEI6, STM32WBA55UEI6TR, STM32WBA55UEI7, STM32WBA55UEI7TR, STM32WBA55UGI6, STM32WBA55UGI6TR, STM32WBA55UGI7, STM32WBA55UGI7TR, STM32WBA5MJGH6TR, STM32WBA62CGU6, STM32WBA62CIU6, STM32WBA62MGF6, STM32WBA62MIF6, STM32WBA62PGI6, STM32WBA62PII6, STM32WBA63CGU6, STM32WBA63CGU7, STM32WBA63CIU6, STM32WBA63CIU7, STM32WBA64CGU6, STM32WBA64CGU7, STM32WBA64CIU6, STM32WBA64CIU7, STM32WBA65CGU6, STM32WBA65CGU7, STM32WBA65CIU6, STM32WBA65CIU7, STM32WBA65I-DK1, STM32WBA65MGF6, STM32WBA65MGF7, STM32WBA65MIF6, STM32WBA65MIF7, STM32WBA65PGI6, STM32WBA65PGI7, STM32WBA65PII6, STM32WBA65PII7, STM32WBA65RGV6, STM32WBA65RGV7, STM32WBA65RIV6, STM32WBA65RIV7, STM32WL30K8V6, STM32WL30KBV6, STM32WL31C8V6, STM32WL31CBV6, STM32WL31K8V6, STM32WL31KBV6, STM32WL33C8V6, STM32WL33C8V6TR, STM32WL33C8V7, STM32WL33C8V7TR, STM32WL33CBV6, STM32WL33CBV6TR, STM32WL33CBV7, STM32WL33CBV7TR, STM32WL33CCV6, STM32WL33CCV6TR, STM32WL33CCV7, STM32WL33CCV7A, STM32WL33CCV7ATR, STM32WL33CCV7TR, STM32WL33K8V6, STM32WL33K8V6TR, STM32WL33K8V7, STM32WL33K8V7TR, STM32WL33KBV6, STM32WL33KBV6TR, STM32WL33KBV7, STM32WL33KBV7TR, STM32WL33KCV6, STM32WL33KCV6TR, STM32WL33KCV7, STM32WL33KCV7TR, STM32WL5MOCH6, STM32WL5MOCH6TR]
2025-07-08 15:38:24,102 [INFO] DbMcus:218 - Found 4686 MCUs, 4686 are supported
2025-07-08 15:38:24,102 [INFO] ApiDb:414 - User favorites file not found: /home/adrian/.stm32cubeide/favorites.mcus.txt
2025-07-08 15:38:24,102 [INFO] DbMcus:224 - Set 0 / 0 favorites MCUs
2025-07-08 15:38:24,419 [INFO] ApiDb:414 - User favorites file not found: /home/adrian/.stm32cubeide/favorites.boards.txt
2025-07-08 15:38:24,419 [INFO] DbBoards:198 - Set 0 / 0 favorites Boards
2025-07-08 15:38:24,466 [INFO] UtilMem:75 - End LoadConfig() Used Memory: 473601528 Bytes (683671552)
2025-07-08 15:38:24,572 [WARN] ThirdParty:833 - waiting for thirdparty lock release [change project]
2025-07-08 15:38:24,572 [INFO] ThirdParty:835 - entering critical section [change project]
2025-07-08 15:38:24,572 [INFO] ThirdParty:1030 - CMSIS Pack Vendor :STMicroelectronics X-CUBE-PM33A1 1.0.0
2025-07-08 15:38:24,573 [INFO] ThirdParty:1030 - CMSIS Pack Vendor :STMicroelectronics USBPD 4.1
2025-07-08 15:38:24,573 [INFO] ThirdParty:1030 - CMSIS Pack Vendor :STMicroelectronics X-CUBE-AZRTOS-H7 3.3.0
2025-07-08 15:38:24,573 [INFO] ThirdParty:1030 - CMSIS Pack Vendor :STMicroelectronics X-CUBE-NFC9 1.0.0
2025-07-08 15:38:24,573 [INFO] ThirdParty:1030 - CMSIS Pack Vendor :wolfSSL I-CUBE-wolfSSL 5.8.0
2025-07-08 15:38:24,573 [INFO] ThirdParty:1030 - CMSIS Pack Vendor :STMicroelectronics USB_HOST 2.0.0
2025-07-08 15:38:24,573 [INFO] ThirdParty:1030 - CMSIS Pack Vendor :STMicroelectronics FP-SNS-MOTENVWB1 1.4.0
2025-07-08 15:38:24,573 [INFO] ThirdParty:1030 - CMSIS Pack Vendor :STMicroelectronics X-CUBE-AZRTOS-F4 1.1.0
2025-07-08 15:38:24,573 [INFO] ThirdParty:1030 - CMSIS Pack Vendor :STMicroelectronics LIBJPEG 8.0.0
2025-07-08 15:38:24,573 [INFO] ThirdParty:1030 - CMSIS Pack Vendor :STMicroelectronics FP-ATR-ASTRA1 2.0.2
2025-07-08 15:38:24,573 [INFO] ThirdParty:1030 - CMSIS Pack Vendor :STMicroelectronics X-CUBE-BLE1 7.1.0
2025-07-08 15:38:24,573 [INFO] ThirdParty:1030 - CMSIS Pack Vendor :Avnet-IotConnect X-CUBE-IoTC-DA16k-PMOD 1.0.0
2025-07-08 15:38:24,573 [INFO] ThirdParty:1030 - CMSIS Pack Vendor :STMicroelectronics X-CUBE-SMBUS 2.1.0
2025-07-08 15:38:24,573 [INFO] ThirdParty:1030 - CMSIS Pack Vendor :wolfSSL I-CUBE-wolfMQTT 1.19.2
2025-07-08 15:38:24,573 [INFO] ThirdParty:1030 - CMSIS Pack Vendor :STMicroelectronics USB_DEVICE 3.0.0
2025-07-08 15:38:24,573 [INFO] ThirdParty:1030 - CMSIS Pack Vendor :STMicroelectronics X-CUBE-ISPU 2.1.0
2025-07-08 15:38:24,573 [INFO] ThirdParty:1030 - CMSIS Pack Vendor :STMicroelectronics X-CUBE-AZRTOS-WB 2.0.0
2025-07-08 15:38:24,573 [INFO] ThirdParty:1030 - CMSIS Pack Vendor :STMicroelectronics X-CUBE-ST60 1.0.0
2025-07-08 15:38:24,573 [INFO] ThirdParty:1030 - CMSIS Pack Vendor :STMicroelectronics X-CUBE-GNSS1 7.0.1
2025-07-08 15:38:24,573 [INFO] ThirdParty:1030 - CMSIS Pack Vendor :STMicroelectronics X-CUBE-AZRTOS-F7 1.1.0
2025-07-08 15:38:24,573 [INFO] ThirdParty:1030 - CMSIS Pack Vendor :STMicroelectronics X-CUBE-AZRTOS-L5 2.0.0
2025-07-08 15:38:24,573 [INFO] ThirdParty:1030 - CMSIS Pack Vendor :STMicroelectronics X-CUBE-TOUCHGFX 4.25.0
2025-07-08 15:38:24,573 [INFO] ThirdParty:1030 - CMSIS Pack Vendor :STMicroelectronics USB_DEVICE 2.0.0
2025-07-08 15:38:24,573 [INFO] ThirdParty:1030 - CMSIS Pack Vendor :STMicroelectronics X-CUBE-NFC6 3.1.0
2025-07-08 15:38:24,573 [INFO] ThirdParty:1030 - CMSIS Pack Vendor :STMicroelectronics X-CUBE-AI 10.1.0
2025-07-08 15:38:24,573 [INFO] ThirdParty:1030 - CMSIS Pack Vendor :STMicroelectronics FP-SNS-STBOX1 2.0.0
2025-07-08 15:38:24,573 [INFO] ThirdParty:1030 - CMSIS Pack Vendor :STMicroelectronics FreeRTOS 0.0.1
2025-07-08 15:38:24,574 [INFO] ThirdParty:1030 - CMSIS Pack Vendor :STMicroelectronics X-CUBE-AZRTOS-G0 1.1.0
2025-07-08 15:38:24,574 [INFO] ThirdParty:1030 - CMSIS Pack Vendor :STMicroelectronics X-CUBE-SAFEA1 1.2.2
2025-07-08 15:38:24,574 [INFO] ThirdParty:1030 - CMSIS Pack Vendor :STMicroelectronics X-CUBE-NFC4 3.0.0
2025-07-08 15:38:24,574 [INFO] ThirdParty:1030 - CMSIS Pack Vendor :STMicroelectronics X-CUBE-SUBG2 5.0.0
2025-07-08 15:38:24,574 [INFO] ThirdParty:1030 - CMSIS Pack Vendor :STMicroelectronics X-CUBE-AZRTOS-H7RS 1.1.0
2025-07-08 15:38:24,574 [INFO] ThirdParty:1030 - CMSIS Pack Vendor :STMicroelectronics STM32_WPAN 1.0.0
2025-07-08 15:38:24,574 [INFO] ThirdParty:1030 - CMSIS Pack Vendor :EmbeddedOffice I-CUBE-FS-RTOS 1.0.1
2025-07-08 15:38:24,574 [INFO] ThirdParty:1030 - CMSIS Pack Vendor :STMicroelectronics lwIP 2.0.3
2025-07-08 15:38:24,574 [INFO] ThirdParty:1030 - CMSIS Pack Vendor :Cesanta I-CUBE-Mongoose 7.13.0
2025-07-08 15:38:24,574 [INFO] ThirdParty:1030 - CMSIS Pack Vendor :STMicroelectronics USB_HOST 1.0.0
2025-07-08 15:38:24,574 [INFO] ThirdParty:1030 - CMSIS Pack Vendor :Infineon AIROC-Wi-Fi-Bluetooth-STM32 1.7.0
2025-07-08 15:38:24,574 [INFO] ThirdParty:1030 - CMSIS Pack Vendor :STMicroelectronics X-CUBE-AZRTOS-G4 2.0.0
2025-07-08 15:38:24,574 [INFO] ThirdParty:1030 - CMSIS Pack Vendor :STMicroelectronics X-CUBE-WB05N 2.0.0
2025-07-08 15:38:24,574 [INFO] ThirdParty:1030 - CMSIS Pack Vendor :STMicroelectronics PDM2PCM 3.1.0
2025-07-08 15:38:24,574 [INFO] ThirdParty:1030 - CMSIS Pack Vendor :STMicroelectronics PDM2PCM 3.3.0
2025-07-08 15:38:24,574 [INFO] ThirdParty:1030 - CMSIS Pack Vendor :wolfSSL I-CUBE-wolfTPM 3.8.0
2025-07-08 15:38:24,574 [INFO] ThirdParty:1030 - CMSIS Pack Vendor :STMicroelectronics X-CUBE-AZRTOS-H7 3.4.0
2025-07-08 15:38:24,574 [INFO] ThirdParty:1030 - CMSIS Pack Vendor :STMicroelectronics X-CUBE-DISPLAY 3.0.0
2025-07-08 15:38:24,574 [INFO] ThirdParty:1030 - CMSIS Pack Vendor :wolfSSL I-CUBE-wolfSSH 1.4.20
2025-07-08 15:38:24,574 [INFO] ThirdParty:1030 - CMSIS Pack Vendor :STMicroelectronics X-CUBE-NFC7 2.0.0
2025-07-08 15:38:24,574 [INFO] ThirdParty:1030 - CMSIS Pack Vendor :STMicroelectronics X-CUBE-TCPP 4.2.0
2025-07-08 15:38:24,574 [INFO] ThirdParty:1030 - CMSIS Pack Vendor :RealThread X-CUBE-RT-Thread_Nano 4.1.1
2025-07-08 15:38:24,574 [INFO] ThirdParty:1030 - CMSIS Pack Vendor :STMicroelectronics FP-ATR-SIGFOX1 3.2.0
2025-07-08 15:38:24,574 [INFO] ThirdParty:1030 - CMSIS Pack Vendor :STMicroelectronics X-CUBE-NFC10 1.0.0
2025-07-08 15:38:24,574 [INFO] ThirdParty:1030 - CMSIS Pack Vendor :STMicroelectronics X-CUBE-BLEMGR 4.0.0
2025-07-08 15:38:24,574 [INFO] ThirdParty:1030 - CMSIS Pack Vendor :STMicroelectronics X-CUBE-EEPRMA1 5.1.0
2025-07-08 15:38:24,574 [INFO] ThirdParty:1030 - CMSIS Pack Vendor :STMicroelectronics X-CUBE-FREERTOS 1.3.1
2025-07-08 15:38:24,574 [INFO] ThirdParty:1030 - CMSIS Pack Vendor :STMicroelectronics HAL Drivers 0.0.0
2025-07-08 15:38:24,575 [INFO] ThirdParty:1030 - CMSIS Pack Vendor :STMicroelectronics MBEDTLS 2.16.2
2025-07-08 15:38:24,575 [INFO] ThirdParty:1030 - CMSIS Pack Vendor :STMicroelectronics X-CUBE-IPS 3.1.0
2025-07-08 15:38:24,575 [INFO] ThirdParty:1030 - CMSIS Pack Vendor :STMicroelectronics X-CUBE-ALS 1.0.2
2025-07-08 15:38:24,575 [INFO] ThirdParty:1030 - CMSIS Pack Vendor :emotas I-CUBE-CANOPEN 1.3.0
2025-07-08 15:38:24,575 [INFO] ThirdParty:1030 - CMSIS Pack Vendor :STMicroelectronics MBEDTLS 2.14.1
2025-07-08 15:38:24,575 [INFO] ThirdParty:1030 - CMSIS Pack Vendor :ITTIA_DB I-CUBE-ITTIADB 8.9.0
2025-07-08 15:38:24,575 [INFO] ThirdParty:1030 - CMSIS Pack Vendor :portGmbH I-Cube-SoM-uGOAL 1.1.0
2025-07-08 15:38:24,575 [INFO] ThirdParty:1030 - CMSIS Pack Vendor :quantropi X-CUBE-qispace-sdk-base 2.0.0
2025-07-08 15:38:24,575 [INFO] ThirdParty:1030 - CMSIS Pack Vendor :STMicroelectronics X-CUBE-ST67W61 1.0.0
2025-07-08 15:38:24,575 [INFO] ThirdParty:1030 - CMSIS Pack Vendor :STMicroelectronics FP-SNS-STAIOTCFT 1.0.0
2025-07-08 15:38:24,575 [INFO] ThirdParty:1030 - CMSIS Pack Vendor :STMicroelectronics ThreadX 1.0.0
2025-07-08 15:38:24,575 [INFO] ThirdParty:1030 - CMSIS Pack Vendor :STMicroelectronics FP-SNS-SMARTAG2 1.2.0
2025-07-08 15:38:24,575 [INFO] ThirdParty:1030 - CMSIS Pack Vendor :STMicroelectronics FP-SNS-FLIGHT1 5.1.0
2025-07-08 15:38:24,575 [INFO] ThirdParty:1030 - CMSIS Pack Vendor :STMicroelectronics X-CUBE-AZRTOS-WL 2.0.0
2025-07-08 15:38:24,575 [INFO] ThirdParty:1030 - CMSIS Pack Vendor :SEGGER I-CUBE-embOS 1.3.1
2025-07-08 15:38:24,576 [INFO] ThirdParty:1030 - CMSIS Pack Vendor :STMicroelectronics X-CUBE-ALGOBUILD 1.4.0
2025-07-08 15:38:24,576 [INFO] ThirdParty:1030 - CMSIS Pack Vendor :STMicroelectronics X-CUBE-DPower 1.3.0
2025-07-08 15:38:24,576 [INFO] ThirdParty:1030 - CMSIS Pack Vendor :STMicroelectronics X-CUBE-MEMS1 11.3.0
2025-07-08 15:38:24,576 [INFO] ThirdParty:1030 - CMSIS Pack Vendor :STMicroelectronics FP-SNS-MOTENV1 5.0.0
2025-07-08 15:38:24,576 [INFO] ThirdParty:1030 - CMSIS Pack Vendor :STMicroelectronics USB_DEVICE 1.0.0
2025-07-08 15:38:24,576 [INFO] ThirdParty:1030 - CMSIS Pack Vendor :STMicroelectronics X-CUBE-AZRTOS-L4 2.0.0
2025-07-08 15:38:24,576 [INFO] ThirdParty:1030 - CMSIS Pack Vendor :STMicroelectronics ThreadX 0.0.2
2025-07-08 15:38:24,576 [INFO] ThirdParty:1030 - CMSIS Pack Vendor :WES I-CUBE-Cesium 1.3.0
2025-07-08 15:38:24,576 [INFO] ThirdParty:1030 - CMSIS Pack Vendor :STMicroelectronics lwIP 2.1.2
2025-07-08 15:38:24,576 [INFO] ThirdParty:1030 - CMSIS Pack Vendor :STMicroelectronics X-CUBE-SFXS2LP1 4.0.0
2025-07-08 15:38:24,576 [INFO] ThirdParty:1030 - CMSIS Pack Vendor :STMicroelectronics X-CUBE-BLE2 3.3.0
2025-07-08 15:38:24,576 [INFO] ThirdParty:1030 - CMSIS Pack Vendor :STMicroelectronics X-CUBE-TOF1 3.4.3
2025-07-08 15:38:24,576 [INFO] ThirdParty:1030 - CMSIS Pack Vendor :STMicroelectronics PDM2PCM 3.2.0
2025-07-08 15:38:24,577 [INFO] ThirdParty:841 - exiting critical section [change project]
2025-07-08 15:38:24,862 [INFO] PinOutPanel:1589 - setPackage(No Configuration,No Configuration)
2025-07-08 15:38:24,863 [INFO] PinOutPanel:1589 - setPackage(STM32F411CEUx,UFQFPN48)
2025-07-08 15:38:25,287 [INFO] UtilMem:75 - Before build in PCC Used Memory: 349285560 Bytes (683671552)
2025-07-08 15:38:25,725 [INFO] UtilMem:75 - After build in PCC Used Memory: 468885648 Bytes (683671552)
2025-07-08 15:38:25,750 [INFO] IPUIPlugin:80 - create IPUIPlugin
2025-07-08 15:38:25,750 [INFO] IPUIPlugin:80 - create IPUIPlugin
2025-07-08 15:38:25,751 [INFO] IPUIPlugin:80 - create IPUIPlugin
2025-07-08 15:38:25,751 [INFO] IPUIPlugin:80 - create IPUIPlugin
2025-07-08 15:38:25,751 [INFO] IPUIPlugin:80 - create IPUIPlugin
2025-07-08 15:38:25,751 [INFO] IPUIPlugin:80 - create IPUIPlugin
2025-07-08 15:38:25,751 [INFO] IPUIPlugin:80 - create IPUIPlugin
2025-07-08 15:38:25,751 [INFO] IPUIPlugin:80 - create IPUIPlugin
2025-07-08 15:38:25,751 [INFO] IPUIPlugin:80 - create IPUIPlugin
2025-07-08 15:38:25,751 [INFO] IPUIPlugin:80 - create IPUIPlugin
2025-07-08 15:38:25,751 [INFO] IPUIPlugin:80 - create IPUIPlugin
2025-07-08 15:38:25,751 [INFO] IPUIPlugin:80 - create IPUIPlugin
2025-07-08 15:38:25,751 [INFO] IPUIPlugin:80 - create IPUIPlugin
2025-07-08 15:38:25,751 [INFO] IPUIPlugin:80 - create IPUIPlugin
2025-07-08 15:38:25,752 [INFO] IPUIPlugin:80 - create IPUIPlugin
2025-07-08 15:38:25,752 [INFO] IPUIPlugin:80 - create IPUIPlugin
2025-07-08 15:38:25,752 [INFO] IPUIPlugin:80 - create IPUIPlugin
2025-07-08 15:38:25,752 [INFO] IPUIPlugin:80 - create IPUIPlugin
2025-07-08 15:38:25,752 [INFO] IPUIPlugin:80 - create IPUIPlugin
2025-07-08 15:38:25,752 [INFO] IPUIPlugin:80 - create IPUIPlugin
2025-07-08 15:38:25,753 [INFO] IPUIPlugin:80 - create IPUIPlugin
2025-07-08 15:38:25,753 [INFO] IPUIPlugin:80 - create IPUIPlugin
2025-07-08 15:38:25,753 [INFO] IPUIPlugin:80 - create IPUIPlugin
2025-07-08 15:38:25,753 [INFO] IPUIPlugin:80 - create IPUIPlugin
2025-07-08 15:38:25,753 [INFO] IPUIPlugin:80 - create IPUIPlugin
2025-07-08 15:38:25,753 [INFO] IPUIPlugin:80 - create IPUIPlugin
2025-07-08 15:38:25,754 [INFO] IPUIPlugin:80 - create IPUIPlugin
2025-07-08 15:38:25,754 [INFO] IPUIPlugin:80 - create IPUIPlugin
2025-07-08 15:38:25,754 [INFO] IPUIPlugin:80 - create IPUIPlugin
2025-07-08 15:38:25,754 [INFO] IPUIPlugin:80 - create IPUIPlugin
2025-07-08 15:38:25,754 [INFO] IPUIPlugin:80 - create IPUIPlugin
2025-07-08 15:38:25,754 [INFO] IPUIPlugin:80 - create IPUIPlugin
2025-07-08 15:38:25,754 [INFO] IPUIPlugin:80 - create IPUIPlugin
2025-07-08 15:38:25,754 [INFO] IPUIPlugin:80 - create IPUIPlugin
2025-07-08 15:38:25,754 [INFO] IPUIPlugin:80 - create IPUIPlugin
2025-07-08 15:38:25,755 [INFO] IPUIPlugin:80 - create IPUIPlugin
2025-07-08 15:38:25,755 [INFO] IPUIPlugin:80 - create IPUIPlugin
2025-07-08 15:38:25,755 [INFO] IPUIPlugin:80 - create IPUIPlugin
2025-07-08 15:38:25,755 [INFO] IPUIPlugin:80 - create IPUIPlugin
2025-07-08 15:38:25,755 [INFO] IPUIPlugin:80 - create IPUIPlugin
2025-07-08 15:38:25,756 [INFO] IPUIPlugin:80 - create IPUIPlugin
2025-07-08 15:38:25,756 [INFO] IPUIPlugin:80 - create IPUIPlugin
2025-07-08 15:38:25,756 [INFO] IPUIPlugin:80 - create IPUIPlugin
2025-07-08 15:38:25,786 [INFO] ApiDbMcu:508 - Load IP Config File for PDM2PCM
2025-07-08 15:38:25,791 [WARN] IP:2250 - I2C_Coeff_DF not found: check if there is a RefParameter without a condition.
2025-07-08 15:38:25,791 [WARN] IP:2250 - Analog_Filter not found: check if there is a RefParameter without a condition.
2025-07-08 15:38:25,943 [INFO] CADModel:165 - CPN selected for project levelSTM32F411CEU6
2025-07-08 15:38:25,943 [INFO] CADModel:114 - Register for checkConnection events
2025-07-08 15:38:25,982 [INFO] OpenFileManager:385 - Restore cursor
2025-07-08 15:38:26,194 [WARN] IP:2250 - I2C_Coeff_DF not found: check if there is a RefParameter without a condition.
2025-07-08 15:38:26,194 [WARN] IP:2250 - Analog_Filter not found: check if there is a RefParameter without a condition.
2025-07-08 15:38:26,195 [WARN] IP:2250 - I2C_Coeff_DF not found: check if there is a RefParameter without a condition.
2025-07-08 15:38:26,195 [WARN] IP:2250 - Analog_Filter not found: check if there is a RefParameter without a condition.
2025-07-08 15:38:52,424 [INFO] Gpio:277 - dependency for GPIO [I2C1, RCC, SPI1, SYS, TIM1, TIM2, USART1]
2025-07-08 15:50:19,997 [INFO] UtilMem:75 - End SaveConfig() Used Memory: 891195344 Bytes (1073741824)
2025-07-08 15:50:21,344 [INFO] UtilMem:75 - End SaveConfig() Used Memory: 908223152 Bytes (1073741824)
2025-07-08 15:50:25,809 [INFO] LogOutputStream:77 - [STDOUT_REDIRECT] This download action requires prior login. To proceed, please use the 'login' command with your my.st.com account email and password.
2025-07-08 15:50:25,810 [INFO] LogOutputStream:77 - [STDOUT_REDIRECT] Run 'login <email> <password> <remember_me>' for example 'login john.smith@st.com mypassword y'.
2025-07-08 15:50:25,810 [INFO] LogOutputStream:77 - [STDOUT_REDIRECT] If you do not have a my.st.com account, please visit https://st.com website to create one.
2025-07-08 15:50:33,842 [INFO] LogOutputStream:77 - [STDOUT_REDIRECT] This download action requires prior login. To proceed, please use the 'login' command with your my.st.com account email and password.
2025-07-08 15:50:33,842 [INFO] LogOutputStream:77 - [STDOUT_REDIRECT] Run 'login <email> <password> <remember_me>' for example 'login john.smith@st.com mypassword y'.
2025-07-08 15:50:33,842 [INFO] LogOutputStream:77 - [STDOUT_REDIRECT] If you do not have a my.st.com account, please visit https://st.com website to create one.
2025-07-08 15:53:29,080 [INFO] UtilMem:75 - End SaveConfig() Used Memory: 693604176 Bytes (1073741824)
2025-07-08 15:53:31,510 [INFO] UtilMem:75 - End SaveConfig() Used Memory: 711662664 Bytes (1073741824)
2025-07-08 15:53:33,141 [INFO] LogOutputStream:77 - [STDOUT_REDIRECT] This download action requires prior login. To proceed, please use the 'login' command with your my.st.com account email and password.
2025-07-08 15:53:33,141 [INFO] LogOutputStream:77 - [STDOUT_REDIRECT] Run 'login <email> <password> <remember_me>' for example 'login john.smith@st.com mypassword y'.
2025-07-08 15:53:33,141 [INFO] LogOutputStream:77 - [STDOUT_REDIRECT] If you do not have a my.st.com account, please visit https://st.com website to create one.
2025-07-08 15:54:03,972 [INFO] LogOutputStream:77 - [STDOUT_REDIRECT] This download action requires prior login. To proceed, please use the 'login' command with your my.st.com account email and password.
2025-07-08 15:54:03,972 [INFO] LogOutputStream:77 - [STDOUT_REDIRECT] Run 'login <email> <password> <remember_me>' for example 'login john.smith@st.com mypassword y'.
2025-07-08 15:54:03,972 [INFO] LogOutputStream:77 - [STDOUT_REDIRECT] If you do not have a my.st.com account, please visit https://st.com website to create one.
2025-07-08 15:54:18,649 [INFO] Gpio:277 - dependency for GPIO [I2C1, RCC, SPI1, SYS, TIM1, TIM2, USART1]
2025-07-08 15:54:42,491 [INFO] LogOutputStream:77 - [STDOUT_REDIRECT] This download action requires prior login. To proceed, please use the 'login' command with your my.st.com account email and password.
2025-07-08 15:54:42,491 [INFO] LogOutputStream:77 - [STDOUT_REDIRECT] Run 'login <email> <password> <remember_me>' for example 'login john.smith@st.com mypassword y'.
2025-07-08 15:54:42,491 [INFO] LogOutputStream:77 - [STDOUT_REDIRECT] If you do not have a my.st.com account, please visit https://st.com website to create one.
2025-07-08 16:00:24,600 [INFO] Gpio:277 - dependency for GPIO [I2C1, RCC, SPI1, SYS, TIM1, TIM2, USART1]
2025-07-08 16:15:02,431 [INFO] NvicIntPanel:101 - NVIC parent = com.st.microxplorer.plugins.ip.nvic.MultiNvicIntPanel[,0,0,0x0,invalid,layout=javax.swing.BoxLayout,alignmentX=0.0,alignmentY=0.0,border=,flags=9,maximumSize=,minimumSize=,preferredSize=]
2025-07-08 16:15:08,821 [INFO] UtilMem:75 - End SaveConfig() Used Memory: 752739784 Bytes (1073741824)
2025-07-08 16:15:09,157 [INFO] LogOutputStream:77 - [STDOUT_REDIRECT] This download action requires prior login. To proceed, please use the 'login' command with your my.st.com account email and password.
2025-07-08 16:15:09,157 [INFO] LogOutputStream:77 - [STDOUT_REDIRECT] Run 'login <email> <password> <remember_me>' for example 'login john.smith@st.com mypassword y'.
2025-07-08 16:15:09,157 [INFO] LogOutputStream:77 - [STDOUT_REDIRECT] If you do not have a my.st.com account, please visit https://st.com website to create one.
2025-07-08 16:15:17,193 [INFO] LogOutputStream:77 - [STDOUT_REDIRECT] This download action requires prior login. To proceed, please use the 'login' command with your my.st.com account email and password.
2025-07-08 16:15:17,193 [INFO] LogOutputStream:77 - [STDOUT_REDIRECT] Run 'login <email> <password> <remember_me>' for example 'login john.smith@st.com mypassword y'.
2025-07-08 16:15:17,193 [INFO] LogOutputStream:77 - [STDOUT_REDIRECT] If you do not have a my.st.com account, please visit https://st.com website to create one.
2025-07-08 16:34:10,205 [INFO] Gpio:277 - dependency for GPIO [I2C1, RCC, SPI1, SYS, TIM1, TIM2, USART1]
2025-07-08 16:34:31,446 [INFO] Gpio:277 - dependency for GPIO [I2C1, RCC, SPI1, SYS, TIM1, TIM2, USART1]
2025-07-08 16:35:26,644 [WARN] IP:2250 - I2C_Coeff_DF not found: check if there is a RefParameter without a condition.
2025-07-08 16:35:26,644 [WARN] IP:2250 - Analog_Filter not found: check if there is a RefParameter without a condition.
2025-07-08 16:35:26,644 [WARN] IP:2250 - I2C_Coeff_DF not found: check if there is a RefParameter without a condition.
2025-07-08 16:35:26,644 [WARN] IP:2250 - Analog_Filter not found: check if there is a RefParameter without a condition.
2025-07-08 16:36:36,708 [INFO] NvicIntPanel:101 - NVIC parent = com.st.microxplorer.plugins.ip.nvic.MultiNvicIntPanel[,0,0,0x0,invalid,layout=javax.swing.BoxLayout,alignmentX=0.0,alignmentY=0.0,border=,flags=9,maximumSize=,minimumSize=,preferredSize=]
2025-07-08 16:37:11,022 [INFO] NvicIntPanel:101 - NVIC parent = com.st.microxplorer.plugins.ip.nvic.MultiNvicIntPanel[,0,0,0x0,invalid,layout=javax.swing.BoxLayout,alignmentX=0.0,alignmentY=0.0,border=,flags=9,maximumSize=,minimumSize=,preferredSize=]
2025-07-08 16:37:17,889 [INFO] NvicIntPanel:101 - NVIC parent = com.st.microxplorer.plugins.ip.nvic.MultiNvicIntPanel[,0,0,0x0,invalid,layout=javax.swing.BoxLayout,alignmentX=0.0,alignmentY=0.0,border=,flags=9,maximumSize=,minimumSize=,preferredSize=]
2025-07-08 16:37:29,378 [INFO] UtilMem:75 - End SaveConfig() Used Memory: 916264256 Bytes (1073741824)
2025-07-08 16:37:30,575 [INFO] UtilMem:75 - End SaveConfig() Used Memory: 936187200 Bytes (1073741824)
2025-07-08 16:37:30,992 [INFO] LogOutputStream:77 - [STDOUT_REDIRECT] This download action requires prior login. To proceed, please use the 'login' command with your my.st.com account email and password.
2025-07-08 16:37:30,992 [INFO] LogOutputStream:77 - [STDOUT_REDIRECT] Run 'login <email> <password> <remember_me>' for example 'login john.smith@st.com mypassword y'.
2025-07-08 16:37:30,993 [INFO] LogOutputStream:77 - [STDOUT_REDIRECT] If you do not have a my.st.com account, please visit https://st.com website to create one.
2025-07-08 17:14:23,999 [ERROR] LogOutputStream:75 - [STDERR_REDIRECT] 
2025-07-08 17:14:32,896 [INFO] Activator:176 - 


2025-07-08 17:14:32,898 [INFO] Activator:177 - !SESSION log4j initialized
2025-07-08 17:14:35,857 [INFO] LogOutputStream:77 - [STDOUT_REDIRECT] 
2025-07-08 17:14:36,981 [INFO] ApplicationProperties:184 - Using Application install path: /home/adrian/st/stm32cubeide_1.18.1/plugins/com.st.stm32cube.common.mx_6.14.1.202504091515
2025-07-08 17:14:36,992 [INFO] DbMcusXml:78 - Set database path to: /home/adrian/st/stm32cubeide_1.18.1/plugins/com.st.stm32cube.common.mx_6.14.1.202504091515//db//mcu/
2025-07-08 17:14:36,992 [INFO] ApiDb:274 - Set plugin database path to: /home/adrian/st/stm32cubeide_1.18.1/plugins/com.st.stm32cube.common.mx_6.14.1.202504091515//db//plugins/boardmanager/
2025-07-08 17:14:36,992 [WARN] ApiDb:259 - Overriding images path with different value:  => /home/adrian/st/stm32cubeide_1.18.1/plugins/com.st.stm32cube.common.mx_6.14.1.202504091515//db//plugins/mcufinder/images/
2025-07-08 17:14:36,994 [INFO] ApiDb:250 - Set database path to: /home/adrian/.stmcufinder/plugins/mcufinder//mcu/
2025-07-08 17:14:36,995 [INFO] DbMcusAds:125 - Set database path to: /home/adrian/.stmcufinder/plugins/mcufinder//mcu/
2025-07-08 17:14:36,996 [INFO] CrossReferenceDbSqlite:203 - Set database path to: /home/adrian/.stmcufinder/plugins/mcufinder//mcu/cs/
2025-07-08 17:14:37,071 [INFO] RulesReader:64 - Compatibility file has been processed (302 Rules)
2025-07-08 17:14:37,112 [INFO] DbMcusXml:78 - Set database path to: /home/adrian/st/stm32cubeide_1.18.1/plugins/com.st.stm32cube.common.mx_6.14.1.202504091515//db//mcu/
2025-07-08 17:14:37,112 [INFO] ApiDb:274 - Set plugin database path to: /home/adrian/st/stm32cubeide_1.18.1/plugins/com.st.stm32cube.common.mx_6.14.1.202504091515//db//plugins/boardmanager/
2025-07-08 17:14:37,112 [INFO] ApiDb:261 - Set plugin images path to: /home/adrian/st/stm32cubeide_1.18.1/plugins/com.st.stm32cube.common.mx_6.14.1.202504091515//db//plugins/mcufinder/images/
2025-07-08 17:14:37,113 [WARN] DbFile:41 - Overriding database path with different value: /home/adrian/.stmcufinder/plugins/mcufinder/ => /home/adrian/.stmcufinder/plugins/mcufinder
2025-07-08 17:14:37,113 [INFO] ApiDb:250 - Set database path to: /home/adrian/.stmcufinder/plugins/mcufinder//mcu/
2025-07-08 17:14:37,113 [WARN] DbFile:41 - Overriding database path with different value: /home/adrian/.stmcufinder/plugins/mcufinder/ => /home/adrian/.stmcufinder/plugins/mcufinder
2025-07-08 17:14:37,113 [INFO] DbMcusAds:125 - Set database path to: /home/adrian/.stmcufinder/plugins/mcufinder//mcu/
2025-07-08 17:14:37,113 [WARN] DbFile:41 - Overriding database path with different value: /home/adrian/.stmcufinder/plugins/mcufinder/ => /home/adrian/.stmcufinder/plugins/mcufinder
2025-07-08 17:14:37,113 [WARN] DbFile:41 - Overriding database path with different value: /home/adrian/.stmcufinder/plugins/mcufinder/ => /home/adrian/.stmcufinder/plugins/mcufinder
2025-07-08 17:14:37,113 [INFO] CrossReferenceDbSqlite:203 - Set database path to: /home/adrian/.stmcufinder/plugins/mcufinder//mcu/cs/
2025-07-08 17:14:37,170 [INFO] MainPanel:272 - HeapMemory: 268435456
2025-07-08 17:14:37,256 [INFO] DbMcusXml:78 - Set database path to: /home/adrian/st/stm32cubeide_1.18.1/plugins/com.st.stm32cube.common.mx_6.14.1.202504091515//db//mcu/
2025-07-08 17:14:37,256 [INFO] ApiDb:274 - Set plugin database path to: /home/adrian/st/stm32cubeide_1.18.1/plugins/com.st.stm32cube.common.mx_6.14.1.202504091515//db//plugins/boardmanager/
2025-07-08 17:14:37,256 [INFO] ApiDb:261 - Set plugin images path to: /home/adrian/st/stm32cubeide_1.18.1/plugins/com.st.stm32cube.common.mx_6.14.1.202504091515//db//plugins/mcufinder/images/
2025-07-08 17:14:37,257 [WARN] DbFile:41 - Overriding database path with different value: /home/adrian/.stmcufinder/plugins/mcufinder/ => /home/adrian/.stmcufinder/plugins/mcufinder
2025-07-08 17:14:37,257 [INFO] ApiDb:250 - Set database path to: /home/adrian/.stmcufinder/plugins/mcufinder//mcu/
2025-07-08 17:14:37,257 [WARN] DbFile:41 - Overriding database path with different value: /home/adrian/.stmcufinder/plugins/mcufinder/ => /home/adrian/.stmcufinder/plugins/mcufinder
2025-07-08 17:14:37,257 [INFO] DbMcusAds:125 - Set database path to: /home/adrian/.stmcufinder/plugins/mcufinder//mcu/
2025-07-08 17:14:37,257 [WARN] DbFile:41 - Overriding database path with different value: /home/adrian/.stmcufinder/plugins/mcufinder/ => /home/adrian/.stmcufinder/plugins/mcufinder
2025-07-08 17:14:37,257 [WARN] DbFile:41 - Overriding database path with different value: /home/adrian/.stmcufinder/plugins/mcufinder/ => /home/adrian/.stmcufinder/plugins/mcufinder
2025-07-08 17:14:37,257 [INFO] CrossReferenceDbSqlite:203 - Set database path to: /home/adrian/.stmcufinder/plugins/mcufinder//mcu/cs/
2025-07-08 17:14:37,268 [INFO] ApplicationProperties:184 - Using Application install path: /home/adrian/st/stm32cubeide_1.18.1/plugins/com.st.stm32cube.common.mx_6.14.1.202504091515
2025-07-08 17:14:37,269 [INFO] PluginManage:196 - Search for loadable plugins [exclusion list=, ]
2025-07-08 17:14:37,270 [INFO] PluginManage:310 - Check plugin analytics
2025-07-08 17:14:37,376 [INFO] AnalyticsPlugin:253 - Accepted Software Licenses: 
2025-07-08 17:14:37,377 [INFO] AnalyticsPlugin:255 - Accepted CMSIS Pack Licenses: 
2025-07-08 17:14:37,377 [INFO] AnalyticsPlugin:257 - Accepted Firmware Licenses: 
2025-07-08 17:14:37,379 [INFO] PluginManage:359 - Loaded plugin analytics (category:tool,tabindex:-1)
2025-07-08 17:14:37,379 [INFO] PluginManage:310 - Check plugin cadmodel
2025-07-08 17:14:37,382 [INFO] CADModel:105 - Init CAD model plugin
2025-07-08 17:14:37,382 [INFO] PluginManage:359 - Loaded plugin cadmodel (category:power,tabindex:5)
2025-07-08 17:14:37,382 [INFO] PluginManage:310 - Check plugin clock
2025-07-08 17:14:37,390 [INFO] PluginManage:359 - Loaded plugin clock (category:base,tabindex:2)
2025-07-08 17:14:37,390 [INFO] PluginManage:310 - Check plugin ddr
2025-07-08 17:14:37,392 [INFO] PluginManage:359 - Loaded plugin ddr (category:tool,tabindex:6)
2025-07-08 17:14:37,392 [INFO] PluginManage:310 - Check plugin filemanager
2025-07-08 17:14:37,496 [INFO] PluginManage:359 - Loaded plugin filemanager (category:base,tabindex:10)
2025-07-08 17:14:37,496 [INFO] PluginManage:310 - Check plugin ipmanager
2025-07-08 17:14:37,499 [INFO] PluginManage:359 - Loaded plugin ipmanager (category:base,tabindex:5)
2025-07-08 17:14:37,500 [INFO] PluginManage:310 - Check plugin lpbam
2025-07-08 17:14:37,505 [INFO] PluginManage:359 - Loaded plugin lpbam (category:base,tabindex:0)
2025-07-08 17:14:37,506 [INFO] PluginManage:310 - Check plugin memorymap
2025-07-08 17:14:37,512 [INFO] PluginManage:359 - Loaded plugin memorymap (category:base,tabindex:4)
2025-07-08 17:14:37,512 [INFO] PluginManage:310 - Check plugin pinoutandconfiguration
2025-07-08 17:14:37,517 [INFO] PluginManage:359 - Loaded plugin pinoutandconfiguration (category:base,tabindex:1)
2025-07-08 17:14:37,517 [INFO] PluginManage:310 - Check plugin pinoutconfig
2025-07-08 17:14:37,573 [WARN] SupportedApi:132 - Cannot load RTOS API schema: s4s-elt-must-match.1: The content of 'definitions' must match (annotation?, (simpleType | complexType)?, (unique | key | keyref)*)). A problem was found starting at: attribute.
2025-07-08 17:14:37,652 [INFO] PluginManage:359 - Loaded plugin pinoutconfig (category:base,tabindex:0)
2025-07-08 17:14:37,652 [INFO] PluginManage:310 - Check plugin power
2025-07-08 17:14:37,658 [INFO] PluginManage:359 - Loaded plugin power (category:power,tabindex:4)
2025-07-08 17:14:37,658 [INFO] PluginManage:310 - Check plugin projectmanager
2025-07-08 17:14:37,669 [INFO] PluginManage:359 - Loaded plugin projectmanager (category:projectmanager,tabindex:4)
2025-07-08 17:14:37,669 [INFO] PluginManage:310 - Check plugin rif
2025-07-08 17:14:37,674 [INFO] PluginManage:359 - Loaded plugin rif (category:base,tabindex:3)
2025-07-08 17:14:37,674 [INFO] PluginManage:310 - Check plugin thirdparty
2025-07-08 17:14:37,758 [INFO] PluginManage:359 - Loaded plugin thirdparty (category:base,tabindex:-1)
2025-07-08 17:14:37,757 [WARN] IntegrityCheckThread:84 - waiting for thirdparty lock release [integrity check]
2025-07-08 17:14:37,758 [INFO] PluginManage:310 - Check plugin tools
2025-07-08 17:14:37,758 [INFO] IntegrityCheckThread:86 - entering critical section [integrity check]
2025-07-08 17:14:37,758 [INFO] ThirdPartyUpdaterWithRetryManager:70 - Updater plugin not ready yet. [1/15]
2025-07-08 17:14:37,759 [INFO] PluginManage:359 - Loaded plugin tools (category:base,tabindex:7)
2025-07-08 17:14:37,759 [INFO] PluginManage:310 - Check plugin tutovideos
2025-07-08 17:14:37,875 [INFO] PluginManage:359 - Loaded plugin tutovideos (category:base,tabindex:-1)
2025-07-08 17:14:37,875 [INFO] PluginManage:310 - Check plugin updater
2025-07-08 17:14:37,892 [INFO] PluginManage:359 - Loaded plugin updater (category:base,tabindex:12)
2025-07-08 17:14:37,892 [INFO] PluginManage:310 - Check plugin userauth
2025-07-08 17:14:37,895 [INFO] UserAuth:118 - Init User Auth plugin
2025-07-08 17:14:37,896 [INFO] PluginManage:359 - Loaded plugin userauth (category:base,tabindex:14)
2025-07-08 17:14:37,896 [INFO] PluginManage:283 - PluginManage : Loaded plugins [18]
2025-07-08 17:14:38,042 [INFO] PinOutPanel:1589 - setPackage(No Configuration,No Configuration)
2025-07-08 17:14:38,100 [INFO] CADModel:165 - CPN selected for project level
2025-07-08 17:14:38,100 [INFO] CADModel:114 - Register for checkConnection events
2025-07-08 17:14:38,110 [INFO] IPUIPlugin:80 - create IPUIPlugin
2025-07-08 17:14:38,111 [INFO] PluginManager:220 - loadIPPluginJar : add lorawan
2025-07-08 17:14:38,114 [INFO] IPUIPlugin:80 - create IPUIPlugin
2025-07-08 17:14:38,114 [INFO] PluginManager:220 - loadIPPluginJar : add freertos
2025-07-08 17:14:38,116 [INFO] IPUIPlugin:80 - create IPUIPlugin
2025-07-08 17:14:38,116 [INFO] PluginManager:220 - loadIPPluginJar : add gtzc
2025-07-08 17:14:38,118 [INFO] IPUIPlugin:80 - create IPUIPlugin
2025-07-08 17:14:38,118 [INFO] PluginManager:220 - loadIPPluginJar : add dfsdm
2025-07-08 17:14:38,119 [INFO] IPUIPlugin:80 - create IPUIPlugin
2025-07-08 17:14:38,120 [INFO] PluginManager:220 - loadIPPluginJar : add tim
2025-07-08 17:14:38,121 [INFO] IPUIPlugin:80 - create IPUIPlugin
2025-07-08 17:14:38,122 [INFO] PluginManager:220 - loadIPPluginJar : add openamp
2025-07-08 17:14:38,123 [INFO] IPUIPlugin:80 - create IPUIPlugin
2025-07-08 17:14:38,123 [INFO] PluginManager:220 - loadIPPluginJar : add tsc
2025-07-08 17:14:38,124 [INFO] IPUIPlugin:80 - create IPUIPlugin
2025-07-08 17:14:38,124 [INFO] PluginManager:220 - loadIPPluginJar : add i2c
2025-07-08 17:14:38,126 [INFO] IPUIPlugin:80 - create IPUIPlugin
2025-07-08 17:14:38,126 [INFO] PluginManager:220 - loadIPPluginJar : add i2s
2025-07-08 17:14:38,127 [INFO] IPUIPlugin:80 - create IPUIPlugin
2025-07-08 17:14:38,128 [INFO] PluginManager:220 - loadIPPluginJar : add can
2025-07-08 17:14:38,133 [INFO] IPUIPlugin:80 - create IPUIPlugin
2025-07-08 17:14:38,133 [INFO] PluginManager:220 - loadIPPluginJar : add linkedlist
2025-07-08 17:14:38,135 [INFO] IPUIPlugin:80 - create IPUIPlugin
2025-07-08 17:14:38,135 [INFO] PluginManager:220 - loadIPPluginJar : add touchsensing
2025-07-08 17:14:38,137 [INFO] IPUIPlugin:80 - create IPUIPlugin
2025-07-08 17:14:38,137 [INFO] PluginManager:220 - loadIPPluginJar : add pdm2pcm
2025-07-08 17:14:38,139 [INFO] IPUIPlugin:80 - create IPUIPlugin
2025-07-08 17:14:38,139 [INFO] PluginManager:220 - loadIPPluginJar : add gpio
2025-07-08 17:14:38,144 [INFO] IPUIPlugin:80 - create IPUIPlugin
2025-07-08 17:14:38,144 [INFO] PluginManager:220 - loadIPPluginJar : add stm32_wpan
2025-07-08 17:14:38,145 [INFO] IPUIPlugin:80 - create IPUIPlugin
2025-07-08 17:14:38,145 [INFO] PluginManager:220 - loadIPPluginJar : add fatfs
2025-07-08 17:14:38,147 [INFO] IPUIPlugin:80 - create IPUIPlugin
2025-07-08 17:14:38,147 [INFO] PluginManager:220 - loadIPPluginJar : add aes
2025-07-08 17:14:38,148 [INFO] IPUIPlugin:80 - create IPUIPlugin
2025-07-08 17:14:38,148 [INFO] PluginManager:220 - loadIPPluginJar : add opamp
2025-07-08 17:14:38,149 [INFO] IPUIPlugin:80 - create IPUIPlugin
2025-07-08 17:14:38,149 [INFO] PluginManager:220 - loadIPPluginJar : add comp
2025-07-08 17:14:38,150 [INFO] IPUIPlugin:80 - create IPUIPlugin
2025-07-08 17:14:38,150 [INFO] PluginManager:220 - loadIPPluginJar : add genericplugin
2025-07-08 17:14:38,152 [INFO] IPUIPlugin:80 - create IPUIPlugin
2025-07-08 17:14:38,152 [INFO] PluginManager:220 - loadIPPluginJar : add ddr_ctrl_phy
2025-07-08 17:14:38,153 [INFO] IPUIPlugin:80 - create IPUIPlugin
2025-07-08 17:14:38,153 [INFO] PluginManager:220 - loadIPPluginJar : add usart
2025-07-08 17:14:38,157 [INFO] IPUIPlugin:80 - create IPUIPlugin
2025-07-08 17:14:38,157 [INFO] PluginManager:220 - loadIPPluginJar : add mdma
2025-07-08 17:14:38,158 [INFO] IPUIPlugin:80 - create IPUIPlugin
2025-07-08 17:14:38,159 [INFO] PluginManager:220 - loadIPPluginJar : add tracer_emb
2025-07-08 17:14:38,161 [INFO] IPUIPlugin:80 - create IPUIPlugin
2025-07-08 17:14:38,161 [INFO] PluginManager:220 - loadIPPluginJar : add usbx
2025-07-08 17:14:38,164 [INFO] IPUIPlugin:80 - create IPUIPlugin
2025-07-08 17:14:38,166 [INFO] PluginManager:220 - loadIPPluginJar : add plateformsettings
2025-07-08 17:14:38,167 [INFO] IPUIPlugin:80 - create IPUIPlugin
2025-07-08 17:14:38,167 [INFO] PluginManager:220 - loadIPPluginJar : add quadspi
2025-07-08 17:14:38,170 [INFO] IPUIPlugin:80 - create IPUIPlugin
2025-07-08 17:14:38,170 [INFO] PluginManager:220 - loadIPPluginJar : add resmgrutility
2025-07-08 17:14:38,173 [INFO] IPUIPlugin:80 - create IPUIPlugin
2025-07-08 17:14:38,173 [INFO] PluginManager:220 - loadIPPluginJar : add gic
2025-07-08 17:14:38,174 [INFO] IPUIPlugin:80 - create IPUIPlugin
2025-07-08 17:14:38,174 [INFO] PluginManager:220 - loadIPPluginJar : add radio
2025-07-08 17:14:38,177 [INFO] IPUIPlugin:80 - create IPUIPlugin
2025-07-08 17:14:38,177 [INFO] PluginManager:220 - loadIPPluginJar : add ipddr
2025-07-08 17:14:38,178 [INFO] IPUIPlugin:80 - create IPUIPlugin
2025-07-08 17:14:38,178 [INFO] PluginManager:220 - loadIPPluginJar : add hash
2025-07-08 17:14:38,179 [INFO] IPUIPlugin:80 - create IPUIPlugin
2025-07-08 17:14:38,179 [INFO] PluginManager:220 - loadIPPluginJar : add gfxmmu
2025-07-08 17:14:38,182 [INFO] IPUIPlugin:80 - create IPUIPlugin
2025-07-08 17:14:38,182 [INFO] PluginManager:220 - loadIPPluginJar : add fmc
2025-07-08 17:14:38,184 [INFO] IPUIPlugin:80 - create IPUIPlugin
2025-07-08 17:14:38,184 [INFO] PluginManager:220 - loadIPPluginJar : add spi
2025-07-08 17:14:38,185 [INFO] IPUIPlugin:80 - create IPUIPlugin
2025-07-08 17:14:38,186 [INFO] PluginManager:220 - loadIPPluginJar : add dma3
2025-07-08 17:14:38,186 [INFO] IPUIPlugin:80 - create IPUIPlugin
2025-07-08 17:14:38,186 [INFO] PluginManager:220 - loadIPPluginJar : add ltdc
2025-07-08 17:14:38,189 [INFO] IPUIPlugin:80 - create IPUIPlugin
2025-07-08 17:14:38,189 [INFO] PluginManager:220 - loadIPPluginJar : add extmemmanager
2025-07-08 17:14:38,190 [INFO] IPUIPlugin:80 - create IPUIPlugin
2025-07-08 17:14:38,190 [INFO] PluginManager:220 - loadIPPluginJar : add ucpd
2025-07-08 17:14:38,194 [INFO] IPUIPlugin:80 - create IPUIPlugin
2025-07-08 17:14:38,194 [INFO] PluginManager:220 - loadIPPluginJar : add dma
2025-07-08 17:14:38,195 [INFO] IPUIPlugin:80 - create IPUIPlugin
2025-07-08 17:14:38,195 [INFO] PluginManager:220 - loadIPPluginJar : add ts
2025-07-08 17:14:38,199 [INFO] IPUIPlugin:80 - create IPUIPlugin
2025-07-08 17:14:38,199 [INFO] PluginManager:220 - loadIPPluginJar : add adc
2025-07-08 17:14:38,201 [INFO] IPUIPlugin:80 - create IPUIPlugin
2025-07-08 17:14:38,201 [INFO] PluginManager:220 - loadIPPluginJar : add i3c
2025-07-08 17:14:38,202 [INFO] IPUIPlugin:80 - create IPUIPlugin
2025-07-08 17:14:38,203 [INFO] PluginManager:220 - loadIPPluginJar : add sai
2025-07-08 17:14:38,204 [INFO] IPUIPlugin:80 - create IPUIPlugin
2025-07-08 17:14:38,204 [INFO] PluginManager:220 - loadIPPluginJar : add cryp
2025-07-08 17:14:38,206 [INFO] IPUIPlugin:80 - create IPUIPlugin
2025-07-08 17:14:38,206 [INFO] PluginManager:220 - loadIPPluginJar : add nvic
2025-07-08 17:14:38,302 [FATAL] Updater:351 - Updater called before beeing initialized
2025-07-08 17:14:38,319 [INFO] RulesReader:64 - Compatibility file has been processed (302 Rules)
2025-07-08 17:14:38,327 [INFO] RulesReader:64 - Compatibility file has been processed (302 Rules)
2025-07-08 17:14:38,333 [INFO] CADModel:165 - CPN selected for project level
2025-07-08 17:14:38,333 [INFO] CADModel:114 - Register for checkConnection events
2025-07-08 17:14:38,333 [FATAL] Updater:351 - Updater called before beeing initialized
2025-07-08 17:14:38,334 [ERROR] CADModel:125 - Updater not yet initialized, retry later 
2025-07-08 17:14:38,434 [FATAL] Updater:351 - Updater called before beeing initialized
2025-07-08 17:14:38,436 [INFO] CADModel:165 - CPN selected for project level
2025-07-08 17:14:38,436 [INFO] CADModel:114 - Register for checkConnection events
2025-07-08 17:14:38,436 [FATAL] Updater:351 - Updater called before beeing initialized
2025-07-08 17:14:38,436 [ERROR] CADModel:125 - Updater not yet initialized, retry later 
2025-07-08 17:14:38,438 [FATAL] Updater:351 - Updater called before beeing initialized
2025-07-08 17:14:38,497 [FATAL] Updater:351 - Updater called before beeing initialized
2025-07-08 17:14:38,500 [INFO] DbMcusAds:53 - JSON generation date=Thu Sep 30 01:55:09 CDT 2021 (1632984909247)
2025-07-08 17:14:38,500 [FATAL] Updater:351 - Updater called before beeing initialized
2025-07-08 17:14:38,525 [WARN] DetailPanel:346 - Failed to get advertising image, set to default
2025-07-08 17:14:38,774 [FATAL] Updater:351 - Updater called before beeing initialized
2025-07-08 17:14:38,776 [FATAL] Updater:351 - Updater called before beeing initialized
2025-07-08 17:14:38,776 [FATAL] Updater:351 - Updater called before beeing initialized
2025-07-08 17:14:38,776 [WARN] DetailPanel:346 - Failed to get advertising image, set to default
2025-07-08 17:14:38,777 [FATAL] Updater:351 - Updater called before beeing initialized
2025-07-08 17:14:38,801 [ERROR] Updater:1198 - MainUpdater not yet initialized. External WinMGr cannot be set.
2025-07-08 17:14:38,803 [INFO] Updater:1134 - Updater Version found : 6.14.1
2025-07-08 17:14:38,814 [INFO] ApplicationProperties:184 - Using Application install path: /home/adrian/st/stm32cubeide_1.18.1/plugins/com.st.stm32cube.common.mx_6.14.1.202504091515
2025-07-08 17:14:38,972 [INFO] MainUpdater:2872 - connection check result : 10
2025-07-08 17:14:38,972 [INFO] MainUpdater:289 - Updater Check For Update Now.
2025-07-08 17:14:38,973 [INFO] MicroXplorer:498 - Change Database Version : DB.6.0.141
2025-07-08 17:14:38,976 [INFO] McuFinderGlobals:63 - Set McuFinder mode to 2 (CubeIDE integrated)
2025-07-08 17:14:38,976 [INFO] UserAuth:171 - activating auth plugin
2025-07-08 17:14:38,977 [INFO] UserAuth:484 - Internet connection configuration mode: 1
2025-07-08 17:14:38,985 [INFO] JxBrowserEngine:152 - Initiate JxBrowser Engine with user profile folder
2025-07-08 17:14:39,128 [INFO] CheckServerUpdateThread:120 - End of CheckServer Thread
2025-07-08 17:14:39,463 [INFO] WebApp:169 - Instantiating new browser for Auth
2025-07-08 17:14:39,976 [INFO] WebApp:463 - Apply proxy settings
2025-07-08 17:14:39,976 [INFO] WebApp:548 - Chromium requires no authentication
2025-07-08 17:14:39,980 [INFO] WebApp:491 - Direct internet connection detected
2025-07-08 17:14:39,990 [INFO] WebApp:894 - Register for checkConnection events
2025-07-08 17:14:39,990 [INFO] WebApp:463 - Apply proxy settings
2025-07-08 17:14:39,990 [INFO] WebApp:548 - Chromium requires no authentication
2025-07-08 17:14:39,990 [INFO] WebApp:491 - Direct internet connection detected
2025-07-08 17:14:40,066 [INFO] WebApp:225 - Starting web application
2025-07-08 17:14:40,066 [INFO] WebApp:593 - Web application path used /home/adrian/st/stm32cubeide_1.18.1/plugins/com.st.stm32cube.common.mx_6.14.1.202504091515/db/plugins/mcufinder/reactClient1/index.html
2025-07-08 17:14:40,833 [WARN] PackLoader:240 - Cannot read IP mode file for STMicroelectronics.FP-SNS-MOTENVWB1.1.4.0
2025-07-08 17:14:40,840 [WARN] PackLoader:240 - Cannot read IP mode file for STMicroelectronics.FP-ATR-ASTRA1.2.0.2
2025-07-08 17:14:40,846 [WARN] PackLoader:240 - Cannot read IP mode file for STMicroelectronics.X-CUBE-SMBUS.2.1.0
2025-07-08 17:14:40,849 [WARN] PackLoader:240 - Cannot read IP mode file for STMicroelectronics.X-CUBE-ST60.1.0.0
2025-07-08 17:14:40,873 [WARN] PackLoader:240 - Cannot read IP mode file for STMicroelectronics.X-CUBE-AZRTOS-F7.1.1.0
2025-07-08 17:14:40,900 [WARN] PackLoader:240 - Cannot read IP mode file for Infineon.AIROC-Wi-Fi-Bluetooth-STM32.1.7.0
2025-07-08 17:14:40,927 [WARN] PackLoader:240 - Cannot read IP mode file for STMicroelectronics.X-CUBE-AZRTOS-H7.3.4.0
2025-07-08 17:14:40,937 [WARN] PackLoader:240 - Cannot read IP mode file for STMicroelectronics.X-CUBE-DISPLAY.3.0.0
2025-07-08 17:14:40,942 [INFO] WebApp:191 - Connection restablished
2025-07-08 17:14:40,948 [WARN] PackLoader:240 - Cannot read IP mode file for STMicroelectronics.X-CUBE-NFC10.1.0.0
2025-07-08 17:14:40,957 [WARN] PackLoader:240 - Cannot read IP mode file for STMicroelectronics.X-CUBE-BLEMGR.4.0.0
2025-07-08 17:14:40,964 [WARN] PackLoader:240 - Cannot read IP mode file for emotas.I-CUBE-CANOPEN.1.3.0
2025-07-08 17:14:40,967 [WARN] ConditionMgr:438 - getConditionDescription Invalid condition id : Cortex-A Device cause : null
2025-07-08 17:14:40,975 [WARN] ConditionMgr:1044 - genDependencies : Invalid condition id : Cortex-A Device cause : null
2025-07-08 17:14:40,976 [WARN] ConditionMgr:1044 - genDependencies : Invalid condition id : Cortex-A Device cause : null
2025-07-08 17:14:40,976 [WARN] ConditionMgr:1044 - genDependencies : Invalid condition id : Cortex-A Device cause : null
2025-07-08 17:14:40,978 [WARN] PackLoader:240 - Cannot read IP mode file for STMicroelectronics.FP-SNS-SMARTAG2.1.2.0
2025-07-08 17:14:40,981 [WARN] PackLoader:240 - Cannot read IP mode file for STMicroelectronics.FP-SNS-FLIGHT1.5.1.0
2025-07-08 17:14:40,989 [INFO] LogOutputStream:77 - [STDOUT_REDIRECT] 1 : Invalid condition id : UX_CORESTACK_Condition cause : null
2025-07-08 17:14:40,990 [INFO] LogOutputStream:77 - [STDOUT_REDIRECT] 1 : Invalid condition id : UX_CORESTACK_Condition cause : null
2025-07-08 17:14:40,990 [INFO] LogOutputStream:77 - [STDOUT_REDIRECT] 1 : Invalid condition id : UX_CORESTACK_Condition cause : null
2025-07-08 17:14:40,990 [INFO] LogOutputStream:77 - [STDOUT_REDIRECT] 1 : Invalid condition id : UX_CORESTACK_Condition cause : null
2025-07-08 17:14:40,990 [INFO] LogOutputStream:77 - [STDOUT_REDIRECT] 1 : Invalid condition id : UX_CORESTACK_Condition cause : null
2025-07-08 17:14:40,992 [WARN] PackLoader:240 - Cannot read IP mode file for STMicroelectronics.X-CUBE-AZRTOS-WL.2.0.0
2025-07-08 17:14:40,996 [WARN] PackLoader:240 - Cannot read IP mode file for STMicroelectronics.FP-SNS-MOTENV1.5.0.0
2025-07-08 17:14:41,001 [WARN] PackLoader:240 - Cannot read IP mode file for WES.I-CUBE-Cesium.1.3.0
2025-07-08 17:14:41,005 [WARN] PackLoader:240 - Cannot read IP mode file for STMicroelectronics.X-CUBE-BLE2.3.3.0
2025-07-08 17:14:41,010 [WARN] PackLoader:240 - Cannot read IP mode file for STMicroelectronics.X-CUBE-NFC9.1.0.0
2025-07-08 17:14:41,014 [WARN] PackLoader:240 - Cannot read IP mode file for wolfSSL.I-CUBE-wolfSSL.5.8.0
2025-07-08 17:14:41,022 [WARN] PackLoader:240 - Cannot read IP mode file for STMicroelectronics.X-CUBE-BLE1.7.1.0
2025-07-08 17:14:41,024 [WARN] PackLoader:240 - Cannot read IP mode file for wolfSSL.I-CUBE-wolfMQTT.1.19.2
2025-07-08 17:14:41,027 [WARN] PackLoader:240 - Cannot read IP mode file for STMicroelectronics.X-CUBE-AI.10.1.0
2025-07-08 17:14:41,036 [WARN] PackLoader:240 - Cannot read IP mode file for STMicroelectronics.X-CUBE-AZRTOS-G0.1.1.0
2025-07-08 17:14:41,040 [WARN] PackLoader:240 - Cannot read IP mode file for STMicroelectronics.X-CUBE-SAFEA1.1.2.2
2025-07-08 17:14:41,044 [WARN] PackLoader:240 - Cannot read IP mode file for STMicroelectronics.X-CUBE-NFC4.3.0.0
2025-07-08 17:14:41,049 [WARN] PackLoader:240 - Cannot read IP mode file for EmbeddedOffice.I-CUBE-FS-RTOS.1.0.1
2025-07-08 17:14:41,052 [WARN] PackLoader:240 - Cannot read IP mode file for STMicroelectronics.X-CUBE-WB05N.2.0.0
2025-07-08 17:14:41,055 [WARN] PackLoader:240 - Cannot read IP mode file for wolfSSL.I-CUBE-wolfTPM.3.8.0
2025-07-08 17:14:41,058 [WARN] PackLoader:240 - Cannot read IP mode file for STMicroelectronics.X-CUBE-TCPP.4.2.0
2025-07-08 17:14:41,061 [WARN] PackLoader:240 - Cannot read IP mode file for RealThread.X-CUBE-RT-Thread_Nano.4.1.1
2025-07-08 17:14:41,064 [WARN] PackLoader:240 - Cannot read IP mode file for STMicroelectronics.FP-ATR-SIGFOX1.3.2.0
2025-07-08 17:14:41,067 [WARN] PackLoader:240 - Cannot read IP mode file for STMicroelectronics.X-CUBE-EEPRMA1.5.1.0
2025-07-08 17:14:41,071 [WARN] PackLoader:240 - Cannot read IP mode file for ITTIA_DB.I-CUBE-ITTIADB.8.9.0
2025-07-08 17:14:41,074 [WARN] PackLoader:240 - Cannot read IP mode file for STMicroelectronics.X-CUBE-ST67W61.1.0.0
2025-07-08 17:14:41,090 [WARN] PackLoader:240 - Cannot read IP mode file for SEGGER.I-CUBE-embOS.1.3.1
2025-07-08 17:14:41,119 [WARN] PackLoader:240 - Cannot read IP mode file for STMicroelectronics.X-CUBE-ALGOBUILD.1.4.0
2025-07-08 17:14:41,160 [WARN] PackLoader:240 - Cannot read IP mode file for STMicroelectronics.X-CUBE-MEMS1.11.3.0
2025-07-08 17:14:41,352 [WARN] PackLoader:240 - Cannot read IP mode file for STMicroelectronics.X-CUBE-PM33A1.1.0.0
2025-07-08 17:14:41,363 [WARN] PackLoader:240 - Cannot read IP mode file for STMicroelectronics.X-CUBE-AZRTOS-F4.1.1.0
2025-07-08 17:14:41,368 [WARN] PackLoader:240 - Cannot read IP mode file for Avnet-IotConnect.X-CUBE-IoTC-DA16k-PMOD.1.0.0
2025-07-08 17:14:41,377 [WARN] PackLoader:240 - Cannot read IP mode file for STMicroelectronics.X-CUBE-ISPU.2.1.0
2025-07-08 17:14:41,391 [WARN] PackLoader:240 - Cannot read IP mode file for STMicroelectronics.X-CUBE-AZRTOS-L5.2.0.0
2025-07-08 17:14:41,398 [WARN] PackLoader:240 - Cannot read IP mode file for STMicroelectronics.X-CUBE-NFC6.3.1.0
2025-07-08 17:14:41,404 [WARN] PackLoader:240 - Cannot read IP mode file for STMicroelectronics.X-CUBE-FREERTOS.1.3.1
2025-07-08 17:14:41,407 [WARN] PackLoader:240 - Cannot read IP mode file for STMicroelectronics.FP-SNS-STAIOTCFT.1.0.0
2025-07-08 17:14:41,412 [WARN] PackLoader:240 - Cannot read IP mode file for STMicroelectronics.X-CUBE-DPower.1.3.0
2025-07-08 17:14:41,424 [WARN] ConditionMgr:438 - getConditionDescription Invalid condition id : LAN8742 Phy interface Condition cause : null
2025-07-08 17:14:41,424 [WARN] PackLoader:240 - Cannot read IP mode file for STMicroelectronics.X-CUBE-AZRTOS-L4.2.0.0
2025-07-08 17:14:41,425 [WARN] ConditionMgr:1044 - genDependencies : Invalid condition id : LAN8742 Phy interface Condition cause : null
2025-07-08 17:14:41,426 [WARN] ConditionMgr:1044 - genDependencies : Invalid condition id : LAN8742 Phy interface Condition cause : null
2025-07-08 17:14:41,426 [WARN] ConditionMgr:1044 - genDependencies : Invalid condition id : LAN8742 Phy interface Condition cause : null
2025-07-08 17:14:41,432 [WARN] PackLoader:240 - Cannot read IP mode file for STMicroelectronics.X-CUBE-SFXS2LP1.4.0.0
2025-07-08 17:14:41,445 [WARN] PackLoader:240 - Cannot read IP mode file for STMicroelectronics.X-CUBE-AZRTOS-H7.3.3.0
2025-07-08 17:14:41,454 [WARN] ConditionMgr:438 - getConditionDescription Invalid condition id : UX DEVICE CLASS RTOS Condition cause : null
2025-07-08 17:14:41,454 [WARN] ConditionMgr:438 - getConditionDescription Invalid condition id : UX DEVICE CLASS RTOS Condition cause : null
2025-07-08 17:14:41,456 [WARN] PackLoader:240 - Cannot read IP mode file for STMicroelectronics.X-CUBE-AZRTOS-WB.2.0.0
2025-07-08 17:14:41,456 [WARN] ConditionMgr:1044 - genDependencies : Invalid condition id : UX DEVICE CLASS RTOS Condition cause : null
2025-07-08 17:14:41,456 [WARN] ConditionMgr:1044 - genDependencies : Invalid condition id : UX DEVICE CLASS RTOS Condition cause : null
2025-07-08 17:14:41,456 [WARN] ConditionMgr:1044 - genDependencies : Invalid condition id : UX DEVICE CLASS RTOS Condition cause : null
2025-07-08 17:14:41,456 [WARN] ConditionMgr:1044 - genDependencies : Invalid condition id : UX DEVICE CLASS RTOS Condition cause : null
2025-07-08 17:14:41,457 [WARN] ConditionMgr:1044 - genDependencies : Invalid condition id : UX DEVICE CLASS RTOS Condition cause : null
2025-07-08 17:14:41,460 [WARN] PackLoader:240 - Cannot read IP mode file for STMicroelectronics.X-CUBE-GNSS1.7.0.1
2025-07-08 17:14:41,465 [WARN] PackLoader:240 - Cannot read IP mode file for STMicroelectronics.X-CUBE-TOUCHGFX.4.25.0
2025-07-08 17:14:41,468 [WARN] PackLoader:240 - Cannot read IP mode file for STMicroelectronics.FP-SNS-STBOX1.2.0.0
2025-07-08 17:14:41,476 [WARN] PackLoader:240 - Cannot read IP mode file for STMicroelectronics.X-CUBE-SUBG2.5.0.0
2025-07-08 17:14:41,489 [WARN] PackLoader:240 - Cannot read IP mode file for STMicroelectronics.X-CUBE-AZRTOS-H7RS.1.1.0
2025-07-08 17:14:41,492 [WARN] PackLoader:240 - Cannot read IP mode file for Cesanta.I-CUBE-Mongoose.7.13.0
2025-07-08 17:14:41,499 [WARN] PackLoader:240 - Cannot read IP mode file for STMicroelectronics.X-CUBE-AZRTOS-G4.2.0.0
2025-07-08 17:14:41,503 [WARN] PackLoader:240 - Cannot read IP mode file for wolfSSL.I-CUBE-wolfSSH.1.4.20
2025-07-08 17:14:41,505 [WARN] PackLoader:240 - Cannot read IP mode file for STMicroelectronics.X-CUBE-NFC7.2.0.0
2025-07-08 17:14:41,513 [WARN] PackLoader:240 - Cannot read IP mode file for STMicroelectronics.X-CUBE-IPS.3.1.0
2025-07-08 17:14:41,520 [WARN] PackLoader:240 - Cannot read IP mode file for STMicroelectronics.X-CUBE-ALS.1.0.2
2025-07-08 17:14:41,523 [WARN] PackLoader:240 - Cannot read IP mode file for portGmbH.I-Cube-SoM-uGOAL.1.1.0
2025-07-08 17:14:41,529 [WARN] PackLoader:240 - Cannot read IP mode file for STMicroelectronics.X-CUBE-TOF1.3.4.3
2025-07-08 17:14:41,536 [INFO] ThirdParty:978 - Integrity check success = true
2025-07-08 17:14:41,536 [INFO] IntegrityCheckThread:100 - exiting critical section [integrity check]
2025-07-08 17:14:41,536 [INFO] IntegrityCheckThread:103 - End integrity checks thread
2025-07-08 17:41:33,138 [INFO] McuFinderGlobals:63 - Set McuFinder mode to 2 (CubeIDE integrated)
2025-07-08 17:41:33,140 [INFO] MainUpdater:2872 - connection check result : 10
2025-07-08 17:41:33,140 [INFO] MainUpdater:2872 - connection check result : 10
2025-07-08 17:41:33,155 [INFO] MicroXplorer:468 - Change Database Path : 
2025-07-08 17:41:33,156 [INFO] MicroXplorer:498 - Change Database Version : DB.6.0.141
2025-07-08 17:41:33,159 [WARN] ThirdParty:871 - waiting for thirdparty lock release [close project]
2025-07-08 17:41:33,159 [INFO] ThirdParty:873 - entering critical section [close project]
2025-07-08 17:41:33,160 [INFO] ThirdParty:883 - exiting critical section [close project]
2025-07-08 17:41:33,162 [INFO] PinOutPanel:1589 - setPackage(No Configuration,No Configuration)
2025-07-08 17:41:33,166 [INFO] UtilMem:75 - Begin LoadConfig() Used Memory: 746838392 Bytes (1073741824)
2025-07-08 17:41:33,172 [INFO] MicroXplorer:468 - Change Database Path : /home/adrian/.stm32cubemx/databases/DB.6.0.140/db/
2025-07-08 17:41:33,172 [INFO] MicroXplorer:498 - Change Database Version : DB.6.0.140
2025-07-08 17:41:36,645 [INFO] OpenFileManager:354 - Change cursor
2025-07-08 17:41:36,669 [INFO] Mcu:2011 - Initializing MCU STM32F411C(C-E)Ux STM32F411CEUx STM32F411CEU6
2025-07-08 17:41:37,347 [INFO] Context:756 - Trying to add GPIOservice into a context  which must be forbidden
2025-07-08 17:41:37,620 [INFO] ImportTextPane:218 - (OptionalMessage_ERROR) Pin25 (VP_RIF_VS_RIF1) cannot be retrieved for this MCU
2025-07-08 17:41:37,679 [INFO] RtosManager:558 - Registered RTOS mode: class=CMSIS, group=RTOS, mode=CMSIS_V1, owner=FREERTOS
2025-07-08 17:41:37,679 [INFO] RtosManager:558 - Registered RTOS mode: class=CMSIS, group=RTOS2, mode=CMSIS_V2, owner=FREERTOS
2025-07-08 17:41:37,679 [INFO] RtosManager:558 - Registered RTOS mode: class=RTOS, group=Core, mode=CMSIS_V1, owner=FREERTOS
2025-07-08 17:41:37,680 [INFO] RtosManager:558 - Registered RTOS mode: class=RTOS, group=Core, mode=CMSIS_V2, owner=FREERTOS
2025-07-08 17:41:37,680 [WARN] ModelIntegratedComponent:184 - Missing modes for component STMicroelectronics:FreeRTOS:0.0.1:STMicroelectronics:RTOS:FreeRTOS:Core:::10.2.0:
2025-07-08 17:41:37,689 [WARN] ModelIntegratedComponent:182 - Modes not found for component STMicroelectronics:USB_HOST:1.0.0:STMicroelectronics:USB::USB Host:Audio HS::1.0:USB_HOST_1_0_RESTRICTED_HS
2025-07-08 17:41:37,689 [WARN] ModelIntegratedComponent:188 - Modes not found for component STMicroelectronics:USB_HOST:1.0.0:STMicroelectronics:USB::USB Host:Audio HS::1.0:USB_HOST_1_0_RESTRICTED_HS
2025-07-08 17:41:37,689 [WARN] ModelIntegratedComponent:182 - Modes not found for component STMicroelectronics:USB_HOST:1.0.0:STMicroelectronics:USB::USB Host:CDC HS::1.0:USB_HOST_1_0_RESTRICTED_HS
2025-07-08 17:41:37,689 [WARN] ModelIntegratedComponent:188 - Modes not found for component STMicroelectronics:USB_HOST:1.0.0:STMicroelectronics:USB::USB Host:CDC HS::1.0:USB_HOST_1_0_RESTRICTED_HS
2025-07-08 17:41:37,689 [WARN] ModelIntegratedComponent:182 - Modes not found for component STMicroelectronics:USB_HOST:1.0.0:STMicroelectronics:USB::USB Host:MSC HS::1.0:USB_HOST_1_0_RESTRICTED_HS
2025-07-08 17:41:37,689 [WARN] ModelIntegratedComponent:188 - Modes not found for component STMicroelectronics:USB_HOST:1.0.0:STMicroelectronics:USB::USB Host:MSC HS::1.0:USB_HOST_1_0_RESTRICTED_HS
2025-07-08 17:41:37,689 [WARN] ModelIntegratedComponent:182 - Modes not found for component STMicroelectronics:USB_HOST:1.0.0:STMicroelectronics:USB::USB Host:HID HS::1.0:USB_HOST_1_0_RESTRICTED_HS
2025-07-08 17:41:37,689 [WARN] ModelIntegratedComponent:188 - Modes not found for component STMicroelectronics:USB_HOST:1.0.0:STMicroelectronics:USB::USB Host:HID HS::1.0:USB_HOST_1_0_RESTRICTED_HS
2025-07-08 17:41:37,689 [WARN] ModelIntegratedComponent:182 - Modes not found for component STMicroelectronics:USB_HOST:1.0.0:STMicroelectronics:USB::USB Host:MTP HS::1.0:USB_HOST_1_0_RESTRICTED_HS
2025-07-08 17:41:37,689 [WARN] ModelIntegratedComponent:188 - Modes not found for component STMicroelectronics:USB_HOST:1.0.0:STMicroelectronics:USB::USB Host:MTP HS::1.0:USB_HOST_1_0_RESTRICTED_HS
2025-07-08 17:41:37,700 [WARN] ModelIntegratedComponent:63 - No mode defined for component null
2025-07-08 17:41:37,700 [WARN] ModelIntegratedComponent:63 - No mode defined for component null
2025-07-08 17:41:37,700 [WARN] ModelIntegratedComponent:63 - No mode defined for component null
2025-07-08 17:41:37,700 [WARN] ModelIntegratedComponent:63 - No mode defined for component null
2025-07-08 17:41:37,700 [WARN] ModelIntegratedComponent:63 - No mode defined for component null
2025-07-08 17:41:37,700 [WARN] ModelIntegratedComponent:63 - No mode defined for component null
2025-07-08 17:41:37,700 [WARN] ModelIntegratedComponent:63 - No mode defined for component null
2025-07-08 17:41:37,700 [WARN] ModelIntegratedComponent:63 - No mode defined for component null
2025-07-08 17:41:37,700 [WARN] ModelIntegratedComponent:63 - No mode defined for component null
2025-07-08 17:41:37,700 [WARN] ModelIntegratedComponent:63 - No mode defined for component null
2025-07-08 17:41:37,700 [WARN] ModelIntegratedComponent:63 - No mode defined for component null
2025-07-08 17:41:37,700 [WARN] ModelIntegratedComponent:63 - No mode defined for component null
2025-07-08 17:41:37,701 [WARN] ModelIntegratedComponent:63 - No mode defined for component null
2025-07-08 17:41:37,701 [WARN] ModelIntegratedComponent:63 - No mode defined for component null
2025-07-08 17:41:37,701 [WARN] ModelIntegratedComponent:63 - No mode defined for component null
2025-07-08 17:41:37,701 [WARN] ModelIntegratedComponent:63 - No mode defined for component null
2025-07-08 17:41:37,701 [WARN] ModelIntegratedComponent:63 - No mode defined for component null
2025-07-08 17:41:37,701 [WARN] ModelIntegratedComponent:63 - No mode defined for component null
2025-07-08 17:41:37,701 [WARN] ModelIntegratedComponent:63 - No mode defined for component null
2025-07-08 17:41:37,701 [WARN] ModelIntegratedComponent:63 - No mode defined for component null
2025-07-08 17:41:37,701 [WARN] ModelIntegratedComponent:63 - No mode defined for component null
2025-07-08 17:41:37,701 [WARN] ModelIntegratedComponent:63 - No mode defined for component null
2025-07-08 17:41:37,701 [WARN] ModelIntegratedComponent:63 - No mode defined for component null
2025-07-08 17:41:37,701 [WARN] ModelIntegratedComponent:63 - No mode defined for component null
2025-07-08 17:41:37,701 [WARN] ModelIntegratedComponent:63 - No mode defined for component null
2025-07-08 17:41:37,701 [WARN] ModelIntegratedComponent:63 - No mode defined for component null
2025-07-08 17:41:37,701 [WARN] ModelIntegratedComponent:63 - No mode defined for component null
2025-07-08 17:41:37,701 [WARN] ModelIntegratedComponent:63 - No mode defined for component null
2025-07-08 17:41:37,701 [WARN] ModelIntegratedComponent:63 - No mode defined for component null
2025-07-08 17:41:37,701 [WARN] ModelIntegratedComponent:63 - No mode defined for component null
2025-07-08 17:41:37,701 [WARN] ModelIntegratedComponent:63 - No mode defined for component null
2025-07-08 17:41:37,701 [WARN] ModelIntegratedComponent:63 - No mode defined for component null
2025-07-08 17:41:37,702 [WARN] ModelIntegratedComponent:63 - No mode defined for component null
2025-07-08 17:41:37,702 [WARN] ModelIntegratedComponent:63 - No mode defined for component null
2025-07-08 17:41:37,702 [WARN] ModelIntegratedComponent:63 - No mode defined for component null
2025-07-08 17:41:37,702 [WARN] ModelPack:524 - Component already loaded: STMicroelectronics:HAL Drivers:0.0.0:STMicroelectronics:Device:STMicro_Driver:XSPI:HAL::0.0.1:HAL_XSPI
2025-07-08 17:41:37,757 [WARN] ModelIntegratedComponent:182 - Modes not found for component STMicroelectronics:USB_DEVICE:1.0.0:STMicroelectronics:USB::USB Device:Audio HS::1.0:USB_DEVICE_1_0_RESTRICTED_HS
2025-07-08 17:41:37,757 [WARN] ModelIntegratedComponent:188 - Modes not found for component STMicroelectronics:USB_DEVICE:1.0.0:STMicroelectronics:USB::USB Device:Audio HS::1.0:USB_DEVICE_1_0_RESTRICTED_HS
2025-07-08 17:41:37,757 [WARN] ModelIntegratedComponent:182 - Modes not found for component STMicroelectronics:USB_DEVICE:1.0.0:STMicroelectronics:USB::USB Device:CDC HS::1.0:USB_DEVICE_1_0_RESTRICTED_HS
2025-07-08 17:41:37,757 [WARN] ModelIntegratedComponent:188 - Modes not found for component STMicroelectronics:USB_DEVICE:1.0.0:STMicroelectronics:USB::USB Device:CDC HS::1.0:USB_DEVICE_1_0_RESTRICTED_HS
2025-07-08 17:41:37,757 [WARN] ModelIntegratedComponent:182 - Modes not found for component STMicroelectronics:USB_DEVICE:1.0.0:STMicroelectronics:USB::USB Device:DFU HS::1.0:USB_DEVICE_1_0_RESTRICTED_HS
2025-07-08 17:41:37,757 [WARN] ModelIntegratedComponent:188 - Modes not found for component STMicroelectronics:USB_DEVICE:1.0.0:STMicroelectronics:USB::USB Device:DFU HS::1.0:USB_DEVICE_1_0_RESTRICTED_HS
2025-07-08 17:41:37,757 [WARN] ModelIntegratedComponent:182 - Modes not found for component STMicroelectronics:USB_DEVICE:1.0.0:STMicroelectronics:USB::USB Device:HID HS::1.0:USB_DEVICE_1_0_RESTRICTED_HS
2025-07-08 17:41:37,757 [WARN] ModelIntegratedComponent:188 - Modes not found for component STMicroelectronics:USB_DEVICE:1.0.0:STMicroelectronics:USB::USB Device:HID HS::1.0:USB_DEVICE_1_0_RESTRICTED_HS
2025-07-08 17:41:37,757 [WARN] ModelIntegratedComponent:182 - Modes not found for component STMicroelectronics:USB_DEVICE:1.0.0:STMicroelectronics:USB::USB Device:Custom HID HS::1.0:USB_DEVICE_1_0_RESTRICTED_HS
2025-07-08 17:41:37,757 [WARN] ModelIntegratedComponent:188 - Modes not found for component STMicroelectronics:USB_DEVICE:1.0.0:STMicroelectronics:USB::USB Device:Custom HID HS::1.0:USB_DEVICE_1_0_RESTRICTED_HS
2025-07-08 17:41:37,757 [WARN] ModelIntegratedComponent:182 - Modes not found for component STMicroelectronics:USB_DEVICE:1.0.0:STMicroelectronics:USB::USB Device:MSC HS::1.0:USB_DEVICE_1_0_RESTRICTED_HS
2025-07-08 17:41:37,758 [WARN] ModelIntegratedComponent:188 - Modes not found for component STMicroelectronics:USB_DEVICE:1.0.0:STMicroelectronics:USB::USB Device:MSC HS::1.0:USB_DEVICE_1_0_RESTRICTED_HS
2025-07-08 17:41:37,796 [INFO] ThirdPartyModel:298 - Start build external matchings
2025-07-08 17:41:38,060 [INFO] ThirdPartyModel:316 - End build external matchings
2025-07-08 17:41:38,079 [INFO] ImportTextPane:218 - (OptionalMessage_ERROR) IP (DMA) : Parameter (Instance) has Id (I2C1_TX) currently not set
2025-07-08 17:41:38,079 [INFO] ImportTextPane:218 - (OptionalMessage_ERROR) IP (DMA) : Parameter (Channel) has Id (I2C1_TX) currently not set
2025-07-08 17:41:38,079 [INFO] ImportTextPane:218 - (OptionalMessage_ERROR) IP (DMA) : Parameter (Direction) has Id (I2C1_TX) currently not set
2025-07-08 17:41:38,079 [INFO] ImportTextPane:218 - (OptionalMessage_ERROR) IP (DMA) : Parameter (PeriphInc) has Id (I2C1_TX) currently not set
2025-07-08 17:41:38,079 [INFO] ImportTextPane:218 - (OptionalMessage_ERROR) IP (DMA) : Parameter (MemInc) has Id (I2C1_TX) currently not set
2025-07-08 17:41:38,080 [INFO] ImportTextPane:218 - (OptionalMessage_ERROR) IP (DMA) : Parameter (PeriphDataAlignment) has Id (I2C1_TX) currently not set
2025-07-08 17:41:38,080 [INFO] ImportTextPane:218 - (OptionalMessage_ERROR) IP (DMA) : Parameter (MemDataAlignment) has Id (I2C1_TX) currently not set
2025-07-08 17:41:38,080 [INFO] ImportTextPane:218 - (OptionalMessage_ERROR) IP (DMA) : Parameter (Mode) has Id (I2C1_TX) currently not set
2025-07-08 17:41:38,080 [INFO] ImportTextPane:218 - (OptionalMessage_ERROR) IP (DMA) : Parameter (Priority) has Id (I2C1_TX) currently not set
2025-07-08 17:41:38,080 [INFO] ImportTextPane:218 - (OptionalMessage_ERROR) IP (DMA) : Parameter (FIFOMode) has Id (I2C1_TX) currently not set
2025-07-08 17:41:38,080 [INFO] ImportTextPane:218 - (OptionalMessage_ERROR) IP (DMA) : Parameter (Instance) has Id (USART1_RX) currently not set
2025-07-08 17:41:38,080 [INFO] ImportTextPane:218 - (OptionalMessage_ERROR) IP (DMA) : Parameter (Channel) has Id (USART1_RX) currently not set
2025-07-08 17:41:38,080 [INFO] ImportTextPane:218 - (OptionalMessage_ERROR) IP (DMA) : Parameter (Direction) has Id (USART1_RX) currently not set
2025-07-08 17:41:38,080 [INFO] ImportTextPane:218 - (OptionalMessage_ERROR) IP (DMA) : Parameter (PeriphInc) has Id (USART1_RX) currently not set
2025-07-08 17:41:38,080 [INFO] ImportTextPane:218 - (OptionalMessage_ERROR) IP (DMA) : Parameter (MemInc) has Id (USART1_RX) currently not set
2025-07-08 17:41:38,080 [INFO] ImportTextPane:218 - (OptionalMessage_ERROR) IP (DMA) : Parameter (PeriphDataAlignment) has Id (USART1_RX) currently not set
2025-07-08 17:41:38,080 [INFO] ImportTextPane:218 - (OptionalMessage_ERROR) IP (DMA) : Parameter (MemDataAlignment) has Id (USART1_RX) currently not set
2025-07-08 17:41:38,081 [INFO] ImportTextPane:218 - (OptionalMessage_ERROR) IP (DMA) : Parameter (Mode) has Id (USART1_RX) currently not set
2025-07-08 17:41:38,081 [INFO] ImportTextPane:218 - (OptionalMessage_ERROR) IP (DMA) : Parameter (Priority) has Id (USART1_RX) currently not set
2025-07-08 17:41:38,081 [INFO] ImportTextPane:218 - (OptionalMessage_ERROR) IP (DMA) : Parameter (FIFOMode) has Id (USART1_RX) currently not set
2025-07-08 17:41:38,081 [INFO] ImportTextPane:218 - (OptionalMessage_ERROR) IP (DMA) : Parameter (Instance) has Id (USART1_TX) currently not set
2025-07-08 17:41:38,081 [INFO] ImportTextPane:218 - (OptionalMessage_ERROR) IP (DMA) : Parameter (Channel) has Id (USART1_TX) currently not set
2025-07-08 17:41:38,081 [INFO] ImportTextPane:218 - (OptionalMessage_ERROR) IP (DMA) : Parameter (Direction) has Id (USART1_TX) currently not set
2025-07-08 17:41:38,081 [INFO] ImportTextPane:218 - (OptionalMessage_ERROR) IP (DMA) : Parameter (PeriphInc) has Id (USART1_TX) currently not set
2025-07-08 17:41:38,081 [INFO] ImportTextPane:218 - (OptionalMessage_ERROR) IP (DMA) : Parameter (MemInc) has Id (USART1_TX) currently not set
2025-07-08 17:41:38,081 [INFO] ImportTextPane:218 - (OptionalMessage_ERROR) IP (DMA) : Parameter (PeriphDataAlignment) has Id (USART1_TX) currently not set
2025-07-08 17:41:38,081 [INFO] ImportTextPane:218 - (OptionalMessage_ERROR) IP (DMA) : Parameter (MemDataAlignment) has Id (USART1_TX) currently not set
2025-07-08 17:41:38,081 [INFO] ImportTextPane:218 - (OptionalMessage_ERROR) IP (DMA) : Parameter (Mode) has Id (USART1_TX) currently not set
2025-07-08 17:41:38,081 [INFO] ImportTextPane:218 - (OptionalMessage_ERROR) IP (DMA) : Parameter (Priority) has Id (USART1_TX) currently not set
2025-07-08 17:41:38,081 [INFO] ImportTextPane:218 - (OptionalMessage_ERROR) IP (DMA) : Parameter (FIFOMode) has Id (USART1_TX) currently not set
2025-07-08 17:41:38,082 [WARN] IP:2250 - I2C_Coeff_DF not found: check if there is a RefParameter without a condition.
2025-07-08 17:41:38,082 [WARN] IP:2250 - Analog_Filter not found: check if there is a RefParameter without a condition.
2025-07-08 17:41:38,083 [INFO] ImportTextPane:218 - (OptionalMessage_ERROR) IP (RCC) : Parameter (48MHZClocksFreq_Value) has invalid value (50000000)
2025-07-08 17:41:38,084 [INFO] ImportTextPane:218 - (OptionalMessage_ERROR) IP (RCC) : Parameter (RTCHSEDivFreq_Value) has invalid value (12500000)
2025-07-08 17:41:38,240 [INFO] ApiDb:581 - Connected to CubeFinder SQLite database (/home/adrian/.stmcufinder/plugins/mcufinder/mcu/cube-finder-db.db)
2025-07-08 17:41:38,285 [INFO] ApiDb:668 - CubeFinder database Data Model version=2.1
2025-07-08 17:41:38,285 [INFO] ApiDb:669 - CubeFinder database Configuration version=3.0.39
2025-07-08 17:41:38,286 [INFO] ApiDb:670 - CubeFinder database generation date=2025-03-24 (1742811287)
2025-07-08 17:41:38,286 [INFO] ApiDb:671 - CubeFinder database FW Pack versions=[FP-ATR-ASTRA1_V2.0.0, FP-SNS-FLIGHT1_V5.0.2, FP-SNS-MOTENV1_V5.0.0, FP-SNS-MOTENVWB1_V1.4.0, FP-SNS-SMARTAG2_V1.2.0, FP-SNS-STBOX1_V2.0.0, STM32Cube_FW_C0_V1.4.0, STM32Cube_FW_F4_V1.28.1, STM32Cube_FW_F7_V1.17.2, STM32Cube_FW_G0_V1.6.2, STM32Cube_FW_G4_V1.6.1, STM32Cube_FW_H5_V1.5.0, STM32Cube_FW_H7RS_V1.2.0, STM32Cube_FW_H7_V1.12.1, STM32Cube_FW_L0_V1.12.2, STM32Cube_FW_L4_V1.18.1, STM32Cube_FW_L5_V1.5.1, STM32Cube_FW_N6_V1.1.0, STM32Cube_FW_U0_V1.2.0, STM32Cube_FW_U3_V1.1.0, STM32Cube_FW_U5_V1.7.0, STM32Cube_FW_WB0_V1.2.0, STM32Cube_FW_WBA_V1.6.0, STM32Cube_FW_WB_V1.22.0, STM32Cube_FW_WL3_V1.1.0, STM32Cube_FW_WL_V1.3.1, X-CUBE-ALGOBUILD_V1.4.0, X-CUBE-ALS_V1.0.2, X-CUBE-AZRTOS-F4_V1.1.0, X-CUBE-AZRTOS-F7_V1.1.0, X-CUBE-AZRTOS-G0_V1.1.0, X-CUBE-AZRTOS-G4_V2.0.0, X-CUBE-AZRTOS-H7RS_V1.0.0, X-CUBE-AZRTOS-H7_V3.3.0, X-CUBE-AZRTOS-L4_V2.0.0, X-CUBE-AZRTOS-L5_V2.0.0, X-CUBE-AZRTOS-WB_V2.0.0, X-CUBE-AZRTOS-WL_V2.0.0, X-CUBE-BLE1_V7.1.0, X-CUBE-BLE2_V3.3.0, X-CUBE-BLEMGR_V4.0.0, X-CUBE-EEPRMA1_V5.1.0, X-CUBE-FREERTOS_V1.3.0, X-CUBE-GNSS1_V6.0.0, X-CUBE-MEMS1_V11.1.0, X-CUBE-NFC4_V3.0.0, X-CUBE-NFC7_V1.0.1, X-CUBE-SFXS2LP1_V4.0.0, X-CUBE-SUBG2_V5.0.0, X-CUBE-TOF1_V3.4.2]
2025-07-08 17:41:38,324 [INFO] DbBoardsSqlite:226 - include board P-NUCLEO-WB55-NUCLEO as a kit item of type 'Nucleo-64'
2025-07-08 17:41:38,324 [INFO] DbBoardsSqlite:226 - include board P-NUCLEO-WB55-USBDONGLE as a kit item of type 'Nucleo USB Dongle'
2025-07-08 17:41:38,324 [INFO] DbBoardsSqlite:226 - include board STEVAL-IDP005V1 as a kit item of type 'Evaluation Board'
2025-07-08 17:41:38,324 [INFO] DbBoardsSqlite:226 - include board STEVAL-IDP005V2 as a kit item of type 'Evaluation Board'
2025-07-08 17:41:38,358 [INFO] ApiDb:240 - Found 895 in-development CPN: [B-G473E-ZEST1S, B-WB1M-WPAN1, B-WBA5M-WPAN, B-WL5M-SUBG1, NUCLEO-C031C6, NUCLEO-C051C8, NUCLEO-C071RB, NUCLEO-C092RC, NUCLEO-H503RB, NUCLEO-H533RE, NUCLEO-H563ZI, NUCLEO-H7S3L8, NUCLEO-N657X0-Q, NUCLEO-U031R8, NUCLEO-U083RC, NUCLEO-U385RG-Q, NUCLEO-U545RE-Q, NUCLEO-U5A5ZJ-Q, NUCLEO-WB05KZ, NUCLEO-WB07CC, NUCLEO-WB09KE, NUCLEO-WBA52CG, NUCLEO-WBA55CG, NUCLEO-WBA65RI, NUCLEO-WL33CC1, NUCLEO-WL33CC2, STEVAL-PROTEUS1, STEVAL-SMARTAG2, STEVAL-STWINBX1, STM320518-EVAL, STM32C0116-DK, STM32C011D6Y3TR, STM32C011D6Y6TR, STM32C011F4P3, STM32C011F4P6, STM32C011F4U3, STM32C011F4U6TR, STM32C011F6P3, STM32C011F6P6, STM32C011F6U3, STM32C011F6U6TR, STM32C011J4M3, STM32C011J4M6, STM32C011J6M3, STM32C011J6M6, STM32C0316-DK, STM32C031C4T3, STM32C031C4T6, STM32C031C4U3, STM32C031C4U6, STM32C031C6T3, STM32C031C6T6, STM32C031C6U3, STM32C031C6U6, STM32C031F4P3, STM32C031F4P6, STM32C031F6P3, STM32C031F6P6, STM32C031G4U3, STM32C031G4U6, STM32C031G6U3, STM32C031G6U6, STM32C031K4T3, STM32C031K4T6, STM32C031K4U3, STM32C031K4U6, STM32C031K6T3, STM32C031K6T6, STM32C031K6U3, STM32C031K6U6, STM32C051C6T6, STM32C051C6U6, STM32C051C8T6, STM32C051C8U6, STM32C051D8Y6TR, STM32C051F6P6, STM32C051F8P6, STM32C051G6U6, STM32C051G8U6, STM32C051K6T6, STM32C051K6U6, STM32C051K8T6, STM32C071C8T6, STM32C071C8T6N, STM32C071C8U6, STM32C071C8U6N, STM32C071CBT6, STM32C071CBT6N, STM32C071CBU6, STM32C071CBU6N, STM32C071F8P6, STM32C071F8P6N, STM32C071FBP6, STM32C071FBP6N, STM32C071FBY6TR, STM32C071G8U6, STM32C071G8U6N, STM32C071GBU6, STM32C071GBU6N, STM32C071K8T6, STM32C071K8T6N, STM32C071K8U6, STM32C071K8U6N, STM32C071KBT6, STM32C071KBT6N, STM32C071KBU6, STM32C071KBU6N, STM32C071R8T6, STM32C071R8T6N, STM32C071RBI6N, STM32C071RBT6, STM32C071RBT6N, STM32C091CBT6, STM32C091CBU6, STM32C091CCT6, STM32C091CCU6, STM32C091ECY6TR, STM32C091FBP6, STM32C091FCP6, STM32C091GBU6, STM32C091GCU6, STM32C091KBT6, STM32C091KBU6, STM32C091KCT6, STM32C091KCU6, STM32C091RBT6, STM32C091RCI6, STM32C091RCT6, STM32C092CBT6, STM32C092CBU6, STM32C092CCT6, STM32C092CCU6, STM32C092ECY6TR, STM32C092FBP6, STM32C092FCP6, STM32C092GBU6, STM32C092GCU6, STM32C092KBT6, STM32C092KBU6, STM32C092KCT6, STM32C092KCU6, STM32C092RBT6, STM32C092RCI6, STM32C092RCT6, STM32G071K8TXN, STM32G071K8UXN, STM32G081GBU6N, STM32G081KBT6N, STM32G081KBUXN, STM32G0B1CCT6N, STM32G0B1KCT6, STM32G0B1NEY6TR, STM32G0B1RCT6N, STM32G0C1CCT6, STM32G0C1CCT6N, STM32G0C1CCU6N, STM32G0C1CET6N, STM32G0C1CEU6N, STM32G0C1KCT6, STM32G0C1NEY6TR, STM32G0C1RCI6N, STM32G0C1RCT6N, STM32G0C1REI6N, STM32G0C1RET6N, STM32G0C1VCI6, STM32G0C1VEI6, STM32G411C6T3, STM32G411C6T6, STM32G411C6U3, STM32G411C6U6, STM32G411C8T3, STM32G411C8T6, STM32G411C8U3, STM32G411C8U6, STM32G411CBT3, STM32G411CBT6, STM32G411CBU3, STM32G411CBU6, STM32G411CCT3, STM32G411CCT6, STM32G411CCU3, STM32G411CCU6, STM32G411K6T3, STM32G411K6T6, STM32G411K6U3, STM32G411K6U6, STM32G411K8T3, STM32G411K8T6, STM32G411K8U3, STM32G411K8U6, STM32G411KBT3, STM32G411KBT6, STM32G411KBU3, STM32G411KBU6, STM32G411M6T3, STM32G411M6T6, STM32G411M8T3, STM32G411M8T6, STM32G411MBT3, STM32G411MBT6, STM32G411MCT3, STM32G411MCT6, STM32G411R6T3, STM32G411R6T6, STM32G411R8T3, STM32G411R8T6, STM32G411RBT3, STM32G411RBT6, STM32G411RCT3, STM32G411RCT6, STM32G414CBT3, STM32G414CBT6, STM32G414CBU3, STM32G414CBU6, STM32G414CCT3, STM32G414CCT6, STM32G414CCU3, STM32G414CCU6, STM32G414MBT3, STM32G414MBT6, STM32G414MCT3, STM32G414MCT6, STM32G414RBT3, STM32G414RBT6, STM32G414RCT3, STM32G414RCT6, STM32G414VBT3, STM32G414VBT6, STM32G414VCT3, STM32G414VCT6, STM32G431CBT3Z, STM32G431RBT3Z, STM32G471CCT6, STM32G471CCU6, STM32G471CET3, STM32G471CET6, STM32G471CEU3, STM32G471CEU6, STM32G471MCT6, STM32G471MET3, STM32G471MET6, STM32G471MEY6TR, STM32G471QCT6, STM32G471QET3, STM32G471RCT6, STM32G471RET3, STM32G471RET6, STM32G471VCH6, STM32G471VCI6, STM32G471VCT6, STM32G471VEH3, STM32G471VEH6, STM32G471VEI3, STM32G471VEI6, STM32G471VET3, STM32G471VET6, STM32G473QET3Z, STM32G473RET3Z, STM32G474CCT6, STM32G491RET3Z, STM32H503CBT6, STM32H503CBU6, STM32H503EBY6TR, STM32H503KBU6, STM32H503RBT6, STM32H523CCT6, STM32H523CCU6, STM32H523CET6, STM32H523CEU6, STM32H523HEY6TR, STM32H523RCT6, STM32H523RET6, STM32H523VCI6, STM32H523VCT6, STM32H523VEI6, STM32H523VET6, STM32H523ZCJ6, STM32H523ZCT6, STM32H523ZEJ6, STM32H523ZET6, STM32H533CET6, STM32H533CEU6, STM32H533HEY6TR, STM32H533RET6, STM32H533VEI6, STM32H533VET6, STM32H533ZEJ6, STM32H533ZET6, STM32H562AGI6, STM32H562AII6, STM32H562IGK6, STM32H562IGT6, STM32H562IIK6, STM32H562IIT6, STM32H562RGT6, STM32H562RGV6, STM32H562RIT6, STM32H562RIV6, STM32H562VGT6, STM32H562VIT6, STM32H562ZGT6, STM32H562ZIT6, STM32H563AGI6, STM32H563AII3Q, STM32H563AII6, STM32H563IGK6, STM32H563IGT6, STM32H563IIK3Q, STM32H563IIK6, STM32H563IIT3Q, STM32H563IIT6, STM32H563MIY3QTR, STM32H563RGT6, STM32H563RGV6, STM32H563RIT6, STM32H563RIV6, STM32H563VGT6, STM32H563VIT3Q, STM32H563VIT6, STM32H563ZGT6, STM32H563ZIT3Q, STM32H563ZIT6, STM32H573AII3Q, STM32H573AII6, STM32H573I-DK, STM32H573IIK3Q, STM32H573IIK6, STM32H573IIT3Q, STM32H573IIT6, STM32H573MIY3QTR, STM32H573RIT6, STM32H573RIV6, STM32H573VIT3Q, STM32H573VIT6, STM32H573ZIT3Q, STM32H573ZIT6, STM32H7R3A8I6, STM32H7R3I8K6, STM32H7R3I8T6, STM32H7R3L8H6, STM32H7R3L8H6H, STM32H7R3R8V6, STM32H7R3V8H6, STM32H7R3V8T6, STM32H7R3V8Y6TR, STM32H7R3Z8J6, STM32H7R3Z8T6, STM32H7R7A8I6, STM32H7R7I8K6, STM32H7R7I8T6, STM32H7R7L8H6, STM32H7R7L8H6H, STM32H7R7Z8J6, STM32H7S3A8I6, STM32H7S3I8K6, STM32H7S3I8T6, STM32H7S3L8H6, STM32H7S3L8H6H, STM32H7S3R8V6, STM32H7S3V8H6, STM32H7S3V8T6, STM32H7S3V8Y6TR, STM32H7S3Z8J6, STM32H7S3Z8T6, STM32H7S78-DK, STM32H7S7A8I6, STM32H7S7I8K6, STM32H7S7I8T6, STM32H7S7L8H6, STM32H7S7L8H6H, STM32H7S7Z8J6, STM32L4R5QGI6STR, STM32MP131AAE3, STM32MP131AAF3, STM32MP131AAG3, STM32MP131CAE3, STM32MP131CAF3, STM32MP131CAG3, STM32MP131DAE7, STM32MP131DAF7, STM32MP131DAG7, STM32MP131FAE7, STM32MP131FAF7, STM32MP131FAG7, STM32MP133AAE3, STM32MP133AAF3, STM32MP133AAG3, STM32MP133CAE3, STM32MP133CAF3, STM32MP133CAG3, STM32MP133DAE7, STM32MP133DAF7, STM32MP133DAG7, STM32MP133FAE7, STM32MP133FAF7, STM32MP133FAG7, STM32MP135AAE3, STM32MP135AAF3, STM32MP135AAG3, STM32MP135CAE3, STM32MP135CAF3, STM32MP135CAG3, STM32MP135DAE7, STM32MP135DAF7, STM32MP135DAG7, STM32MP135F-DK, STM32MP135FAE7, STM32MP135FAF7, STM32MP135FAF7T, STM32MP135FAF7U, STM32MP135FAG7, STM32MP231AAJ3, STM32MP231AAK3, STM32MP231AAL3, STM32MP231CAJ3, STM32MP231CAK3, STM32MP231CAL3, STM32MP231DAJ3, STM32MP231DAK3, STM32MP231DAL3, STM32MP231FAJ3, STM32MP231FAK3, STM32MP231FAL3, STM32MP233AAJ3, STM32MP233AAK3, STM32MP233AAL3, STM32MP233CAJ3, STM32MP233CAK3, STM32MP233CAL3, STM32MP233DAJ3, STM32MP233DAK3, STM32MP233DAL3, STM32MP233FAJ3, STM32MP233FAK3, STM32MP233FAL3, STM32MP235AAJ3, STM32MP235AAK3, STM32MP235AAL3, STM32MP235CAJ3, STM32MP235CAK3, STM32MP235CAL3, STM32MP235DAJ3, STM32MP235DAK3, STM32MP235DAL3, STM32MP235FAJ3, STM32MP235FAK3, STM32MP235FAL3, STM32MP251AAI3, STM32MP251AAJ3, STM32MP251AAK3, STM32MP251AAL3, STM32MP251CAI3, STM32MP251CAJ3, STM32MP251CAK3, STM32MP251CAL3, STM32MP251DAI3, STM32MP251DAJ3, STM32MP251DAK3, STM32MP251DAL3, STM32MP251FAI3, STM32MP251FAJ3, STM32MP251FAK3, STM32MP251FAL3, STM32MP253AAI3, STM32MP253AAJ3, STM32MP253AAK3, STM32MP253AAL3, STM32MP253CAI3, STM32MP253CAJ3, STM32MP253CAK3, STM32MP253CAL3, STM32MP253DAI3, STM32MP253DAJ3, STM32MP253DAK3, STM32MP253DAL3, STM32MP253FAI3, STM32MP253FAJ3, STM32MP253FAK3, STM32MP253FAL3, STM32MP255AAI3, STM32MP255AAJ3, STM32MP255AAK3, STM32MP255AAL3, STM32MP255CAI3, STM32MP255CAJ3, STM32MP255CAK3, STM32MP255CAL3, STM32MP255DAI3, STM32MP255DAJ3, STM32MP255DAK3, STM32MP255DAL3, STM32MP255FAI3, STM32MP255FAJ3, STM32MP255FAK3, STM32MP255FAL3, STM32MP257AAI3, STM32MP257AAJ3, STM32MP257AAK3, STM32MP257AAL3, STM32MP257CAI3, STM32MP257CAJ3, STM32MP257CAK3, STM32MP257CAL3, STM32MP257DAI3, STM32MP257DAJ3, STM32MP257DAK3, STM32MP257DAL3, STM32MP257F-DK, STM32MP257F-EV1, STM32MP257FAI3, STM32MP257FAJ3, STM32MP257FAK3, STM32MP257FAL3, STM32N645A0H3Q, STM32N645B0H3Q, STM32N645I0H3Q, STM32N645L0H3Q, STM32N645X0H3Q, STM32N645Z0H3Q, STM32N647A0H3Q, STM32N647B0H3Q, STM32N647I0H3Q, STM32N647L0H3Q, STM32N647X0H3Q, STM32N647Z0H3Q, STM32N655A0H3Q, STM32N655B0H3Q, STM32N655I0H3Q, STM32N655L0H3Q, STM32N655X0H3Q, STM32N655Z0H3Q, STM32N6570-DK, STM32N657A0H3Q, STM32N657B0H3Q, STM32N657I0H3Q, STM32N657L0H3Q, STM32N657X0H3Q, STM32N657Z0H3Q, STM32U031C6T6, STM32U031C6U6, STM32U031C8T6, STM32U031C8U6, STM32U031F4P6, STM32U031F6P6, STM32U031F8P6, STM32U031G6Y6TR, STM32U031G8Y6TR, STM32U031K4U6, STM32U031K6U6, STM32U031K8U6, STM32U031R6I6, STM32U031R6T6, STM32U031R8I6, STM32U031R8T6, STM32U073C8T6, STM32U073C8U6, STM32U073CBT6, STM32U073CBU6, STM32U073CCT6, STM32U073CCU6, STM32U073H8Y6TR, STM32U073HBY6TR, STM32U073HCY6TR, STM32U073K8U6, STM32U073KBU6, STM32U073KCU6, STM32U073M8I6, STM32U073M8T6, STM32U073MBI6, STM32U073MBT6, STM32U073MCI6, STM32U073MCT6, STM32U073R8I6, STM32U073R8T6, STM32U073RBI6, STM32U073RBT6, STM32U073RCI6, STM32U073RCT6, STM32U083C-DK, STM32U083CCT6, STM32U083CCU6, STM32U083HCY6TR, STM32U083KCU6, STM32U083MCI6, STM32U083MCT6, STM32U083RCI6, STM32U083RCT6, STM32U375CET6, STM32U375CET6Q, STM32U375CEU6, STM32U375CEU6Q, STM32U375CEY6QTR, STM32U375CGT6, STM32U375CGT6Q, STM32U375CGU6, STM32U375CGU6Q, STM32U375CGY6QTR, STM32U375KEU6, STM32U375KGU6, STM32U375REI6, STM32U375REI6Q, STM32U375RET6, STM32U375RET6Q, STM32U375REY6GTR, STM32U375REY6QTR, STM32U375RGI6, STM32U375RGI6Q, STM32U375RGT6, STM32U375RGT6Q, STM32U375RGY6GTR, STM32U375RGY6QTR, STM32U375VEI6, STM32U375VEI6Q, STM32U375VET6, STM32U375VET6Q, STM32U375VGI6, STM32U375VGI6Q, STM32U375VGT6, STM32U375VGT6Q, STM32U385CGT6, STM32U385CGT6Q, STM32U385CGU6, STM32U385CGU6Q, STM32U385CGY6QTR, STM32U385KGU6, STM32U385RGI6, STM32U385RGI6Q, STM32U385RGT6, STM32U385RGT6Q, STM32U385RGY6GTR, STM32U385RGY6QTR, STM32U385VGI6, STM32U385VGI6Q, STM32U385VGT6, STM32U385VGT6Q, STM32U535CBT6, STM32U535CBT6Q, STM32U535CBU6, STM32U535CBU6Q, STM32U535CCT6, STM32U535CCT6Q, STM32U535CCU6, STM32U535CCU6Q, STM32U535CET6, STM32U535CET6Q, STM32U535CEU6, STM32U535CEU6Q, STM32U535JEY6QTR, STM32U535NCY6QTR, STM32U535NEY6QTR, STM32U535RBI6, STM32U535RBI6Q, STM32U535RBT6, STM32U535RBT6Q, STM32U535RCI6, STM32U535RCI6Q, STM32U535RCT6, STM32U535RCT6Q, STM32U535REI6, STM32U535REI6Q, STM32U535RET6, STM32U535RET6Q, STM32U535VCI6, STM32U535VCI6Q, STM32U535VCT6, STM32U535VCT6Q, STM32U535VEI6, STM32U535VEI6Q, STM32U535VET6, STM32U535VET6Q, STM32U545CET6, STM32U545CET6Q, STM32U545CEU6, STM32U545CEU6Q, STM32U545JEY6QTR, STM32U545NEY6QTR, STM32U545REI6, STM32U545REI6Q, STM32U545RET6, STM32U545RET6Q, STM32U545VEI6, STM32U545VEI6Q, STM32U545VET6, STM32U545VET6Q, STM32U595AIH6, STM32U595AIH6Q, STM32U595AJH6, STM32U595AJH6Q, STM32U595QII6, STM32U595QII6Q, STM32U595QJI6, STM32U595QJI6Q, STM32U595RIT6, STM32U595RIT6Q, STM32U595RJT6, STM32U595RJT6Q, STM32U595VIT6, STM32U595VIT6Q, STM32U595VJT6, STM32U595VJT6Q, STM32U595ZIT6, STM32U595ZIT6Q, STM32U595ZIY6QTR, STM32U595ZJT6, STM32U595ZJT6Q, STM32U595ZJY6QTR, STM32U599BJY6QTR, STM32U599NIH6Q, STM32U599NJH6Q, STM32U599VIT6Q, STM32U599VJT6, STM32U599VJT6Q, STM32U599ZIT6Q, STM32U599ZIY6QTR, STM32U599ZJT6Q, STM32U599ZJY6QTR, STM32U5A5AJH6, STM32U5A5AJH6Q, STM32U5A5QII3Q , STM32U5A5QJI6, STM32U5A5QJI6Q, STM32U5A5RJT6, STM32U5A5RJT6Q, STM32U5A5VJT6, STM32U5A5VJT6Q, STM32U5A5ZJT6, STM32U5A5ZJT6Q, STM32U5A5ZJY6QTR, STM32U5A9BJY6QTR, STM32U5A9J-DK, STM32U5A9NJH6Q, STM32U5A9VJT6Q, STM32U5A9ZJT6Q, STM32U5A9ZJY6QTR, STM32U5F7VIT6, STM32U5F7VIT6Q, STM32U5F7VJT6, STM32U5F7VJT6Q, STM32U5F9BJY6QTR, STM32U5F9NJH6Q, STM32U5F9VIT6Q, STM32U5F9VJT6Q, STM32U5F9ZIJ6QTR, STM32U5F9ZIT6Q, STM32U5F9ZJJ6QTR, STM32U5F9ZJT6Q, STM32U5G7VJT6, STM32U5G7VJT6Q, STM32U5G9BJY6QTR, STM32U5G9J-DK1, STM32U5G9J-DK2, STM32U5G9NJH6Q, STM32U5G9VJT6Q, STM32U5G9ZJJ6QTR, STM32U5G9ZJT6Q, STM32WB05KZV6TR, STM32WB05KZV7TR, STM32WB05TZF6TR, STM32WB05TZF7TR, STM32WB06CCF6TR, STM32WB06CCF7TR, STM32WB06CCV6TR, STM32WB06CCV7TR, STM32WB06KCV6TR, STM32WB06KCV7TR, STM32WB07CCF6TR, STM32WB07CCF7TR, STM32WB07CCV6TR, STM32WB07CCV7TR, STM32WB07KCV6TR, STM32WB07KCV7TR, STM32WB09KEV6TR, STM32WB09KEV7TR, STM32WB09TEF6TR, STM32WB09TEF7TR, STM32WB1MMCH6, STM32WBA50KGU6, STM32WBA50KGU6TR, STM32WBA52CEU6, STM32WBA52CEU6TR, STM32WBA52CEU7, STM32WBA52CEU7TR, STM32WBA52CGU6, STM32WBA52CGU6TR, STM32WBA52CGU6U, STM32WBA52CGU7, STM32WBA52CGU7TR, STM32WBA52KEU6, STM32WBA52KEU6TR, STM32WBA52KGU6, STM32WBA52KGU6TR, STM32WBA54CEU6, STM32WBA54CEU6TR, STM32WBA54CEU7, STM32WBA54CEU7TR, STM32WBA54CGU6, STM32WBA54CGU6TR, STM32WBA54CGU7, STM32WBA54CGU7TR, STM32WBA54KEU6, STM32WBA54KEU6TR, STM32WBA54KEU7, STM32WBA54KEU7TR, STM32WBA54KGU6, STM32WBA54KGU6TR, STM32WBA54KGU7, STM32WBA54KGU7TR, STM32WBA55CEU6, STM32WBA55CEU6TR, STM32WBA55CEU7, STM32WBA55CEU7TR, STM32WBA55CGU6, STM32WBA55CGU6TR, STM32WBA55CGU6U, STM32WBA55CGU7, STM32WBA55CGU7TR, STM32WBA55G-DK1, STM32WBA55HEF6, STM32WBA55HEF7, STM32WBA55HGF6, STM32WBA55HGF7, STM32WBA55UEI6, STM32WBA55UEI6TR, STM32WBA55UEI7, STM32WBA55UEI7TR, STM32WBA55UGI6, STM32WBA55UGI6TR, STM32WBA55UGI7, STM32WBA55UGI7TR, STM32WBA5MJGH6TR, STM32WBA62CGU6, STM32WBA62CIU6, STM32WBA62MGF6, STM32WBA62MIF6, STM32WBA62PGI6, STM32WBA62PII6, STM32WBA63CGU6, STM32WBA63CGU7, STM32WBA63CIU6, STM32WBA63CIU7, STM32WBA64CGU6, STM32WBA64CGU7, STM32WBA64CIU6, STM32WBA64CIU7, STM32WBA65CGU6, STM32WBA65CGU7, STM32WBA65CIU6, STM32WBA65CIU7, STM32WBA65I-DK1, STM32WBA65MGF6, STM32WBA65MGF7, STM32WBA65MIF6, STM32WBA65MIF7, STM32WBA65PGI6, STM32WBA65PGI7, STM32WBA65PII6, STM32WBA65PII7, STM32WBA65RGV6, STM32WBA65RGV7, STM32WBA65RIV6, STM32WBA65RIV7, STM32WL30K8V6, STM32WL30KBV6, STM32WL31C8V6, STM32WL31CBV6, STM32WL31K8V6, STM32WL31KBV6, STM32WL33C8V6, STM32WL33C8V6TR, STM32WL33C8V7, STM32WL33C8V7TR, STM32WL33CBV6, STM32WL33CBV6TR, STM32WL33CBV7, STM32WL33CBV7TR, STM32WL33CCV6, STM32WL33CCV6TR, STM32WL33CCV7, STM32WL33CCV7A, STM32WL33CCV7ATR, STM32WL33CCV7TR, STM32WL33K8V6, STM32WL33K8V6TR, STM32WL33K8V7, STM32WL33K8V7TR, STM32WL33KBV6, STM32WL33KBV6TR, STM32WL33KBV7, STM32WL33KBV7TR, STM32WL33KCV6, STM32WL33KCV6TR, STM32WL33KCV7, STM32WL33KCV7TR, STM32WL5MOCH6, STM32WL5MOCH6TR]
2025-07-08 17:41:38,436 [INFO] BoardInfo:889 - No configuration file found for board P-NUCLEO-WB55
2025-07-08 17:41:38,436 [INFO] DbBoards:161 - Kit is not supported: P-NUCLEO-WB55
2025-07-08 17:41:38,439 [INFO] BoardInfo:889 - No configuration file found for board STEVAL-BFA001V1B
2025-07-08 17:41:38,440 [INFO] DbBoards:161 - Kit is not supported: STEVAL-BFA001V1B
2025-07-08 17:41:38,440 [INFO] BoardInfo:889 - No configuration file found for board STEVAL-BFA001V2B
2025-07-08 17:41:38,440 [INFO] DbBoards:161 - Kit is not supported: STEVAL-BFA001V2B
2025-07-08 17:41:38,515 [INFO] DbBoards:168 - Found 211 boards, 208 are supported
2025-07-08 17:41:38,515 [INFO] DbBoards:169 - Found 211 boards, 43 of them is supported for  Bsp
2025-07-08 17:41:38,518 [INFO] ApiDb:668 - CubeFinder database Data Model version=2.1
2025-07-08 17:41:38,518 [INFO] ApiDb:669 - CubeFinder database Configuration version=3.0.39
2025-07-08 17:41:38,518 [INFO] ApiDb:670 - CubeFinder database generation date=2025-03-24 (1742811287)
2025-07-08 17:41:38,518 [INFO] ApiDb:671 - CubeFinder database FW Pack versions=[FP-ATR-ASTRA1_V2.0.0, FP-SNS-FLIGHT1_V5.0.2, FP-SNS-MOTENV1_V5.0.0, FP-SNS-MOTENVWB1_V1.4.0, FP-SNS-SMARTAG2_V1.2.0, FP-SNS-STBOX1_V2.0.0, STM32Cube_FW_C0_V1.4.0, STM32Cube_FW_F4_V1.28.1, STM32Cube_FW_F7_V1.17.2, STM32Cube_FW_G0_V1.6.2, STM32Cube_FW_G4_V1.6.1, STM32Cube_FW_H5_V1.5.0, STM32Cube_FW_H7RS_V1.2.0, STM32Cube_FW_H7_V1.12.1, STM32Cube_FW_L0_V1.12.2, STM32Cube_FW_L4_V1.18.1, STM32Cube_FW_L5_V1.5.1, STM32Cube_FW_N6_V1.1.0, STM32Cube_FW_U0_V1.2.0, STM32Cube_FW_U3_V1.1.0, STM32Cube_FW_U5_V1.7.0, STM32Cube_FW_WB0_V1.2.0, STM32Cube_FW_WBA_V1.6.0, STM32Cube_FW_WB_V1.22.0, STM32Cube_FW_WL3_V1.1.0, STM32Cube_FW_WL_V1.3.1, X-CUBE-ALGOBUILD_V1.4.0, X-CUBE-ALS_V1.0.2, X-CUBE-AZRTOS-F4_V1.1.0, X-CUBE-AZRTOS-F7_V1.1.0, X-CUBE-AZRTOS-G0_V1.1.0, X-CUBE-AZRTOS-G4_V2.0.0, X-CUBE-AZRTOS-H7RS_V1.0.0, X-CUBE-AZRTOS-H7_V3.3.0, X-CUBE-AZRTOS-L4_V2.0.0, X-CUBE-AZRTOS-L5_V2.0.0, X-CUBE-AZRTOS-WB_V2.0.0, X-CUBE-AZRTOS-WL_V2.0.0, X-CUBE-BLE1_V7.1.0, X-CUBE-BLE2_V3.3.0, X-CUBE-BLEMGR_V4.0.0, X-CUBE-EEPRMA1_V5.1.0, X-CUBE-FREERTOS_V1.3.0, X-CUBE-GNSS1_V6.0.0, X-CUBE-MEMS1_V11.1.0, X-CUBE-NFC4_V3.0.0, X-CUBE-NFC7_V1.0.1, X-CUBE-SFXS2LP1_V4.0.0, X-CUBE-SUBG2_V5.0.0, X-CUBE-TOF1_V3.4.2]
2025-07-08 17:41:40,175 [INFO] ApiDb:240 - Found 895 in-development CPN: [B-G473E-ZEST1S, B-WB1M-WPAN1, B-WBA5M-WPAN, B-WL5M-SUBG1, NUCLEO-C031C6, NUCLEO-C051C8, NUCLEO-C071RB, NUCLEO-C092RC, NUCLEO-H503RB, NUCLEO-H533RE, NUCLEO-H563ZI, NUCLEO-H7S3L8, NUCLEO-N657X0-Q, NUCLEO-U031R8, NUCLEO-U083RC, NUCLEO-U385RG-Q, NUCLEO-U545RE-Q, NUCLEO-U5A5ZJ-Q, NUCLEO-WB05KZ, NUCLEO-WB07CC, NUCLEO-WB09KE, NUCLEO-WBA52CG, NUCLEO-WBA55CG, NUCLEO-WBA65RI, NUCLEO-WL33CC1, NUCLEO-WL33CC2, STEVAL-PROTEUS1, STEVAL-SMARTAG2, STEVAL-STWINBX1, STM320518-EVAL, STM32C0116-DK, STM32C011D6Y3TR, STM32C011D6Y6TR, STM32C011F4P3, STM32C011F4P6, STM32C011F4U3, STM32C011F4U6TR, STM32C011F6P3, STM32C011F6P6, STM32C011F6U3, STM32C011F6U6TR, STM32C011J4M3, STM32C011J4M6, STM32C011J6M3, STM32C011J6M6, STM32C0316-DK, STM32C031C4T3, STM32C031C4T6, STM32C031C4U3, STM32C031C4U6, STM32C031C6T3, STM32C031C6T6, STM32C031C6U3, STM32C031C6U6, STM32C031F4P3, STM32C031F4P6, STM32C031F6P3, STM32C031F6P6, STM32C031G4U3, STM32C031G4U6, STM32C031G6U3, STM32C031G6U6, STM32C031K4T3, STM32C031K4T6, STM32C031K4U3, STM32C031K4U6, STM32C031K6T3, STM32C031K6T6, STM32C031K6U3, STM32C031K6U6, STM32C051C6T6, STM32C051C6U6, STM32C051C8T6, STM32C051C8U6, STM32C051D8Y6TR, STM32C051F6P6, STM32C051F8P6, STM32C051G6U6, STM32C051G8U6, STM32C051K6T6, STM32C051K6U6, STM32C051K8T6, STM32C071C8T6, STM32C071C8T6N, STM32C071C8U6, STM32C071C8U6N, STM32C071CBT6, STM32C071CBT6N, STM32C071CBU6, STM32C071CBU6N, STM32C071F8P6, STM32C071F8P6N, STM32C071FBP6, STM32C071FBP6N, STM32C071FBY6TR, STM32C071G8U6, STM32C071G8U6N, STM32C071GBU6, STM32C071GBU6N, STM32C071K8T6, STM32C071K8T6N, STM32C071K8U6, STM32C071K8U6N, STM32C071KBT6, STM32C071KBT6N, STM32C071KBU6, STM32C071KBU6N, STM32C071R8T6, STM32C071R8T6N, STM32C071RBI6N, STM32C071RBT6, STM32C071RBT6N, STM32C091CBT6, STM32C091CBU6, STM32C091CCT6, STM32C091CCU6, STM32C091ECY6TR, STM32C091FBP6, STM32C091FCP6, STM32C091GBU6, STM32C091GCU6, STM32C091KBT6, STM32C091KBU6, STM32C091KCT6, STM32C091KCU6, STM32C091RBT6, STM32C091RCI6, STM32C091RCT6, STM32C092CBT6, STM32C092CBU6, STM32C092CCT6, STM32C092CCU6, STM32C092ECY6TR, STM32C092FBP6, STM32C092FCP6, STM32C092GBU6, STM32C092GCU6, STM32C092KBT6, STM32C092KBU6, STM32C092KCT6, STM32C092KCU6, STM32C092RBT6, STM32C092RCI6, STM32C092RCT6, STM32G071K8TXN, STM32G071K8UXN, STM32G081GBU6N, STM32G081KBT6N, STM32G081KBUXN, STM32G0B1CCT6N, STM32G0B1KCT6, STM32G0B1NEY6TR, STM32G0B1RCT6N, STM32G0C1CCT6, STM32G0C1CCT6N, STM32G0C1CCU6N, STM32G0C1CET6N, STM32G0C1CEU6N, STM32G0C1KCT6, STM32G0C1NEY6TR, STM32G0C1RCI6N, STM32G0C1RCT6N, STM32G0C1REI6N, STM32G0C1RET6N, STM32G0C1VCI6, STM32G0C1VEI6, STM32G411C6T3, STM32G411C6T6, STM32G411C6U3, STM32G411C6U6, STM32G411C8T3, STM32G411C8T6, STM32G411C8U3, STM32G411C8U6, STM32G411CBT3, STM32G411CBT6, STM32G411CBU3, STM32G411CBU6, STM32G411CCT3, STM32G411CCT6, STM32G411CCU3, STM32G411CCU6, STM32G411K6T3, STM32G411K6T6, STM32G411K6U3, STM32G411K6U6, STM32G411K8T3, STM32G411K8T6, STM32G411K8U3, STM32G411K8U6, STM32G411KBT3, STM32G411KBT6, STM32G411KBU3, STM32G411KBU6, STM32G411M6T3, STM32G411M6T6, STM32G411M8T3, STM32G411M8T6, STM32G411MBT3, STM32G411MBT6, STM32G411MCT3, STM32G411MCT6, STM32G411R6T3, STM32G411R6T6, STM32G411R8T3, STM32G411R8T6, STM32G411RBT3, STM32G411RBT6, STM32G411RCT3, STM32G411RCT6, STM32G414CBT3, STM32G414CBT6, STM32G414CBU3, STM32G414CBU6, STM32G414CCT3, STM32G414CCT6, STM32G414CCU3, STM32G414CCU6, STM32G414MBT3, STM32G414MBT6, STM32G414MCT3, STM32G414MCT6, STM32G414RBT3, STM32G414RBT6, STM32G414RCT3, STM32G414RCT6, STM32G414VBT3, STM32G414VBT6, STM32G414VCT3, STM32G414VCT6, STM32G431CBT3Z, STM32G431RBT3Z, STM32G471CCT6, STM32G471CCU6, STM32G471CET3, STM32G471CET6, STM32G471CEU3, STM32G471CEU6, STM32G471MCT6, STM32G471MET3, STM32G471MET6, STM32G471MEY6TR, STM32G471QCT6, STM32G471QET3, STM32G471RCT6, STM32G471RET3, STM32G471RET6, STM32G471VCH6, STM32G471VCI6, STM32G471VCT6, STM32G471VEH3, STM32G471VEH6, STM32G471VEI3, STM32G471VEI6, STM32G471VET3, STM32G471VET6, STM32G473QET3Z, STM32G473RET3Z, STM32G474CCT6, STM32G491RET3Z, STM32H503CBT6, STM32H503CBU6, STM32H503EBY6TR, STM32H503KBU6, STM32H503RBT6, STM32H523CCT6, STM32H523CCU6, STM32H523CET6, STM32H523CEU6, STM32H523HEY6TR, STM32H523RCT6, STM32H523RET6, STM32H523VCI6, STM32H523VCT6, STM32H523VEI6, STM32H523VET6, STM32H523ZCJ6, STM32H523ZCT6, STM32H523ZEJ6, STM32H523ZET6, STM32H533CET6, STM32H533CEU6, STM32H533HEY6TR, STM32H533RET6, STM32H533VEI6, STM32H533VET6, STM32H533ZEJ6, STM32H533ZET6, STM32H562AGI6, STM32H562AII6, STM32H562IGK6, STM32H562IGT6, STM32H562IIK6, STM32H562IIT6, STM32H562RGT6, STM32H562RGV6, STM32H562RIT6, STM32H562RIV6, STM32H562VGT6, STM32H562VIT6, STM32H562ZGT6, STM32H562ZIT6, STM32H563AGI6, STM32H563AII3Q, STM32H563AII6, STM32H563IGK6, STM32H563IGT6, STM32H563IIK3Q, STM32H563IIK6, STM32H563IIT3Q, STM32H563IIT6, STM32H563MIY3QTR, STM32H563RGT6, STM32H563RGV6, STM32H563RIT6, STM32H563RIV6, STM32H563VGT6, STM32H563VIT3Q, STM32H563VIT6, STM32H563ZGT6, STM32H563ZIT3Q, STM32H563ZIT6, STM32H573AII3Q, STM32H573AII6, STM32H573I-DK, STM32H573IIK3Q, STM32H573IIK6, STM32H573IIT3Q, STM32H573IIT6, STM32H573MIY3QTR, STM32H573RIT6, STM32H573RIV6, STM32H573VIT3Q, STM32H573VIT6, STM32H573ZIT3Q, STM32H573ZIT6, STM32H7R3A8I6, STM32H7R3I8K6, STM32H7R3I8T6, STM32H7R3L8H6, STM32H7R3L8H6H, STM32H7R3R8V6, STM32H7R3V8H6, STM32H7R3V8T6, STM32H7R3V8Y6TR, STM32H7R3Z8J6, STM32H7R3Z8T6, STM32H7R7A8I6, STM32H7R7I8K6, STM32H7R7I8T6, STM32H7R7L8H6, STM32H7R7L8H6H, STM32H7R7Z8J6, STM32H7S3A8I6, STM32H7S3I8K6, STM32H7S3I8T6, STM32H7S3L8H6, STM32H7S3L8H6H, STM32H7S3R8V6, STM32H7S3V8H6, STM32H7S3V8T6, STM32H7S3V8Y6TR, STM32H7S3Z8J6, STM32H7S3Z8T6, STM32H7S78-DK, STM32H7S7A8I6, STM32H7S7I8K6, STM32H7S7I8T6, STM32H7S7L8H6, STM32H7S7L8H6H, STM32H7S7Z8J6, STM32L4R5QGI6STR, STM32MP131AAE3, STM32MP131AAF3, STM32MP131AAG3, STM32MP131CAE3, STM32MP131CAF3, STM32MP131CAG3, STM32MP131DAE7, STM32MP131DAF7, STM32MP131DAG7, STM32MP131FAE7, STM32MP131FAF7, STM32MP131FAG7, STM32MP133AAE3, STM32MP133AAF3, STM32MP133AAG3, STM32MP133CAE3, STM32MP133CAF3, STM32MP133CAG3, STM32MP133DAE7, STM32MP133DAF7, STM32MP133DAG7, STM32MP133FAE7, STM32MP133FAF7, STM32MP133FAG7, STM32MP135AAE3, STM32MP135AAF3, STM32MP135AAG3, STM32MP135CAE3, STM32MP135CAF3, STM32MP135CAG3, STM32MP135DAE7, STM32MP135DAF7, STM32MP135DAG7, STM32MP135F-DK, STM32MP135FAE7, STM32MP135FAF7, STM32MP135FAF7T, STM32MP135FAF7U, STM32MP135FAG7, STM32MP231AAJ3, STM32MP231AAK3, STM32MP231AAL3, STM32MP231CAJ3, STM32MP231CAK3, STM32MP231CAL3, STM32MP231DAJ3, STM32MP231DAK3, STM32MP231DAL3, STM32MP231FAJ3, STM32MP231FAK3, STM32MP231FAL3, STM32MP233AAJ3, STM32MP233AAK3, STM32MP233AAL3, STM32MP233CAJ3, STM32MP233CAK3, STM32MP233CAL3, STM32MP233DAJ3, STM32MP233DAK3, STM32MP233DAL3, STM32MP233FAJ3, STM32MP233FAK3, STM32MP233FAL3, STM32MP235AAJ3, STM32MP235AAK3, STM32MP235AAL3, STM32MP235CAJ3, STM32MP235CAK3, STM32MP235CAL3, STM32MP235DAJ3, STM32MP235DAK3, STM32MP235DAL3, STM32MP235FAJ3, STM32MP235FAK3, STM32MP235FAL3, STM32MP251AAI3, STM32MP251AAJ3, STM32MP251AAK3, STM32MP251AAL3, STM32MP251CAI3, STM32MP251CAJ3, STM32MP251CAK3, STM32MP251CAL3, STM32MP251DAI3, STM32MP251DAJ3, STM32MP251DAK3, STM32MP251DAL3, STM32MP251FAI3, STM32MP251FAJ3, STM32MP251FAK3, STM32MP251FAL3, STM32MP253AAI3, STM32MP253AAJ3, STM32MP253AAK3, STM32MP253AAL3, STM32MP253CAI3, STM32MP253CAJ3, STM32MP253CAK3, STM32MP253CAL3, STM32MP253DAI3, STM32MP253DAJ3, STM32MP253DAK3, STM32MP253DAL3, STM32MP253FAI3, STM32MP253FAJ3, STM32MP253FAK3, STM32MP253FAL3, STM32MP255AAI3, STM32MP255AAJ3, STM32MP255AAK3, STM32MP255AAL3, STM32MP255CAI3, STM32MP255CAJ3, STM32MP255CAK3, STM32MP255CAL3, STM32MP255DAI3, STM32MP255DAJ3, STM32MP255DAK3, STM32MP255DAL3, STM32MP255FAI3, STM32MP255FAJ3, STM32MP255FAK3, STM32MP255FAL3, STM32MP257AAI3, STM32MP257AAJ3, STM32MP257AAK3, STM32MP257AAL3, STM32MP257CAI3, STM32MP257CAJ3, STM32MP257CAK3, STM32MP257CAL3, STM32MP257DAI3, STM32MP257DAJ3, STM32MP257DAK3, STM32MP257DAL3, STM32MP257F-DK, STM32MP257F-EV1, STM32MP257FAI3, STM32MP257FAJ3, STM32MP257FAK3, STM32MP257FAL3, STM32N645A0H3Q, STM32N645B0H3Q, STM32N645I0H3Q, STM32N645L0H3Q, STM32N645X0H3Q, STM32N645Z0H3Q, STM32N647A0H3Q, STM32N647B0H3Q, STM32N647I0H3Q, STM32N647L0H3Q, STM32N647X0H3Q, STM32N647Z0H3Q, STM32N655A0H3Q, STM32N655B0H3Q, STM32N655I0H3Q, STM32N655L0H3Q, STM32N655X0H3Q, STM32N655Z0H3Q, STM32N6570-DK, STM32N657A0H3Q, STM32N657B0H3Q, STM32N657I0H3Q, STM32N657L0H3Q, STM32N657X0H3Q, STM32N657Z0H3Q, STM32U031C6T6, STM32U031C6U6, STM32U031C8T6, STM32U031C8U6, STM32U031F4P6, STM32U031F6P6, STM32U031F8P6, STM32U031G6Y6TR, STM32U031G8Y6TR, STM32U031K4U6, STM32U031K6U6, STM32U031K8U6, STM32U031R6I6, STM32U031R6T6, STM32U031R8I6, STM32U031R8T6, STM32U073C8T6, STM32U073C8U6, STM32U073CBT6, STM32U073CBU6, STM32U073CCT6, STM32U073CCU6, STM32U073H8Y6TR, STM32U073HBY6TR, STM32U073HCY6TR, STM32U073K8U6, STM32U073KBU6, STM32U073KCU6, STM32U073M8I6, STM32U073M8T6, STM32U073MBI6, STM32U073MBT6, STM32U073MCI6, STM32U073MCT6, STM32U073R8I6, STM32U073R8T6, STM32U073RBI6, STM32U073RBT6, STM32U073RCI6, STM32U073RCT6, STM32U083C-DK, STM32U083CCT6, STM32U083CCU6, STM32U083HCY6TR, STM32U083KCU6, STM32U083MCI6, STM32U083MCT6, STM32U083RCI6, STM32U083RCT6, STM32U375CET6, STM32U375CET6Q, STM32U375CEU6, STM32U375CEU6Q, STM32U375CEY6QTR, STM32U375CGT6, STM32U375CGT6Q, STM32U375CGU6, STM32U375CGU6Q, STM32U375CGY6QTR, STM32U375KEU6, STM32U375KGU6, STM32U375REI6, STM32U375REI6Q, STM32U375RET6, STM32U375RET6Q, STM32U375REY6GTR, STM32U375REY6QTR, STM32U375RGI6, STM32U375RGI6Q, STM32U375RGT6, STM32U375RGT6Q, STM32U375RGY6GTR, STM32U375RGY6QTR, STM32U375VEI6, STM32U375VEI6Q, STM32U375VET6, STM32U375VET6Q, STM32U375VGI6, STM32U375VGI6Q, STM32U375VGT6, STM32U375VGT6Q, STM32U385CGT6, STM32U385CGT6Q, STM32U385CGU6, STM32U385CGU6Q, STM32U385CGY6QTR, STM32U385KGU6, STM32U385RGI6, STM32U385RGI6Q, STM32U385RGT6, STM32U385RGT6Q, STM32U385RGY6GTR, STM32U385RGY6QTR, STM32U385VGI6, STM32U385VGI6Q, STM32U385VGT6, STM32U385VGT6Q, STM32U535CBT6, STM32U535CBT6Q, STM32U535CBU6, STM32U535CBU6Q, STM32U535CCT6, STM32U535CCT6Q, STM32U535CCU6, STM32U535CCU6Q, STM32U535CET6, STM32U535CET6Q, STM32U535CEU6, STM32U535CEU6Q, STM32U535JEY6QTR, STM32U535NCY6QTR, STM32U535NEY6QTR, STM32U535RBI6, STM32U535RBI6Q, STM32U535RBT6, STM32U535RBT6Q, STM32U535RCI6, STM32U535RCI6Q, STM32U535RCT6, STM32U535RCT6Q, STM32U535REI6, STM32U535REI6Q, STM32U535RET6, STM32U535RET6Q, STM32U535VCI6, STM32U535VCI6Q, STM32U535VCT6, STM32U535VCT6Q, STM32U535VEI6, STM32U535VEI6Q, STM32U535VET6, STM32U535VET6Q, STM32U545CET6, STM32U545CET6Q, STM32U545CEU6, STM32U545CEU6Q, STM32U545JEY6QTR, STM32U545NEY6QTR, STM32U545REI6, STM32U545REI6Q, STM32U545RET6, STM32U545RET6Q, STM32U545VEI6, STM32U545VEI6Q, STM32U545VET6, STM32U545VET6Q, STM32U595AIH6, STM32U595AIH6Q, STM32U595AJH6, STM32U595AJH6Q, STM32U595QII6, STM32U595QII6Q, STM32U595QJI6, STM32U595QJI6Q, STM32U595RIT6, STM32U595RIT6Q, STM32U595RJT6, STM32U595RJT6Q, STM32U595VIT6, STM32U595VIT6Q, STM32U595VJT6, STM32U595VJT6Q, STM32U595ZIT6, STM32U595ZIT6Q, STM32U595ZIY6QTR, STM32U595ZJT6, STM32U595ZJT6Q, STM32U595ZJY6QTR, STM32U599BJY6QTR, STM32U599NIH6Q, STM32U599NJH6Q, STM32U599VIT6Q, STM32U599VJT6, STM32U599VJT6Q, STM32U599ZIT6Q, STM32U599ZIY6QTR, STM32U599ZJT6Q, STM32U599ZJY6QTR, STM32U5A5AJH6, STM32U5A5AJH6Q, STM32U5A5QII3Q , STM32U5A5QJI6, STM32U5A5QJI6Q, STM32U5A5RJT6, STM32U5A5RJT6Q, STM32U5A5VJT6, STM32U5A5VJT6Q, STM32U5A5ZJT6, STM32U5A5ZJT6Q, STM32U5A5ZJY6QTR, STM32U5A9BJY6QTR, STM32U5A9J-DK, STM32U5A9NJH6Q, STM32U5A9VJT6Q, STM32U5A9ZJT6Q, STM32U5A9ZJY6QTR, STM32U5F7VIT6, STM32U5F7VIT6Q, STM32U5F7VJT6, STM32U5F7VJT6Q, STM32U5F9BJY6QTR, STM32U5F9NJH6Q, STM32U5F9VIT6Q, STM32U5F9VJT6Q, STM32U5F9ZIJ6QTR, STM32U5F9ZIT6Q, STM32U5F9ZJJ6QTR, STM32U5F9ZJT6Q, STM32U5G7VJT6, STM32U5G7VJT6Q, STM32U5G9BJY6QTR, STM32U5G9J-DK1, STM32U5G9J-DK2, STM32U5G9NJH6Q, STM32U5G9VJT6Q, STM32U5G9ZJJ6QTR, STM32U5G9ZJT6Q, STM32WB05KZV6TR, STM32WB05KZV7TR, STM32WB05TZF6TR, STM32WB05TZF7TR, STM32WB06CCF6TR, STM32WB06CCF7TR, STM32WB06CCV6TR, STM32WB06CCV7TR, STM32WB06KCV6TR, STM32WB06KCV7TR, STM32WB07CCF6TR, STM32WB07CCF7TR, STM32WB07CCV6TR, STM32WB07CCV7TR, STM32WB07KCV6TR, STM32WB07KCV7TR, STM32WB09KEV6TR, STM32WB09KEV7TR, STM32WB09TEF6TR, STM32WB09TEF7TR, STM32WB1MMCH6, STM32WBA50KGU6, STM32WBA50KGU6TR, STM32WBA52CEU6, STM32WBA52CEU6TR, STM32WBA52CEU7, STM32WBA52CEU7TR, STM32WBA52CGU6, STM32WBA52CGU6TR, STM32WBA52CGU6U, STM32WBA52CGU7, STM32WBA52CGU7TR, STM32WBA52KEU6, STM32WBA52KEU6TR, STM32WBA52KGU6, STM32WBA52KGU6TR, STM32WBA54CEU6, STM32WBA54CEU6TR, STM32WBA54CEU7, STM32WBA54CEU7TR, STM32WBA54CGU6, STM32WBA54CGU6TR, STM32WBA54CGU7, STM32WBA54CGU7TR, STM32WBA54KEU6, STM32WBA54KEU6TR, STM32WBA54KEU7, STM32WBA54KEU7TR, STM32WBA54KGU6, STM32WBA54KGU6TR, STM32WBA54KGU7, STM32WBA54KGU7TR, STM32WBA55CEU6, STM32WBA55CEU6TR, STM32WBA55CEU7, STM32WBA55CEU7TR, STM32WBA55CGU6, STM32WBA55CGU6TR, STM32WBA55CGU6U, STM32WBA55CGU7, STM32WBA55CGU7TR, STM32WBA55G-DK1, STM32WBA55HEF6, STM32WBA55HEF7, STM32WBA55HGF6, STM32WBA55HGF7, STM32WBA55UEI6, STM32WBA55UEI6TR, STM32WBA55UEI7, STM32WBA55UEI7TR, STM32WBA55UGI6, STM32WBA55UGI6TR, STM32WBA55UGI7, STM32WBA55UGI7TR, STM32WBA5MJGH6TR, STM32WBA62CGU6, STM32WBA62CIU6, STM32WBA62MGF6, STM32WBA62MIF6, STM32WBA62PGI6, STM32WBA62PII6, STM32WBA63CGU6, STM32WBA63CGU7, STM32WBA63CIU6, STM32WBA63CIU7, STM32WBA64CGU6, STM32WBA64CGU7, STM32WBA64CIU6, STM32WBA64CIU7, STM32WBA65CGU6, STM32WBA65CGU7, STM32WBA65CIU6, STM32WBA65CIU7, STM32WBA65I-DK1, STM32WBA65MGF6, STM32WBA65MGF7, STM32WBA65MIF6, STM32WBA65MIF7, STM32WBA65PGI6, STM32WBA65PGI7, STM32WBA65PII6, STM32WBA65PII7, STM32WBA65RGV6, STM32WBA65RGV7, STM32WBA65RIV6, STM32WBA65RIV7, STM32WL30K8V6, STM32WL30KBV6, STM32WL31C8V6, STM32WL31CBV6, STM32WL31K8V6, STM32WL31KBV6, STM32WL33C8V6, STM32WL33C8V6TR, STM32WL33C8V7, STM32WL33C8V7TR, STM32WL33CBV6, STM32WL33CBV6TR, STM32WL33CBV7, STM32WL33CBV7TR, STM32WL33CCV6, STM32WL33CCV6TR, STM32WL33CCV7, STM32WL33CCV7A, STM32WL33CCV7ATR, STM32WL33CCV7TR, STM32WL33K8V6, STM32WL33K8V6TR, STM32WL33K8V7, STM32WL33K8V7TR, STM32WL33KBV6, STM32WL33KBV6TR, STM32WL33KBV7, STM32WL33KBV7TR, STM32WL33KCV6, STM32WL33KCV6TR, STM32WL33KCV7, STM32WL33KCV7TR, STM32WL5MOCH6, STM32WL5MOCH6TR]
2025-07-08 17:41:40,178 [INFO] DbMcus:218 - Found 4686 MCUs, 4686 are supported
2025-07-08 17:41:40,178 [INFO] ApiDb:414 - User favorites file not found: /home/adrian/.stm32cubeide/favorites.mcus.txt
2025-07-08 17:41:40,178 [INFO] DbMcus:224 - Set 0 / 0 favorites MCUs
2025-07-08 17:41:40,564 [INFO] ApiDb:414 - User favorites file not found: /home/adrian/.stm32cubeide/favorites.boards.txt
2025-07-08 17:41:40,564 [INFO] DbBoards:198 - Set 0 / 0 favorites Boards
2025-07-08 17:41:40,607 [INFO] UtilMem:75 - End LoadConfig() Used Memory: 639393648 Bytes (1073741824)
2025-07-08 17:41:40,709 [WARN] ThirdParty:833 - waiting for thirdparty lock release [change project]
2025-07-08 17:41:40,709 [INFO] ThirdParty:835 - entering critical section [change project]
2025-07-08 17:41:40,709 [INFO] ThirdParty:1030 - CMSIS Pack Vendor :STMicroelectronics X-CUBE-PM33A1 1.0.0
2025-07-08 17:41:40,710 [INFO] ThirdParty:1030 - CMSIS Pack Vendor :STMicroelectronics USBPD 4.1
2025-07-08 17:41:40,710 [INFO] ThirdParty:1030 - CMSIS Pack Vendor :STMicroelectronics X-CUBE-AZRTOS-H7 3.3.0
2025-07-08 17:41:40,710 [INFO] ThirdParty:1030 - CMSIS Pack Vendor :STMicroelectronics X-CUBE-NFC9 1.0.0
2025-07-08 17:41:40,710 [INFO] ThirdParty:1030 - CMSIS Pack Vendor :wolfSSL I-CUBE-wolfSSL 5.8.0
2025-07-08 17:41:40,710 [INFO] ThirdParty:1030 - CMSIS Pack Vendor :STMicroelectronics USB_HOST 2.0.0
2025-07-08 17:41:40,710 [INFO] ThirdParty:1030 - CMSIS Pack Vendor :STMicroelectronics FP-SNS-MOTENVWB1 1.4.0
2025-07-08 17:41:40,710 [INFO] ThirdParty:1030 - CMSIS Pack Vendor :STMicroelectronics X-CUBE-AZRTOS-F4 1.1.0
2025-07-08 17:41:40,710 [INFO] ThirdParty:1030 - CMSIS Pack Vendor :STMicroelectronics LIBJPEG 8.0.0
2025-07-08 17:41:40,710 [INFO] ThirdParty:1030 - CMSIS Pack Vendor :STMicroelectronics FP-ATR-ASTRA1 2.0.2
2025-07-08 17:41:40,710 [INFO] ThirdParty:1030 - CMSIS Pack Vendor :STMicroelectronics X-CUBE-BLE1 7.1.0
2025-07-08 17:41:40,710 [INFO] ThirdParty:1030 - CMSIS Pack Vendor :Avnet-IotConnect X-CUBE-IoTC-DA16k-PMOD 1.0.0
2025-07-08 17:41:40,710 [INFO] ThirdParty:1030 - CMSIS Pack Vendor :STMicroelectronics X-CUBE-SMBUS 2.1.0
2025-07-08 17:41:40,710 [INFO] ThirdParty:1030 - CMSIS Pack Vendor :wolfSSL I-CUBE-wolfMQTT 1.19.2
2025-07-08 17:41:40,710 [INFO] ThirdParty:1030 - CMSIS Pack Vendor :STMicroelectronics USB_DEVICE 3.0.0
2025-07-08 17:41:40,710 [INFO] ThirdParty:1030 - CMSIS Pack Vendor :STMicroelectronics X-CUBE-ISPU 2.1.0
2025-07-08 17:41:40,710 [INFO] ThirdParty:1030 - CMSIS Pack Vendor :STMicroelectronics X-CUBE-AZRTOS-WB 2.0.0
2025-07-08 17:41:40,710 [INFO] ThirdParty:1030 - CMSIS Pack Vendor :STMicroelectronics X-CUBE-ST60 1.0.0
2025-07-08 17:41:40,711 [INFO] ThirdParty:1030 - CMSIS Pack Vendor :STMicroelectronics X-CUBE-GNSS1 7.0.1
2025-07-08 17:41:40,711 [INFO] ThirdParty:1030 - CMSIS Pack Vendor :STMicroelectronics X-CUBE-AZRTOS-F7 1.1.0
2025-07-08 17:41:40,711 [INFO] ThirdParty:1030 - CMSIS Pack Vendor :STMicroelectronics X-CUBE-AZRTOS-L5 2.0.0
2025-07-08 17:41:40,711 [INFO] ThirdParty:1030 - CMSIS Pack Vendor :STMicroelectronics X-CUBE-TOUCHGFX 4.25.0
2025-07-08 17:41:40,711 [INFO] ThirdParty:1030 - CMSIS Pack Vendor :STMicroelectronics USB_DEVICE 2.0.0
2025-07-08 17:41:40,711 [INFO] ThirdParty:1030 - CMSIS Pack Vendor :STMicroelectronics X-CUBE-NFC6 3.1.0
2025-07-08 17:41:40,711 [INFO] ThirdParty:1030 - CMSIS Pack Vendor :STMicroelectronics X-CUBE-AI 10.1.0
2025-07-08 17:41:40,711 [INFO] ThirdParty:1030 - CMSIS Pack Vendor :STMicroelectronics FP-SNS-STBOX1 2.0.0
2025-07-08 17:41:40,711 [INFO] ThirdParty:1030 - CMSIS Pack Vendor :STMicroelectronics FreeRTOS 0.0.1
2025-07-08 17:41:40,711 [INFO] ThirdParty:1030 - CMSIS Pack Vendor :STMicroelectronics X-CUBE-AZRTOS-G0 1.1.0
2025-07-08 17:41:40,711 [INFO] ThirdParty:1030 - CMSIS Pack Vendor :STMicroelectronics X-CUBE-SAFEA1 1.2.2
2025-07-08 17:41:40,711 [INFO] ThirdParty:1030 - CMSIS Pack Vendor :STMicroelectronics X-CUBE-NFC4 3.0.0
2025-07-08 17:41:40,711 [INFO] ThirdParty:1030 - CMSIS Pack Vendor :STMicroelectronics X-CUBE-SUBG2 5.0.0
2025-07-08 17:41:40,711 [INFO] ThirdParty:1030 - CMSIS Pack Vendor :STMicroelectronics X-CUBE-AZRTOS-H7RS 1.1.0
2025-07-08 17:41:40,711 [INFO] ThirdParty:1030 - CMSIS Pack Vendor :STMicroelectronics STM32_WPAN 1.0.0
2025-07-08 17:41:40,711 [INFO] ThirdParty:1030 - CMSIS Pack Vendor :EmbeddedOffice I-CUBE-FS-RTOS 1.0.1
2025-07-08 17:41:40,711 [INFO] ThirdParty:1030 - CMSIS Pack Vendor :STMicroelectronics lwIP 2.0.3
2025-07-08 17:41:40,711 [INFO] ThirdParty:1030 - CMSIS Pack Vendor :Cesanta I-CUBE-Mongoose 7.13.0
2025-07-08 17:41:40,711 [INFO] ThirdParty:1030 - CMSIS Pack Vendor :STMicroelectronics USB_HOST 1.0.0
2025-07-08 17:41:40,712 [INFO] ThirdParty:1030 - CMSIS Pack Vendor :Infineon AIROC-Wi-Fi-Bluetooth-STM32 1.7.0
2025-07-08 17:41:40,712 [INFO] ThirdParty:1030 - CMSIS Pack Vendor :STMicroelectronics X-CUBE-AZRTOS-G4 2.0.0
2025-07-08 17:41:40,712 [INFO] ThirdParty:1030 - CMSIS Pack Vendor :STMicroelectronics X-CUBE-WB05N 2.0.0
2025-07-08 17:41:40,712 [INFO] ThirdParty:1030 - CMSIS Pack Vendor :STMicroelectronics PDM2PCM 3.1.0
2025-07-08 17:41:40,712 [INFO] ThirdParty:1030 - CMSIS Pack Vendor :STMicroelectronics PDM2PCM 3.3.0
2025-07-08 17:41:40,712 [INFO] ThirdParty:1030 - CMSIS Pack Vendor :wolfSSL I-CUBE-wolfTPM 3.8.0
2025-07-08 17:41:40,712 [INFO] ThirdParty:1030 - CMSIS Pack Vendor :STMicroelectronics X-CUBE-AZRTOS-H7 3.4.0
2025-07-08 17:41:40,712 [INFO] ThirdParty:1030 - CMSIS Pack Vendor :STMicroelectronics X-CUBE-DISPLAY 3.0.0
2025-07-08 17:41:40,712 [INFO] ThirdParty:1030 - CMSIS Pack Vendor :wolfSSL I-CUBE-wolfSSH 1.4.20
2025-07-08 17:41:40,712 [INFO] ThirdParty:1030 - CMSIS Pack Vendor :STMicroelectronics X-CUBE-NFC7 2.0.0
2025-07-08 17:41:40,712 [INFO] ThirdParty:1030 - CMSIS Pack Vendor :STMicroelectronics X-CUBE-TCPP 4.2.0
2025-07-08 17:41:40,712 [INFO] ThirdParty:1030 - CMSIS Pack Vendor :RealThread X-CUBE-RT-Thread_Nano 4.1.1
2025-07-08 17:41:40,712 [INFO] ThirdParty:1030 - CMSIS Pack Vendor :STMicroelectronics FP-ATR-SIGFOX1 3.2.0
2025-07-08 17:41:40,712 [INFO] ThirdParty:1030 - CMSIS Pack Vendor :STMicroelectronics X-CUBE-NFC10 1.0.0
2025-07-08 17:41:40,712 [INFO] ThirdParty:1030 - CMSIS Pack Vendor :STMicroelectronics X-CUBE-BLEMGR 4.0.0
2025-07-08 17:41:40,712 [INFO] ThirdParty:1030 - CMSIS Pack Vendor :STMicroelectronics X-CUBE-EEPRMA1 5.1.0
2025-07-08 17:41:40,712 [INFO] ThirdParty:1030 - CMSIS Pack Vendor :STMicroelectronics X-CUBE-FREERTOS 1.3.1
2025-07-08 17:41:40,712 [INFO] ThirdParty:1030 - CMSIS Pack Vendor :STMicroelectronics HAL Drivers 0.0.0
2025-07-08 17:41:40,713 [INFO] ThirdParty:1030 - CMSIS Pack Vendor :STMicroelectronics MBEDTLS 2.16.2
2025-07-08 17:41:40,713 [INFO] ThirdParty:1030 - CMSIS Pack Vendor :STMicroelectronics X-CUBE-IPS 3.1.0
2025-07-08 17:41:40,713 [INFO] ThirdParty:1030 - CMSIS Pack Vendor :STMicroelectronics X-CUBE-ALS 1.0.2
2025-07-08 17:41:40,713 [INFO] ThirdParty:1030 - CMSIS Pack Vendor :emotas I-CUBE-CANOPEN 1.3.0
2025-07-08 17:41:40,713 [INFO] ThirdParty:1030 - CMSIS Pack Vendor :STMicroelectronics MBEDTLS 2.14.1
2025-07-08 17:41:40,713 [INFO] ThirdParty:1030 - CMSIS Pack Vendor :ITTIA_DB I-CUBE-ITTIADB 8.9.0
2025-07-08 17:41:40,713 [INFO] ThirdParty:1030 - CMSIS Pack Vendor :portGmbH I-Cube-SoM-uGOAL 1.1.0
2025-07-08 17:41:40,713 [INFO] ThirdParty:1030 - CMSIS Pack Vendor :quantropi X-CUBE-qispace-sdk-base 2.0.0
2025-07-08 17:41:40,713 [INFO] ThirdParty:1030 - CMSIS Pack Vendor :STMicroelectronics X-CUBE-ST67W61 1.0.0
2025-07-08 17:41:40,713 [INFO] ThirdParty:1030 - CMSIS Pack Vendor :STMicroelectronics FP-SNS-STAIOTCFT 1.0.0
2025-07-08 17:41:40,713 [INFO] ThirdParty:1030 - CMSIS Pack Vendor :STMicroelectronics ThreadX 1.0.0
2025-07-08 17:41:40,713 [INFO] ThirdParty:1030 - CMSIS Pack Vendor :STMicroelectronics FP-SNS-SMARTAG2 1.2.0
2025-07-08 17:41:40,713 [INFO] ThirdParty:1030 - CMSIS Pack Vendor :STMicroelectronics FP-SNS-FLIGHT1 5.1.0
2025-07-08 17:41:40,714 [INFO] ThirdParty:1030 - CMSIS Pack Vendor :STMicroelectronics X-CUBE-AZRTOS-WL 2.0.0
2025-07-08 17:41:40,714 [INFO] ThirdParty:1030 - CMSIS Pack Vendor :SEGGER I-CUBE-embOS 1.3.1
2025-07-08 17:41:40,714 [INFO] ThirdParty:1030 - CMSIS Pack Vendor :STMicroelectronics X-CUBE-ALGOBUILD 1.4.0
2025-07-08 17:41:40,714 [INFO] ThirdParty:1030 - CMSIS Pack Vendor :STMicroelectronics X-CUBE-DPower 1.3.0
2025-07-08 17:41:40,714 [INFO] ThirdParty:1030 - CMSIS Pack Vendor :STMicroelectronics X-CUBE-MEMS1 11.3.0
2025-07-08 17:41:40,714 [INFO] ThirdParty:1030 - CMSIS Pack Vendor :STMicroelectronics FP-SNS-MOTENV1 5.0.0
2025-07-08 17:41:40,714 [INFO] ThirdParty:1030 - CMSIS Pack Vendor :STMicroelectronics USB_DEVICE 1.0.0
2025-07-08 17:41:40,714 [INFO] ThirdParty:1030 - CMSIS Pack Vendor :STMicroelectronics X-CUBE-AZRTOS-L4 2.0.0
2025-07-08 17:41:40,714 [INFO] ThirdParty:1030 - CMSIS Pack Vendor :STMicroelectronics ThreadX 0.0.2
2025-07-08 17:41:40,714 [INFO] ThirdParty:1030 - CMSIS Pack Vendor :WES I-CUBE-Cesium 1.3.0
2025-07-08 17:41:40,714 [INFO] ThirdParty:1030 - CMSIS Pack Vendor :STMicroelectronics lwIP 2.1.2
2025-07-08 17:41:40,715 [INFO] ThirdParty:1030 - CMSIS Pack Vendor :STMicroelectronics X-CUBE-SFXS2LP1 4.0.0
2025-07-08 17:41:40,715 [INFO] ThirdParty:1030 - CMSIS Pack Vendor :STMicroelectronics X-CUBE-BLE2 3.3.0
2025-07-08 17:41:40,715 [INFO] ThirdParty:1030 - CMSIS Pack Vendor :STMicroelectronics X-CUBE-TOF1 3.4.3
2025-07-08 17:41:40,715 [INFO] ThirdParty:1030 - CMSIS Pack Vendor :STMicroelectronics PDM2PCM 3.2.0
2025-07-08 17:41:40,715 [INFO] ThirdParty:841 - exiting critical section [change project]
2025-07-08 17:41:40,986 [INFO] PinOutPanel:1589 - setPackage(No Configuration,No Configuration)
2025-07-08 17:41:40,987 [INFO] PinOutPanel:1589 - setPackage(STM32F411CEUx,UFQFPN48)
2025-07-08 17:41:41,316 [INFO] UtilMem:75 - Before build in PCC Used Memory: 874665024 Bytes (1073741824)
2025-07-08 17:41:41,716 [INFO] UtilMem:75 - After build in PCC Used Memory: 605554688 Bytes (1073741824)
2025-07-08 17:41:41,743 [INFO] IPUIPlugin:80 - create IPUIPlugin
2025-07-08 17:41:41,743 [INFO] IPUIPlugin:80 - create IPUIPlugin
2025-07-08 17:41:41,743 [INFO] IPUIPlugin:80 - create IPUIPlugin
2025-07-08 17:41:41,743 [INFO] IPUIPlugin:80 - create IPUIPlugin
2025-07-08 17:41:41,743 [INFO] IPUIPlugin:80 - create IPUIPlugin
2025-07-08 17:41:41,743 [INFO] IPUIPlugin:80 - create IPUIPlugin
2025-07-08 17:41:41,743 [INFO] IPUIPlugin:80 - create IPUIPlugin
2025-07-08 17:41:41,744 [INFO] IPUIPlugin:80 - create IPUIPlugin
2025-07-08 17:41:41,744 [INFO] IPUIPlugin:80 - create IPUIPlugin
2025-07-08 17:41:41,744 [INFO] IPUIPlugin:80 - create IPUIPlugin
2025-07-08 17:41:41,744 [INFO] IPUIPlugin:80 - create IPUIPlugin
2025-07-08 17:41:41,744 [INFO] IPUIPlugin:80 - create IPUIPlugin
2025-07-08 17:41:41,744 [INFO] IPUIPlugin:80 - create IPUIPlugin
2025-07-08 17:41:41,744 [INFO] IPUIPlugin:80 - create IPUIPlugin
2025-07-08 17:41:41,744 [INFO] IPUIPlugin:80 - create IPUIPlugin
2025-07-08 17:41:41,744 [INFO] IPUIPlugin:80 - create IPUIPlugin
2025-07-08 17:41:41,745 [INFO] IPUIPlugin:80 - create IPUIPlugin
2025-07-08 17:41:41,745 [INFO] IPUIPlugin:80 - create IPUIPlugin
2025-07-08 17:41:41,745 [INFO] IPUIPlugin:80 - create IPUIPlugin
2025-07-08 17:41:41,745 [INFO] IPUIPlugin:80 - create IPUIPlugin
2025-07-08 17:41:41,745 [INFO] IPUIPlugin:80 - create IPUIPlugin
2025-07-08 17:41:41,745 [INFO] IPUIPlugin:80 - create IPUIPlugin
2025-07-08 17:41:41,745 [INFO] IPUIPlugin:80 - create IPUIPlugin
2025-07-08 17:41:41,746 [INFO] IPUIPlugin:80 - create IPUIPlugin
2025-07-08 17:41:41,746 [INFO] IPUIPlugin:80 - create IPUIPlugin
2025-07-08 17:41:41,746 [INFO] IPUIPlugin:80 - create IPUIPlugin
2025-07-08 17:41:41,746 [INFO] IPUIPlugin:80 - create IPUIPlugin
2025-07-08 17:41:41,746 [INFO] IPUIPlugin:80 - create IPUIPlugin
2025-07-08 17:41:41,746 [INFO] IPUIPlugin:80 - create IPUIPlugin
2025-07-08 17:41:41,746 [INFO] IPUIPlugin:80 - create IPUIPlugin
2025-07-08 17:41:41,746 [INFO] IPUIPlugin:80 - create IPUIPlugin
2025-07-08 17:41:41,746 [INFO] IPUIPlugin:80 - create IPUIPlugin
2025-07-08 17:41:41,746 [INFO] IPUIPlugin:80 - create IPUIPlugin
2025-07-08 17:41:41,746 [INFO] IPUIPlugin:80 - create IPUIPlugin
2025-07-08 17:41:41,746 [INFO] IPUIPlugin:80 - create IPUIPlugin
2025-07-08 17:41:41,747 [INFO] IPUIPlugin:80 - create IPUIPlugin
2025-07-08 17:41:41,747 [INFO] IPUIPlugin:80 - create IPUIPlugin
2025-07-08 17:41:41,747 [INFO] IPUIPlugin:80 - create IPUIPlugin
2025-07-08 17:41:41,747 [INFO] IPUIPlugin:80 - create IPUIPlugin
2025-07-08 17:41:41,747 [INFO] IPUIPlugin:80 - create IPUIPlugin
2025-07-08 17:41:41,747 [INFO] IPUIPlugin:80 - create IPUIPlugin
2025-07-08 17:41:41,748 [INFO] IPUIPlugin:80 - create IPUIPlugin
2025-07-08 17:41:41,748 [INFO] IPUIPlugin:80 - create IPUIPlugin
2025-07-08 17:41:41,772 [INFO] ApiDbMcu:508 - Load IP Config File for PDM2PCM
2025-07-08 17:41:41,777 [WARN] IP:2250 - I2C_Coeff_DF not found: check if there is a RefParameter without a condition.
2025-07-08 17:41:41,777 [WARN] IP:2250 - Analog_Filter not found: check if there is a RefParameter without a condition.
2025-07-08 17:41:41,884 [INFO] CADModel:165 - CPN selected for project levelSTM32F411CEU6
2025-07-08 17:41:41,885 [INFO] CADModel:114 - Register for checkConnection events
2025-07-08 17:41:41,923 [INFO] OpenFileManager:385 - Restore cursor
2025-07-08 17:41:42,069 [WARN] IP:2250 - I2C_Coeff_DF not found: check if there is a RefParameter without a condition.
2025-07-08 17:41:42,069 [WARN] IP:2250 - Analog_Filter not found: check if there is a RefParameter without a condition.
2025-07-08 17:41:42,069 [WARN] IP:2250 - I2C_Coeff_DF not found: check if there is a RefParameter without a condition.
2025-07-08 17:41:42,070 [WARN] IP:2250 - Analog_Filter not found: check if there is a RefParameter without a condition.
2025-07-08 17:41:57,012 [INFO] NvicIntPanel:101 - NVIC parent = com.st.microxplorer.plugins.ip.nvic.MultiNvicIntPanel[,0,0,0x0,invalid,layout=javax.swing.BoxLayout,alignmentX=0.0,alignmentY=0.0,border=,flags=9,maximumSize=,minimumSize=,preferredSize=]
2025-07-08 17:42:05,379 [INFO] UtilMem:75 - End SaveConfig() Used Memory: 814221312 Bytes (1073741824)
2025-07-08 17:42:07,400 [INFO] UtilMem:75 - End SaveConfig() Used Memory: 835715072 Bytes (1073741824)
2025-07-08 17:42:07,778 [INFO] LogOutputStream:77 - [STDOUT_REDIRECT] This download action requires prior login. To proceed, please use the 'login' command with your my.st.com account email and password.
2025-07-08 17:42:07,779 [INFO] LogOutputStream:77 - [STDOUT_REDIRECT] Run 'login <email> <password> <remember_me>' for example 'login john.smith@st.com mypassword y'.
2025-07-08 17:42:07,779 [INFO] LogOutputStream:77 - [STDOUT_REDIRECT] If you do not have a my.st.com account, please visit https://st.com website to create one.
2025-07-08 18:05:10,869 [INFO] LogOutputStream:77 - [STDOUT_REDIRECT] This download action requires prior login. To proceed, please use the 'login' command with your my.st.com account email and password.
2025-07-08 18:05:10,869 [INFO] LogOutputStream:77 - [STDOUT_REDIRECT] Run 'login <email> <password> <remember_me>' for example 'login john.smith@st.com mypassword y'.
2025-07-08 18:05:10,869 [INFO] LogOutputStream:77 - [STDOUT_REDIRECT] If you do not have a my.st.com account, please visit https://st.com website to create one.
2025-07-08 22:01:41,623 [INFO] Activator:176 - 


2025-07-08 22:01:41,626 [INFO] Activator:177 - !SESSION log4j initialized
2025-07-08 22:01:45,115 [INFO] LogOutputStream:77 - [STDOUT_REDIRECT] 
2025-07-08 22:02:07,674 [INFO] ApplicationProperties:184 - Using Application install path: /home/adrian/st/stm32cubeide_1.18.1/plugins/com.st.stm32cube.common.mx_6.14.1.202504091515
2025-07-08 22:02:07,688 [INFO] DbMcusXml:78 - Set database path to: /home/adrian/st/stm32cubeide_1.18.1/plugins/com.st.stm32cube.common.mx_6.14.1.202504091515//db//mcu/
2025-07-08 22:02:07,689 [INFO] ApiDb:274 - Set plugin database path to: /home/adrian/st/stm32cubeide_1.18.1/plugins/com.st.stm32cube.common.mx_6.14.1.202504091515//db//plugins/boardmanager/
2025-07-08 22:02:07,689 [WARN] ApiDb:259 - Overriding images path with different value:  => /home/adrian/st/stm32cubeide_1.18.1/plugins/com.st.stm32cube.common.mx_6.14.1.202504091515//db//plugins/mcufinder/images/
2025-07-08 22:02:07,694 [INFO] ApiDb:250 - Set database path to: /home/adrian/.stmcufinder/plugins/mcufinder//mcu/
2025-07-08 22:02:07,695 [INFO] DbMcusAds:125 - Set database path to: /home/adrian/.stmcufinder/plugins/mcufinder//mcu/
2025-07-08 22:02:08,316 [INFO] CrossReferenceDbSqlite:203 - Set database path to: /home/adrian/.stmcufinder/plugins/mcufinder//mcu/cs/
2025-07-08 22:02:08,398 [INFO] RulesReader:64 - Compatibility file has been processed (302 Rules)
2025-07-08 22:02:08,442 [INFO] DbMcusXml:78 - Set database path to: /home/adrian/st/stm32cubeide_1.18.1/plugins/com.st.stm32cube.common.mx_6.14.1.202504091515//db//mcu/
2025-07-08 22:02:08,442 [INFO] ApiDb:274 - Set plugin database path to: /home/adrian/st/stm32cubeide_1.18.1/plugins/com.st.stm32cube.common.mx_6.14.1.202504091515//db//plugins/boardmanager/
2025-07-08 22:02:08,442 [INFO] ApiDb:261 - Set plugin images path to: /home/adrian/st/stm32cubeide_1.18.1/plugins/com.st.stm32cube.common.mx_6.14.1.202504091515//db//plugins/mcufinder/images/
2025-07-08 22:02:08,442 [WARN] DbFile:41 - Overriding database path with different value: /home/adrian/.stmcufinder/plugins/mcufinder/ => /home/adrian/.stmcufinder/plugins/mcufinder
2025-07-08 22:02:08,442 [INFO] ApiDb:250 - Set database path to: /home/adrian/.stmcufinder/plugins/mcufinder//mcu/
2025-07-08 22:02:08,442 [WARN] DbFile:41 - Overriding database path with different value: /home/adrian/.stmcufinder/plugins/mcufinder/ => /home/adrian/.stmcufinder/plugins/mcufinder
2025-07-08 22:02:08,442 [INFO] DbMcusAds:125 - Set database path to: /home/adrian/.stmcufinder/plugins/mcufinder//mcu/
2025-07-08 22:02:08,442 [WARN] DbFile:41 - Overriding database path with different value: /home/adrian/.stmcufinder/plugins/mcufinder/ => /home/adrian/.stmcufinder/plugins/mcufinder
2025-07-08 22:02:08,442 [WARN] DbFile:41 - Overriding database path with different value: /home/adrian/.stmcufinder/plugins/mcufinder/ => /home/adrian/.stmcufinder/plugins/mcufinder
2025-07-08 22:02:08,442 [INFO] CrossReferenceDbSqlite:203 - Set database path to: /home/adrian/.stmcufinder/plugins/mcufinder//mcu/cs/
2025-07-08 22:02:08,496 [INFO] MainPanel:272 - HeapMemory: 268435456
2025-07-08 22:02:08,581 [INFO] DbMcusXml:78 - Set database path to: /home/adrian/st/stm32cubeide_1.18.1/plugins/com.st.stm32cube.common.mx_6.14.1.202504091515//db//mcu/
2025-07-08 22:02:08,581 [INFO] ApiDb:274 - Set plugin database path to: /home/adrian/st/stm32cubeide_1.18.1/plugins/com.st.stm32cube.common.mx_6.14.1.202504091515//db//plugins/boardmanager/
2025-07-08 22:02:08,581 [INFO] ApiDb:261 - Set plugin images path to: /home/adrian/st/stm32cubeide_1.18.1/plugins/com.st.stm32cube.common.mx_6.14.1.202504091515//db//plugins/mcufinder/images/
2025-07-08 22:02:08,581 [WARN] DbFile:41 - Overriding database path with different value: /home/adrian/.stmcufinder/plugins/mcufinder/ => /home/adrian/.stmcufinder/plugins/mcufinder
2025-07-08 22:02:08,582 [INFO] ApiDb:250 - Set database path to: /home/adrian/.stmcufinder/plugins/mcufinder//mcu/
2025-07-08 22:02:08,582 [WARN] DbFile:41 - Overriding database path with different value: /home/adrian/.stmcufinder/plugins/mcufinder/ => /home/adrian/.stmcufinder/plugins/mcufinder
2025-07-08 22:02:08,582 [INFO] DbMcusAds:125 - Set database path to: /home/adrian/.stmcufinder/plugins/mcufinder//mcu/
2025-07-08 22:02:08,582 [WARN] DbFile:41 - Overriding database path with different value: /home/adrian/.stmcufinder/plugins/mcufinder/ => /home/adrian/.stmcufinder/plugins/mcufinder
2025-07-08 22:02:08,582 [WARN] DbFile:41 - Overriding database path with different value: /home/adrian/.stmcufinder/plugins/mcufinder/ => /home/adrian/.stmcufinder/plugins/mcufinder
2025-07-08 22:02:08,582 [INFO] CrossReferenceDbSqlite:203 - Set database path to: /home/adrian/.stmcufinder/plugins/mcufinder//mcu/cs/
2025-07-08 22:02:08,593 [INFO] ApplicationProperties:184 - Using Application install path: /home/adrian/st/stm32cubeide_1.18.1/plugins/com.st.stm32cube.common.mx_6.14.1.202504091515
2025-07-08 22:02:08,594 [INFO] PluginManage:196 - Search for loadable plugins [exclusion list=, ]
2025-07-08 22:02:08,594 [INFO] PluginManage:310 - Check plugin analytics
2025-07-08 22:02:08,692 [INFO] AnalyticsPlugin:253 - Accepted Software Licenses: 
2025-07-08 22:02:08,692 [INFO] AnalyticsPlugin:255 - Accepted CMSIS Pack Licenses: 
2025-07-08 22:02:08,692 [INFO] AnalyticsPlugin:257 - Accepted Firmware Licenses: 
2025-07-08 22:02:08,693 [INFO] PluginManage:359 - Loaded plugin analytics (category:tool,tabindex:-1)
2025-07-08 22:02:08,693 [INFO] PluginManage:310 - Check plugin cadmodel
2025-07-08 22:02:08,696 [INFO] CADModel:105 - Init CAD model plugin
2025-07-08 22:02:08,696 [INFO] PluginManage:359 - Loaded plugin cadmodel (category:power,tabindex:5)
2025-07-08 22:02:08,696 [INFO] PluginManage:310 - Check plugin clock
2025-07-08 22:02:08,702 [INFO] PluginManage:359 - Loaded plugin clock (category:base,tabindex:2)
2025-07-08 22:02:08,703 [INFO] PluginManage:310 - Check plugin ddr
2025-07-08 22:02:08,704 [INFO] PluginManage:359 - Loaded plugin ddr (category:tool,tabindex:6)
2025-07-08 22:02:08,704 [INFO] PluginManage:310 - Check plugin filemanager
2025-07-08 22:02:08,803 [INFO] PluginManage:359 - Loaded plugin filemanager (category:base,tabindex:10)
2025-07-08 22:02:08,803 [INFO] PluginManage:310 - Check plugin ipmanager
2025-07-08 22:02:08,807 [INFO] PluginManage:359 - Loaded plugin ipmanager (category:base,tabindex:5)
2025-07-08 22:02:08,807 [INFO] PluginManage:310 - Check plugin lpbam
2025-07-08 22:02:08,813 [INFO] PluginManage:359 - Loaded plugin lpbam (category:base,tabindex:0)
2025-07-08 22:02:08,814 [INFO] PluginManage:310 - Check plugin memorymap
2025-07-08 22:02:08,821 [INFO] PluginManage:359 - Loaded plugin memorymap (category:base,tabindex:4)
2025-07-08 22:02:08,821 [INFO] PluginManage:310 - Check plugin pinoutandconfiguration
2025-07-08 22:02:08,827 [INFO] PluginManage:359 - Loaded plugin pinoutandconfiguration (category:base,tabindex:1)
2025-07-08 22:02:08,827 [INFO] PluginManage:310 - Check plugin pinoutconfig
2025-07-08 22:02:08,885 [WARN] SupportedApi:132 - Cannot load RTOS API schema: s4s-elt-must-match.1: The content of 'definitions' must match (annotation?, (simpleType | complexType)?, (unique | key | keyref)*)). A problem was found starting at: attribute.
2025-07-08 22:02:08,968 [INFO] PluginManage:359 - Loaded plugin pinoutconfig (category:base,tabindex:0)
2025-07-08 22:02:08,968 [INFO] PluginManage:310 - Check plugin power
2025-07-08 22:02:08,974 [INFO] PluginManage:359 - Loaded plugin power (category:power,tabindex:4)
2025-07-08 22:02:08,974 [INFO] PluginManage:310 - Check plugin projectmanager
2025-07-08 22:02:08,983 [INFO] PluginManage:359 - Loaded plugin projectmanager (category:projectmanager,tabindex:4)
2025-07-08 22:02:08,984 [INFO] PluginManage:310 - Check plugin rif
2025-07-08 22:02:08,988 [INFO] PluginManage:359 - Loaded plugin rif (category:base,tabindex:3)
2025-07-08 22:02:08,988 [INFO] PluginManage:310 - Check plugin thirdparty
2025-07-08 22:02:09,061 [INFO] PluginManage:359 - Loaded plugin thirdparty (category:base,tabindex:-1)
2025-07-08 22:02:09,061 [INFO] PluginManage:310 - Check plugin tools
2025-07-08 22:02:09,061 [WARN] IntegrityCheckThread:84 - waiting for thirdparty lock release [integrity check]
2025-07-08 22:02:09,062 [INFO] IntegrityCheckThread:86 - entering critical section [integrity check]
2025-07-08 22:02:09,062 [INFO] ThirdPartyUpdaterWithRetryManager:70 - Updater plugin not ready yet. [1/15]
2025-07-08 22:02:09,063 [INFO] PluginManage:359 - Loaded plugin tools (category:base,tabindex:7)
2025-07-08 22:02:09,063 [INFO] PluginManage:310 - Check plugin tutovideos
2025-07-08 22:02:09,178 [INFO] PluginManage:359 - Loaded plugin tutovideos (category:base,tabindex:-1)
2025-07-08 22:02:09,178 [INFO] PluginManage:310 - Check plugin updater
2025-07-08 22:02:09,194 [INFO] PluginManage:359 - Loaded plugin updater (category:base,tabindex:12)
2025-07-08 22:02:09,194 [INFO] PluginManage:310 - Check plugin userauth
2025-07-08 22:02:09,197 [INFO] UserAuth:118 - Init User Auth plugin
2025-07-08 22:02:09,198 [INFO] PluginManage:359 - Loaded plugin userauth (category:base,tabindex:14)
2025-07-08 22:02:09,198 [INFO] PluginManage:283 - PluginManage : Loaded plugins [18]
2025-07-08 22:02:09,312 [INFO] PinOutPanel:1589 - setPackage(No Configuration,No Configuration)
2025-07-08 22:02:09,359 [INFO] CADModel:165 - CPN selected for project level
2025-07-08 22:02:09,360 [INFO] CADModel:114 - Register for checkConnection events
2025-07-08 22:02:09,370 [INFO] IPUIPlugin:80 - create IPUIPlugin
2025-07-08 22:02:09,370 [INFO] PluginManager:220 - loadIPPluginJar : add lorawan
2025-07-08 22:02:09,374 [INFO] IPUIPlugin:80 - create IPUIPlugin
2025-07-08 22:02:09,374 [INFO] PluginManager:220 - loadIPPluginJar : add freertos
2025-07-08 22:02:09,376 [INFO] IPUIPlugin:80 - create IPUIPlugin
2025-07-08 22:02:09,376 [INFO] PluginManager:220 - loadIPPluginJar : add gtzc
2025-07-08 22:02:09,378 [INFO] IPUIPlugin:80 - create IPUIPlugin
2025-07-08 22:02:09,378 [INFO] PluginManager:220 - loadIPPluginJar : add dfsdm
2025-07-08 22:02:09,379 [INFO] IPUIPlugin:80 - create IPUIPlugin
2025-07-08 22:02:09,379 [INFO] PluginManager:220 - loadIPPluginJar : add tim
2025-07-08 22:02:09,381 [INFO] IPUIPlugin:80 - create IPUIPlugin
2025-07-08 22:02:09,381 [INFO] PluginManager:220 - loadIPPluginJar : add openamp
2025-07-08 22:02:09,382 [INFO] IPUIPlugin:80 - create IPUIPlugin
2025-07-08 22:02:09,382 [INFO] PluginManager:220 - loadIPPluginJar : add tsc
2025-07-08 22:02:09,383 [INFO] IPUIPlugin:80 - create IPUIPlugin
2025-07-08 22:02:09,384 [INFO] PluginManager:220 - loadIPPluginJar : add i2c
2025-07-08 22:02:09,385 [INFO] IPUIPlugin:80 - create IPUIPlugin
2025-07-08 22:02:09,386 [INFO] PluginManager:220 - loadIPPluginJar : add i2s
2025-07-08 22:02:09,387 [INFO] IPUIPlugin:80 - create IPUIPlugin
2025-07-08 22:02:09,387 [INFO] PluginManager:220 - loadIPPluginJar : add can
2025-07-08 22:02:09,392 [INFO] IPUIPlugin:80 - create IPUIPlugin
2025-07-08 22:02:09,392 [INFO] PluginManager:220 - loadIPPluginJar : add linkedlist
2025-07-08 22:02:09,394 [INFO] IPUIPlugin:80 - create IPUIPlugin
2025-07-08 22:02:09,394 [INFO] PluginManager:220 - loadIPPluginJar : add touchsensing
2025-07-08 22:02:09,396 [INFO] IPUIPlugin:80 - create IPUIPlugin
2025-07-08 22:02:09,396 [INFO] PluginManager:220 - loadIPPluginJar : add pdm2pcm
2025-07-08 22:02:09,399 [INFO] IPUIPlugin:80 - create IPUIPlugin
2025-07-08 22:02:09,399 [INFO] PluginManager:220 - loadIPPluginJar : add gpio
2025-07-08 22:02:09,405 [INFO] IPUIPlugin:80 - create IPUIPlugin
2025-07-08 22:02:09,405 [INFO] PluginManager:220 - loadIPPluginJar : add stm32_wpan
2025-07-08 22:02:09,406 [INFO] IPUIPlugin:80 - create IPUIPlugin
2025-07-08 22:02:09,406 [INFO] PluginManager:220 - loadIPPluginJar : add fatfs
2025-07-08 22:02:09,407 [INFO] IPUIPlugin:80 - create IPUIPlugin
2025-07-08 22:02:09,408 [INFO] PluginManager:220 - loadIPPluginJar : add aes
2025-07-08 22:02:09,409 [INFO] IPUIPlugin:80 - create IPUIPlugin
2025-07-08 22:02:09,409 [INFO] PluginManager:220 - loadIPPluginJar : add opamp
2025-07-08 22:02:09,410 [INFO] IPUIPlugin:80 - create IPUIPlugin
2025-07-08 22:02:09,410 [INFO] PluginManager:220 - loadIPPluginJar : add comp
2025-07-08 22:02:09,411 [INFO] IPUIPlugin:80 - create IPUIPlugin
2025-07-08 22:02:09,411 [INFO] PluginManager:220 - loadIPPluginJar : add genericplugin
2025-07-08 22:02:09,413 [INFO] IPUIPlugin:80 - create IPUIPlugin
2025-07-08 22:02:09,413 [INFO] PluginManager:220 - loadIPPluginJar : add ddr_ctrl_phy
2025-07-08 22:02:09,414 [INFO] IPUIPlugin:80 - create IPUIPlugin
2025-07-08 22:02:09,414 [INFO] PluginManager:220 - loadIPPluginJar : add usart
2025-07-08 22:02:09,419 [INFO] IPUIPlugin:80 - create IPUIPlugin
2025-07-08 22:02:09,419 [INFO] PluginManager:220 - loadIPPluginJar : add mdma
2025-07-08 22:02:09,421 [INFO] IPUIPlugin:80 - create IPUIPlugin
2025-07-08 22:02:09,421 [INFO] PluginManager:220 - loadIPPluginJar : add tracer_emb
2025-07-08 22:02:09,423 [INFO] IPUIPlugin:80 - create IPUIPlugin
2025-07-08 22:02:09,423 [INFO] PluginManager:220 - loadIPPluginJar : add usbx
2025-07-08 22:02:09,428 [INFO] IPUIPlugin:80 - create IPUIPlugin
2025-07-08 22:02:09,429 [INFO] PluginManager:220 - loadIPPluginJar : add plateformsettings
2025-07-08 22:02:09,430 [INFO] IPUIPlugin:80 - create IPUIPlugin
2025-07-08 22:02:09,430 [INFO] PluginManager:220 - loadIPPluginJar : add quadspi
2025-07-08 22:02:09,432 [INFO] IPUIPlugin:80 - create IPUIPlugin
2025-07-08 22:02:09,432 [INFO] PluginManager:220 - loadIPPluginJar : add resmgrutility
2025-07-08 22:02:09,436 [INFO] IPUIPlugin:80 - create IPUIPlugin
2025-07-08 22:02:09,436 [INFO] PluginManager:220 - loadIPPluginJar : add gic
2025-07-08 22:02:09,437 [INFO] IPUIPlugin:80 - create IPUIPlugin
2025-07-08 22:02:09,438 [INFO] PluginManager:220 - loadIPPluginJar : add radio
2025-07-08 22:02:09,440 [INFO] IPUIPlugin:80 - create IPUIPlugin
2025-07-08 22:02:09,440 [INFO] PluginManager:220 - loadIPPluginJar : add ipddr
2025-07-08 22:02:09,441 [INFO] IPUIPlugin:80 - create IPUIPlugin
2025-07-08 22:02:09,441 [INFO] PluginManager:220 - loadIPPluginJar : add hash
2025-07-08 22:02:09,442 [INFO] IPUIPlugin:80 - create IPUIPlugin
2025-07-08 22:02:09,442 [INFO] PluginManager:220 - loadIPPluginJar : add gfxmmu
2025-07-08 22:02:09,445 [INFO] IPUIPlugin:80 - create IPUIPlugin
2025-07-08 22:02:09,445 [INFO] PluginManager:220 - loadIPPluginJar : add fmc
2025-07-08 22:02:09,446 [INFO] IPUIPlugin:80 - create IPUIPlugin
2025-07-08 22:02:09,446 [INFO] PluginManager:220 - loadIPPluginJar : add spi
2025-07-08 22:02:09,448 [INFO] IPUIPlugin:80 - create IPUIPlugin
2025-07-08 22:02:09,448 [INFO] PluginManager:220 - loadIPPluginJar : add dma3
2025-07-08 22:02:09,449 [INFO] IPUIPlugin:80 - create IPUIPlugin
2025-07-08 22:02:09,449 [INFO] PluginManager:220 - loadIPPluginJar : add ltdc
2025-07-08 22:02:09,450 [INFO] IPUIPlugin:80 - create IPUIPlugin
2025-07-08 22:02:09,451 [INFO] PluginManager:220 - loadIPPluginJar : add extmemmanager
2025-07-08 22:02:09,452 [INFO] IPUIPlugin:80 - create IPUIPlugin
2025-07-08 22:02:09,452 [INFO] PluginManager:220 - loadIPPluginJar : add ucpd
2025-07-08 22:02:09,456 [INFO] IPUIPlugin:80 - create IPUIPlugin
2025-07-08 22:02:09,456 [INFO] PluginManager:220 - loadIPPluginJar : add dma
2025-07-08 22:02:09,457 [INFO] IPUIPlugin:80 - create IPUIPlugin
2025-07-08 22:02:09,457 [INFO] PluginManager:220 - loadIPPluginJar : add ts
2025-07-08 22:02:09,461 [INFO] IPUIPlugin:80 - create IPUIPlugin
2025-07-08 22:02:09,461 [INFO] PluginManager:220 - loadIPPluginJar : add adc
2025-07-08 22:02:09,462 [INFO] IPUIPlugin:80 - create IPUIPlugin
2025-07-08 22:02:09,462 [INFO] PluginManager:220 - loadIPPluginJar : add i3c
2025-07-08 22:02:09,464 [INFO] IPUIPlugin:80 - create IPUIPlugin
2025-07-08 22:02:09,464 [INFO] PluginManager:220 - loadIPPluginJar : add sai
2025-07-08 22:02:09,465 [INFO] IPUIPlugin:80 - create IPUIPlugin
2025-07-08 22:02:09,465 [INFO] PluginManager:220 - loadIPPluginJar : add cryp
2025-07-08 22:02:09,468 [INFO] IPUIPlugin:80 - create IPUIPlugin
2025-07-08 22:02:09,468 [INFO] PluginManager:220 - loadIPPluginJar : add nvic
2025-07-08 22:02:09,561 [FATAL] Updater:351 - Updater called before beeing initialized
2025-07-08 22:02:09,581 [INFO] RulesReader:64 - Compatibility file has been processed (302 Rules)
2025-07-08 22:02:09,588 [INFO] RulesReader:64 - Compatibility file has been processed (302 Rules)
2025-07-08 22:02:09,592 [INFO] CADModel:165 - CPN selected for project level
2025-07-08 22:02:09,592 [INFO] CADModel:114 - Register for checkConnection events
2025-07-08 22:02:09,592 [FATAL] Updater:351 - Updater called before beeing initialized
2025-07-08 22:02:09,592 [ERROR] CADModel:125 - Updater not yet initialized, retry later 
2025-07-08 22:02:09,687 [FATAL] Updater:351 - Updater called before beeing initialized
2025-07-08 22:02:09,688 [INFO] CADModel:165 - CPN selected for project level
2025-07-08 22:02:09,688 [INFO] CADModel:114 - Register for checkConnection events
2025-07-08 22:02:09,688 [FATAL] Updater:351 - Updater called before beeing initialized
2025-07-08 22:02:09,689 [ERROR] CADModel:125 - Updater not yet initialized, retry later 
2025-07-08 22:02:09,691 [FATAL] Updater:351 - Updater called before beeing initialized
2025-07-08 22:02:09,761 [FATAL] Updater:351 - Updater called before beeing initialized
2025-07-08 22:02:09,764 [INFO] DbMcusAds:53 - JSON generation date=Thu Sep 30 01:55:09 CDT 2021 (1632984909247)
2025-07-08 22:02:09,764 [FATAL] Updater:351 - Updater called before beeing initialized
2025-07-08 22:02:09,788 [WARN] DetailPanel:346 - Failed to get advertising image, set to default
2025-07-08 22:02:09,977 [FATAL] Updater:351 - Updater called before beeing initialized
2025-07-08 22:02:09,979 [FATAL] Updater:351 - Updater called before beeing initialized
2025-07-08 22:02:09,979 [FATAL] Updater:351 - Updater called before beeing initialized
2025-07-08 22:02:09,979 [WARN] DetailPanel:346 - Failed to get advertising image, set to default
2025-07-08 22:02:09,979 [FATAL] Updater:351 - Updater called before beeing initialized
2025-07-08 22:02:10,003 [ERROR] Updater:1198 - MainUpdater not yet initialized. External WinMGr cannot be set.
2025-07-08 22:02:10,004 [INFO] Updater:1134 - Updater Version found : 6.14.1
2025-07-08 22:02:10,016 [INFO] ApplicationProperties:184 - Using Application install path: /home/adrian/st/stm32cubeide_1.18.1/plugins/com.st.stm32cube.common.mx_6.14.1.202504091515
2025-07-08 22:02:10,233 [INFO] MainUpdater:2872 - connection check result : 10
2025-07-08 22:02:10,233 [INFO] MainUpdater:289 - Updater Check For Update Now.
2025-07-08 22:02:10,233 [INFO] MicroXplorer:498 - Change Database Version : DB.6.0.141
2025-07-08 22:02:10,242 [INFO] McuFinderGlobals:63 - Set McuFinder mode to 2 (CubeIDE integrated)
2025-07-08 22:02:10,242 [INFO] UserAuth:171 - activating auth plugin
2025-07-08 22:02:10,244 [INFO] UserAuth:484 - Internet connection configuration mode: 1
2025-07-08 22:02:10,256 [INFO] JxBrowserEngine:152 - Initiate JxBrowser Engine with user profile folder
2025-07-08 22:02:10,387 [INFO] CheckServerUpdateThread:120 - End of CheckServer Thread
2025-07-08 22:02:11,032 [INFO] WebApp:169 - Instantiating new browser for Auth
2025-07-08 22:02:11,636 [INFO] WebApp:463 - Apply proxy settings
2025-07-08 22:02:11,636 [INFO] WebApp:548 - Chromium requires no authentication
2025-07-08 22:02:11,641 [INFO] WebApp:491 - Direct internet connection detected
2025-07-08 22:02:11,651 [INFO] WebApp:894 - Register for checkConnection events
2025-07-08 22:02:11,651 [INFO] WebApp:463 - Apply proxy settings
2025-07-08 22:02:11,651 [INFO] WebApp:548 - Chromium requires no authentication
2025-07-08 22:02:11,651 [INFO] WebApp:491 - Direct internet connection detected
2025-07-08 22:02:11,730 [INFO] WebApp:225 - Starting web application
2025-07-08 22:02:11,730 [INFO] WebApp:593 - Web application path used /home/adrian/st/stm32cubeide_1.18.1/plugins/com.st.stm32cube.common.mx_6.14.1.202504091515/db/plugins/mcufinder/reactClient1/index.html
2025-07-08 22:02:11,862 [INFO] WebApp:191 - Connection restablished
2025-07-08 22:02:12,159 [WARN] PackLoader:240 - Cannot read IP mode file for STMicroelectronics.FP-SNS-MOTENVWB1.1.4.0
2025-07-08 22:02:12,164 [WARN] PackLoader:240 - Cannot read IP mode file for STMicroelectronics.FP-ATR-ASTRA1.2.0.2
2025-07-08 22:02:12,168 [WARN] PackLoader:240 - Cannot read IP mode file for STMicroelectronics.X-CUBE-SMBUS.2.1.0
2025-07-08 22:02:12,171 [WARN] PackLoader:240 - Cannot read IP mode file for STMicroelectronics.X-CUBE-ST60.1.0.0
2025-07-08 22:02:12,191 [WARN] PackLoader:240 - Cannot read IP mode file for STMicroelectronics.X-CUBE-AZRTOS-F7.1.1.0
2025-07-08 22:02:12,210 [WARN] PackLoader:240 - Cannot read IP mode file for Infineon.AIROC-Wi-Fi-Bluetooth-STM32.1.7.0
2025-07-08 22:02:12,238 [WARN] PackLoader:240 - Cannot read IP mode file for STMicroelectronics.X-CUBE-AZRTOS-H7.3.4.0
2025-07-08 22:02:12,245 [WARN] PackLoader:240 - Cannot read IP mode file for STMicroelectronics.X-CUBE-DISPLAY.3.0.0
2025-07-08 22:02:12,251 [WARN] PackLoader:240 - Cannot read IP mode file for STMicroelectronics.X-CUBE-NFC10.1.0.0
2025-07-08 22:02:12,259 [WARN] PackLoader:240 - Cannot read IP mode file for STMicroelectronics.X-CUBE-BLEMGR.4.0.0
2025-07-08 22:02:12,263 [WARN] PackLoader:240 - Cannot read IP mode file for emotas.I-CUBE-CANOPEN.1.3.0
2025-07-08 22:02:12,265 [WARN] ConditionMgr:438 - getConditionDescription Invalid condition id : Cortex-A Device cause : null
2025-07-08 22:02:12,274 [WARN] ConditionMgr:1044 - genDependencies : Invalid condition id : Cortex-A Device cause : null
2025-07-08 22:02:12,274 [WARN] ConditionMgr:1044 - genDependencies : Invalid condition id : Cortex-A Device cause : null
2025-07-08 22:02:12,274 [WARN] ConditionMgr:1044 - genDependencies : Invalid condition id : Cortex-A Device cause : null
2025-07-08 22:02:12,276 [WARN] PackLoader:240 - Cannot read IP mode file for STMicroelectronics.FP-SNS-SMARTAG2.1.2.0
2025-07-08 22:02:12,278 [WARN] PackLoader:240 - Cannot read IP mode file for STMicroelectronics.FP-SNS-FLIGHT1.5.1.0
2025-07-08 22:02:12,283 [INFO] LogOutputStream:77 - [STDOUT_REDIRECT] 1 : Invalid condition id : UX_CORESTACK_Condition cause : null
2025-07-08 22:02:12,283 [INFO] LogOutputStream:77 - [STDOUT_REDIRECT] 1 : Invalid condition id : UX_CORESTACK_Condition cause : null
2025-07-08 22:02:12,284 [INFO] LogOutputStream:77 - [STDOUT_REDIRECT] 1 : Invalid condition id : UX_CORESTACK_Condition cause : null
2025-07-08 22:02:12,284 [INFO] LogOutputStream:77 - [STDOUT_REDIRECT] 1 : Invalid condition id : UX_CORESTACK_Condition cause : null
2025-07-08 22:02:12,284 [INFO] LogOutputStream:77 - [STDOUT_REDIRECT] 1 : Invalid condition id : UX_CORESTACK_Condition cause : null
2025-07-08 22:02:12,286 [WARN] PackLoader:240 - Cannot read IP mode file for STMicroelectronics.X-CUBE-AZRTOS-WL.2.0.0
2025-07-08 22:02:12,290 [WARN] PackLoader:240 - Cannot read IP mode file for STMicroelectronics.FP-SNS-MOTENV1.5.0.0
2025-07-08 22:02:12,294 [WARN] PackLoader:240 - Cannot read IP mode file for WES.I-CUBE-Cesium.1.3.0
2025-07-08 22:02:12,297 [WARN] PackLoader:240 - Cannot read IP mode file for STMicroelectronics.X-CUBE-BLE2.3.3.0
2025-07-08 22:02:12,300 [WARN] PackLoader:240 - Cannot read IP mode file for STMicroelectronics.X-CUBE-NFC9.1.0.0
2025-07-08 22:02:12,304 [WARN] PackLoader:240 - Cannot read IP mode file for wolfSSL.I-CUBE-wolfSSL.5.8.0
2025-07-08 22:02:12,307 [WARN] PackLoader:240 - Cannot read IP mode file for STMicroelectronics.X-CUBE-BLE1.7.1.0
2025-07-08 22:02:12,309 [WARN] PackLoader:240 - Cannot read IP mode file for wolfSSL.I-CUBE-wolfMQTT.1.19.2
2025-07-08 22:02:12,310 [WARN] PackLoader:240 - Cannot read IP mode file for STMicroelectronics.X-CUBE-AI.10.1.0
2025-07-08 22:02:12,318 [WARN] PackLoader:240 - Cannot read IP mode file for STMicroelectronics.X-CUBE-AZRTOS-G0.1.1.0
2025-07-08 22:02:12,322 [WARN] PackLoader:240 - Cannot read IP mode file for STMicroelectronics.X-CUBE-SAFEA1.1.2.2
2025-07-08 22:02:12,326 [WARN] PackLoader:240 - Cannot read IP mode file for STMicroelectronics.X-CUBE-NFC4.3.0.0
2025-07-08 22:02:12,330 [WARN] PackLoader:240 - Cannot read IP mode file for EmbeddedOffice.I-CUBE-FS-RTOS.1.0.1
2025-07-08 22:02:12,334 [WARN] PackLoader:240 - Cannot read IP mode file for STMicroelectronics.X-CUBE-WB05N.2.0.0
2025-07-08 22:02:12,336 [WARN] PackLoader:240 - Cannot read IP mode file for wolfSSL.I-CUBE-wolfTPM.3.8.0
2025-07-08 22:02:12,339 [WARN] PackLoader:240 - Cannot read IP mode file for STMicroelectronics.X-CUBE-TCPP.4.2.0
2025-07-08 22:02:12,342 [WARN] PackLoader:240 - Cannot read IP mode file for RealThread.X-CUBE-RT-Thread_Nano.4.1.1
2025-07-08 22:02:12,344 [WARN] PackLoader:240 - Cannot read IP mode file for STMicroelectronics.FP-ATR-SIGFOX1.3.2.0
2025-07-08 22:02:12,347 [WARN] PackLoader:240 - Cannot read IP mode file for STMicroelectronics.X-CUBE-EEPRMA1.5.1.0
2025-07-08 22:02:12,351 [WARN] PackLoader:240 - Cannot read IP mode file for ITTIA_DB.I-CUBE-ITTIADB.8.9.0
2025-07-08 22:02:12,354 [WARN] PackLoader:240 - Cannot read IP mode file for STMicroelectronics.X-CUBE-ST67W61.1.0.0
2025-07-08 22:02:12,370 [WARN] PackLoader:240 - Cannot read IP mode file for SEGGER.I-CUBE-embOS.1.3.1
2025-07-08 22:02:12,413 [WARN] PackLoader:240 - Cannot read IP mode file for STMicroelectronics.X-CUBE-ALGOBUILD.1.4.0
2025-07-08 22:02:12,482 [WARN] PackLoader:240 - Cannot read IP mode file for STMicroelectronics.X-CUBE-MEMS1.11.3.0
2025-07-08 22:02:12,577 [WARN] PackLoader:240 - Cannot read IP mode file for STMicroelectronics.X-CUBE-PM33A1.1.0.0
2025-07-08 22:02:12,585 [WARN] PackLoader:240 - Cannot read IP mode file for STMicroelectronics.X-CUBE-AZRTOS-F4.1.1.0
2025-07-08 22:02:12,588 [WARN] PackLoader:240 - Cannot read IP mode file for Avnet-IotConnect.X-CUBE-IoTC-DA16k-PMOD.1.0.0
2025-07-08 22:02:12,591 [WARN] PackLoader:240 - Cannot read IP mode file for STMicroelectronics.X-CUBE-ISPU.2.1.0
2025-07-08 22:02:12,598 [WARN] PackLoader:240 - Cannot read IP mode file for STMicroelectronics.X-CUBE-AZRTOS-L5.2.0.0
2025-07-08 22:02:12,603 [WARN] PackLoader:240 - Cannot read IP mode file for STMicroelectronics.X-CUBE-NFC6.3.1.0
2025-07-08 22:02:12,607 [WARN] PackLoader:240 - Cannot read IP mode file for STMicroelectronics.X-CUBE-FREERTOS.1.3.1
2025-07-08 22:02:12,610 [WARN] PackLoader:240 - Cannot read IP mode file for STMicroelectronics.FP-SNS-STAIOTCFT.1.0.0
2025-07-08 22:02:12,612 [WARN] PackLoader:240 - Cannot read IP mode file for STMicroelectronics.X-CUBE-DPower.1.3.0
2025-07-08 22:02:12,620 [WARN] ConditionMgr:438 - getConditionDescription Invalid condition id : LAN8742 Phy interface Condition cause : null
2025-07-08 22:02:12,621 [WARN] PackLoader:240 - Cannot read IP mode file for STMicroelectronics.X-CUBE-AZRTOS-L4.2.0.0
2025-07-08 22:02:12,622 [WARN] ConditionMgr:1044 - genDependencies : Invalid condition id : LAN8742 Phy interface Condition cause : null
2025-07-08 22:02:12,622 [WARN] ConditionMgr:1044 - genDependencies : Invalid condition id : LAN8742 Phy interface Condition cause : null
2025-07-08 22:02:12,622 [WARN] ConditionMgr:1044 - genDependencies : Invalid condition id : LAN8742 Phy interface Condition cause : null
2025-07-08 22:02:12,626 [WARN] PackLoader:240 - Cannot read IP mode file for STMicroelectronics.X-CUBE-SFXS2LP1.4.0.0
2025-07-08 22:02:12,636 [WARN] PackLoader:240 - Cannot read IP mode file for STMicroelectronics.X-CUBE-AZRTOS-H7.3.3.0
2025-07-08 22:02:12,643 [WARN] ConditionMgr:438 - getConditionDescription Invalid condition id : UX DEVICE CLASS RTOS Condition cause : null
2025-07-08 22:02:12,643 [WARN] ConditionMgr:438 - getConditionDescription Invalid condition id : UX DEVICE CLASS RTOS Condition cause : null
2025-07-08 22:02:12,644 [WARN] PackLoader:240 - Cannot read IP mode file for STMicroelectronics.X-CUBE-AZRTOS-WB.2.0.0
2025-07-08 22:02:12,645 [WARN] ConditionMgr:1044 - genDependencies : Invalid condition id : UX DEVICE CLASS RTOS Condition cause : null
2025-07-08 22:02:12,645 [WARN] ConditionMgr:1044 - genDependencies : Invalid condition id : UX DEVICE CLASS RTOS Condition cause : null
2025-07-08 22:02:12,645 [WARN] ConditionMgr:1044 - genDependencies : Invalid condition id : UX DEVICE CLASS RTOS Condition cause : null
2025-07-08 22:02:12,645 [WARN] ConditionMgr:1044 - genDependencies : Invalid condition id : UX DEVICE CLASS RTOS Condition cause : null
2025-07-08 22:02:12,645 [WARN] ConditionMgr:1044 - genDependencies : Invalid condition id : UX DEVICE CLASS RTOS Condition cause : null
2025-07-08 22:02:12,648 [WARN] PackLoader:240 - Cannot read IP mode file for STMicroelectronics.X-CUBE-GNSS1.7.0.1
2025-07-08 22:02:12,652 [WARN] PackLoader:240 - Cannot read IP mode file for STMicroelectronics.X-CUBE-TOUCHGFX.4.25.0
2025-07-08 22:02:12,655 [WARN] PackLoader:240 - Cannot read IP mode file for STMicroelectronics.FP-SNS-STBOX1.2.0.0
2025-07-08 22:02:12,667 [WARN] PackLoader:240 - Cannot read IP mode file for STMicroelectronics.X-CUBE-SUBG2.5.0.0
2025-07-08 22:02:12,678 [WARN] PackLoader:240 - Cannot read IP mode file for STMicroelectronics.X-CUBE-AZRTOS-H7RS.1.1.0
2025-07-08 22:02:12,681 [WARN] PackLoader:240 - Cannot read IP mode file for Cesanta.I-CUBE-Mongoose.7.13.0
2025-07-08 22:02:12,689 [WARN] PackLoader:240 - Cannot read IP mode file for STMicroelectronics.X-CUBE-AZRTOS-G4.2.0.0
2025-07-08 22:02:12,692 [WARN] PackLoader:240 - Cannot read IP mode file for wolfSSL.I-CUBE-wolfSSH.1.4.20
2025-07-08 22:02:12,695 [WARN] PackLoader:240 - Cannot read IP mode file for STMicroelectronics.X-CUBE-NFC7.2.0.0
2025-07-08 22:02:12,704 [WARN] PackLoader:240 - Cannot read IP mode file for STMicroelectronics.X-CUBE-IPS.3.1.0
2025-07-08 22:02:12,711 [WARN] PackLoader:240 - Cannot read IP mode file for STMicroelectronics.X-CUBE-ALS.1.0.2
2025-07-08 22:02:12,716 [WARN] PackLoader:240 - Cannot read IP mode file for portGmbH.I-Cube-SoM-uGOAL.1.1.0
2025-07-08 22:02:12,726 [WARN] PackLoader:240 - Cannot read IP mode file for STMicroelectronics.X-CUBE-TOF1.3.4.3
2025-07-08 22:02:12,734 [INFO] ThirdParty:978 - Integrity check success = true
2025-07-08 22:02:12,735 [INFO] IntegrityCheckThread:100 - exiting critical section [integrity check]
2025-07-08 22:02:12,735 [INFO] IntegrityCheckThread:103 - End integrity checks thread
2025-07-08 22:02:33,383 [INFO] McuFinderGlobals:63 - Set McuFinder mode to 2 (CubeIDE integrated)
2025-07-08 22:02:33,387 [INFO] MainUpdater:2872 - connection check result : 10
2025-07-08 22:02:33,387 [INFO] MainUpdater:2872 - connection check result : 10
2025-07-08 22:02:33,417 [INFO] MicroXplorer:468 - Change Database Path : 
2025-07-08 22:02:33,417 [INFO] MicroXplorer:498 - Change Database Version : DB.6.0.141
2025-07-08 22:02:33,426 [WARN] ThirdParty:871 - waiting for thirdparty lock release [close project]
2025-07-08 22:02:33,426 [INFO] ThirdParty:873 - entering critical section [close project]
2025-07-08 22:02:33,427 [INFO] ThirdParty:883 - exiting critical section [close project]
2025-07-08 22:02:33,428 [INFO] PinOutPanel:1589 - setPackage(No Configuration,No Configuration)
2025-07-08 22:02:33,434 [INFO] UtilMem:75 - Begin LoadConfig() Used Memory: 240344632 Bytes (304087040)
2025-07-08 22:02:33,440 [INFO] MicroXplorer:468 - Change Database Path : /home/adrian/.stm32cubemx/databases/DB.6.0.140/db/
2025-07-08 22:02:33,440 [INFO] MicroXplorer:498 - Change Database Version : DB.6.0.140
2025-07-08 22:02:34,939 [INFO] OpenFileManager:354 - Change cursor
2025-07-08 22:02:34,958 [INFO] Mcu:2011 - Initializing MCU STM32F411C(C-E)Ux STM32F411CEUx STM32F411CEU6
2025-07-08 22:02:35,599 [INFO] Context:756 - Trying to add GPIOservice into a context  which must be forbidden
2025-07-08 22:02:35,818 [INFO] ImportTextPane:218 - (OptionalMessage_ERROR) Pin25 (VP_RIF_VS_RIF1) cannot be retrieved for this MCU
2025-07-08 22:02:35,868 [INFO] RtosManager:558 - Registered RTOS mode: class=CMSIS, group=RTOS, mode=CMSIS_V1, owner=FREERTOS
2025-07-08 22:02:35,868 [INFO] RtosManager:558 - Registered RTOS mode: class=CMSIS, group=RTOS2, mode=CMSIS_V2, owner=FREERTOS
2025-07-08 22:02:35,868 [INFO] RtosManager:558 - Registered RTOS mode: class=RTOS, group=Core, mode=CMSIS_V1, owner=FREERTOS
2025-07-08 22:02:35,868 [INFO] RtosManager:558 - Registered RTOS mode: class=RTOS, group=Core, mode=CMSIS_V2, owner=FREERTOS
2025-07-08 22:02:35,868 [WARN] ModelIntegratedComponent:184 - Missing modes for component STMicroelectronics:FreeRTOS:0.0.1:STMicroelectronics:RTOS:FreeRTOS:Core:::10.2.0:
2025-07-08 22:02:35,875 [WARN] ModelIntegratedComponent:182 - Modes not found for component STMicroelectronics:USB_HOST:1.0.0:STMicroelectronics:USB::USB Host:Audio HS::1.0:USB_HOST_1_0_RESTRICTED_HS
2025-07-08 22:02:35,875 [WARN] ModelIntegratedComponent:188 - Modes not found for component STMicroelectronics:USB_HOST:1.0.0:STMicroelectronics:USB::USB Host:Audio HS::1.0:USB_HOST_1_0_RESTRICTED_HS
2025-07-08 22:02:35,875 [WARN] ModelIntegratedComponent:182 - Modes not found for component STMicroelectronics:USB_HOST:1.0.0:STMicroelectronics:USB::USB Host:CDC HS::1.0:USB_HOST_1_0_RESTRICTED_HS
2025-07-08 22:02:35,876 [WARN] ModelIntegratedComponent:188 - Modes not found for component STMicroelectronics:USB_HOST:1.0.0:STMicroelectronics:USB::USB Host:CDC HS::1.0:USB_HOST_1_0_RESTRICTED_HS
2025-07-08 22:02:35,876 [WARN] ModelIntegratedComponent:182 - Modes not found for component STMicroelectronics:USB_HOST:1.0.0:STMicroelectronics:USB::USB Host:MSC HS::1.0:USB_HOST_1_0_RESTRICTED_HS
2025-07-08 22:02:35,876 [WARN] ModelIntegratedComponent:188 - Modes not found for component STMicroelectronics:USB_HOST:1.0.0:STMicroelectronics:USB::USB Host:MSC HS::1.0:USB_HOST_1_0_RESTRICTED_HS
2025-07-08 22:02:35,876 [WARN] ModelIntegratedComponent:182 - Modes not found for component STMicroelectronics:USB_HOST:1.0.0:STMicroelectronics:USB::USB Host:HID HS::1.0:USB_HOST_1_0_RESTRICTED_HS
2025-07-08 22:02:35,876 [WARN] ModelIntegratedComponent:188 - Modes not found for component STMicroelectronics:USB_HOST:1.0.0:STMicroelectronics:USB::USB Host:HID HS::1.0:USB_HOST_1_0_RESTRICTED_HS
2025-07-08 22:02:35,876 [WARN] ModelIntegratedComponent:182 - Modes not found for component STMicroelectronics:USB_HOST:1.0.0:STMicroelectronics:USB::USB Host:MTP HS::1.0:USB_HOST_1_0_RESTRICTED_HS
2025-07-08 22:02:35,876 [WARN] ModelIntegratedComponent:188 - Modes not found for component STMicroelectronics:USB_HOST:1.0.0:STMicroelectronics:USB::USB Host:MTP HS::1.0:USB_HOST_1_0_RESTRICTED_HS
2025-07-08 22:02:35,883 [WARN] ModelIntegratedComponent:63 - No mode defined for component null
2025-07-08 22:02:35,884 [WARN] ModelIntegratedComponent:63 - No mode defined for component null
2025-07-08 22:02:35,884 [WARN] ModelIntegratedComponent:63 - No mode defined for component null
2025-07-08 22:02:35,884 [WARN] ModelIntegratedComponent:63 - No mode defined for component null
2025-07-08 22:02:35,884 [WARN] ModelIntegratedComponent:63 - No mode defined for component null
2025-07-08 22:02:35,884 [WARN] ModelIntegratedComponent:63 - No mode defined for component null
2025-07-08 22:02:35,884 [WARN] ModelIntegratedComponent:63 - No mode defined for component null
2025-07-08 22:02:35,884 [WARN] ModelIntegratedComponent:63 - No mode defined for component null
2025-07-08 22:02:35,884 [WARN] ModelIntegratedComponent:63 - No mode defined for component null
2025-07-08 22:02:35,884 [WARN] ModelIntegratedComponent:63 - No mode defined for component null
2025-07-08 22:02:35,884 [WARN] ModelIntegratedComponent:63 - No mode defined for component null
2025-07-08 22:02:35,884 [WARN] ModelIntegratedComponent:63 - No mode defined for component null
2025-07-08 22:02:35,884 [WARN] ModelIntegratedComponent:63 - No mode defined for component null
2025-07-08 22:02:35,884 [WARN] ModelIntegratedComponent:63 - No mode defined for component null
2025-07-08 22:02:35,884 [WARN] ModelIntegratedComponent:63 - No mode defined for component null
2025-07-08 22:02:35,884 [WARN] ModelIntegratedComponent:63 - No mode defined for component null
2025-07-08 22:02:35,884 [WARN] ModelIntegratedComponent:63 - No mode defined for component null
2025-07-08 22:02:35,884 [WARN] ModelIntegratedComponent:63 - No mode defined for component null
2025-07-08 22:02:35,884 [WARN] ModelIntegratedComponent:63 - No mode defined for component null
2025-07-08 22:02:35,884 [WARN] ModelIntegratedComponent:63 - No mode defined for component null
2025-07-08 22:02:35,884 [WARN] ModelIntegratedComponent:63 - No mode defined for component null
2025-07-08 22:02:35,884 [WARN] ModelIntegratedComponent:63 - No mode defined for component null
2025-07-08 22:02:35,884 [WARN] ModelIntegratedComponent:63 - No mode defined for component null
2025-07-08 22:02:35,884 [WARN] ModelIntegratedComponent:63 - No mode defined for component null
2025-07-08 22:02:35,884 [WARN] ModelIntegratedComponent:63 - No mode defined for component null
2025-07-08 22:02:35,884 [WARN] ModelIntegratedComponent:63 - No mode defined for component null
2025-07-08 22:02:35,884 [WARN] ModelIntegratedComponent:63 - No mode defined for component null
2025-07-08 22:02:35,884 [WARN] ModelIntegratedComponent:63 - No mode defined for component null
2025-07-08 22:02:35,884 [WARN] ModelIntegratedComponent:63 - No mode defined for component null
2025-07-08 22:02:35,885 [WARN] ModelIntegratedComponent:63 - No mode defined for component null
2025-07-08 22:02:35,885 [WARN] ModelIntegratedComponent:63 - No mode defined for component null
2025-07-08 22:02:35,885 [WARN] ModelIntegratedComponent:63 - No mode defined for component null
2025-07-08 22:02:35,885 [WARN] ModelIntegratedComponent:63 - No mode defined for component null
2025-07-08 22:02:35,885 [WARN] ModelIntegratedComponent:63 - No mode defined for component null
2025-07-08 22:02:35,885 [WARN] ModelIntegratedComponent:63 - No mode defined for component null
2025-07-08 22:02:35,885 [WARN] ModelPack:524 - Component already loaded: STMicroelectronics:HAL Drivers:0.0.0:STMicroelectronics:Device:STMicro_Driver:XSPI:HAL::0.0.1:HAL_XSPI
2025-07-08 22:02:35,948 [WARN] ModelIntegratedComponent:182 - Modes not found for component STMicroelectronics:USB_DEVICE:1.0.0:STMicroelectronics:USB::USB Device:Audio HS::1.0:USB_DEVICE_1_0_RESTRICTED_HS
2025-07-08 22:02:35,948 [WARN] ModelIntegratedComponent:188 - Modes not found for component STMicroelectronics:USB_DEVICE:1.0.0:STMicroelectronics:USB::USB Device:Audio HS::1.0:USB_DEVICE_1_0_RESTRICTED_HS
2025-07-08 22:02:35,948 [WARN] ModelIntegratedComponent:182 - Modes not found for component STMicroelectronics:USB_DEVICE:1.0.0:STMicroelectronics:USB::USB Device:CDC HS::1.0:USB_DEVICE_1_0_RESTRICTED_HS
2025-07-08 22:02:35,948 [WARN] ModelIntegratedComponent:188 - Modes not found for component STMicroelectronics:USB_DEVICE:1.0.0:STMicroelectronics:USB::USB Device:CDC HS::1.0:USB_DEVICE_1_0_RESTRICTED_HS
2025-07-08 22:02:35,948 [WARN] ModelIntegratedComponent:182 - Modes not found for component STMicroelectronics:USB_DEVICE:1.0.0:STMicroelectronics:USB::USB Device:DFU HS::1.0:USB_DEVICE_1_0_RESTRICTED_HS
2025-07-08 22:02:35,948 [WARN] ModelIntegratedComponent:188 - Modes not found for component STMicroelectronics:USB_DEVICE:1.0.0:STMicroelectronics:USB::USB Device:DFU HS::1.0:USB_DEVICE_1_0_RESTRICTED_HS
2025-07-08 22:02:35,948 [WARN] ModelIntegratedComponent:182 - Modes not found for component STMicroelectronics:USB_DEVICE:1.0.0:STMicroelectronics:USB::USB Device:HID HS::1.0:USB_DEVICE_1_0_RESTRICTED_HS
2025-07-08 22:02:35,948 [WARN] ModelIntegratedComponent:188 - Modes not found for component STMicroelectronics:USB_DEVICE:1.0.0:STMicroelectronics:USB::USB Device:HID HS::1.0:USB_DEVICE_1_0_RESTRICTED_HS
2025-07-08 22:02:35,948 [WARN] ModelIntegratedComponent:182 - Modes not found for component STMicroelectronics:USB_DEVICE:1.0.0:STMicroelectronics:USB::USB Device:Custom HID HS::1.0:USB_DEVICE_1_0_RESTRICTED_HS
2025-07-08 22:02:35,948 [WARN] ModelIntegratedComponent:188 - Modes not found for component STMicroelectronics:USB_DEVICE:1.0.0:STMicroelectronics:USB::USB Device:Custom HID HS::1.0:USB_DEVICE_1_0_RESTRICTED_HS
2025-07-08 22:02:35,948 [WARN] ModelIntegratedComponent:182 - Modes not found for component STMicroelectronics:USB_DEVICE:1.0.0:STMicroelectronics:USB::USB Device:MSC HS::1.0:USB_DEVICE_1_0_RESTRICTED_HS
2025-07-08 22:02:35,948 [WARN] ModelIntegratedComponent:188 - Modes not found for component STMicroelectronics:USB_DEVICE:1.0.0:STMicroelectronics:USB::USB Device:MSC HS::1.0:USB_DEVICE_1_0_RESTRICTED_HS
2025-07-08 22:02:35,966 [INFO] ThirdPartyModel:298 - Start build external matchings
2025-07-08 22:02:36,197 [INFO] ThirdPartyModel:316 - End build external matchings
2025-07-08 22:02:36,213 [INFO] ImportTextPane:218 - (OptionalMessage_ERROR) IP (DMA) : Parameter (Instance) has Id (I2C1_TX) currently not set
2025-07-08 22:02:36,213 [INFO] ImportTextPane:218 - (OptionalMessage_ERROR) IP (DMA) : Parameter (Channel) has Id (I2C1_TX) currently not set
2025-07-08 22:02:36,213 [INFO] ImportTextPane:218 - (OptionalMessage_ERROR) IP (DMA) : Parameter (Direction) has Id (I2C1_TX) currently not set
2025-07-08 22:02:36,213 [INFO] ImportTextPane:218 - (OptionalMessage_ERROR) IP (DMA) : Parameter (PeriphInc) has Id (I2C1_TX) currently not set
2025-07-08 22:02:36,213 [INFO] ImportTextPane:218 - (OptionalMessage_ERROR) IP (DMA) : Parameter (MemInc) has Id (I2C1_TX) currently not set
2025-07-08 22:02:36,213 [INFO] ImportTextPane:218 - (OptionalMessage_ERROR) IP (DMA) : Parameter (PeriphDataAlignment) has Id (I2C1_TX) currently not set
2025-07-08 22:02:36,214 [INFO] ImportTextPane:218 - (OptionalMessage_ERROR) IP (DMA) : Parameter (MemDataAlignment) has Id (I2C1_TX) currently not set
2025-07-08 22:02:36,214 [INFO] ImportTextPane:218 - (OptionalMessage_ERROR) IP (DMA) : Parameter (Mode) has Id (I2C1_TX) currently not set
2025-07-08 22:02:36,214 [INFO] ImportTextPane:218 - (OptionalMessage_ERROR) IP (DMA) : Parameter (Priority) has Id (I2C1_TX) currently not set
2025-07-08 22:02:36,214 [INFO] ImportTextPane:218 - (OptionalMessage_ERROR) IP (DMA) : Parameter (FIFOMode) has Id (I2C1_TX) currently not set
2025-07-08 22:02:36,214 [INFO] ImportTextPane:218 - (OptionalMessage_ERROR) IP (DMA) : Parameter (Instance) has Id (USART1_RX) currently not set
2025-07-08 22:02:36,214 [INFO] ImportTextPane:218 - (OptionalMessage_ERROR) IP (DMA) : Parameter (Channel) has Id (USART1_RX) currently not set
2025-07-08 22:02:36,214 [INFO] ImportTextPane:218 - (OptionalMessage_ERROR) IP (DMA) : Parameter (Direction) has Id (USART1_RX) currently not set
2025-07-08 22:02:36,214 [INFO] ImportTextPane:218 - (OptionalMessage_ERROR) IP (DMA) : Parameter (PeriphInc) has Id (USART1_RX) currently not set
2025-07-08 22:02:36,214 [INFO] ImportTextPane:218 - (OptionalMessage_ERROR) IP (DMA) : Parameter (MemInc) has Id (USART1_RX) currently not set
2025-07-08 22:02:36,214 [INFO] ImportTextPane:218 - (OptionalMessage_ERROR) IP (DMA) : Parameter (PeriphDataAlignment) has Id (USART1_RX) currently not set
2025-07-08 22:02:36,214 [INFO] ImportTextPane:218 - (OptionalMessage_ERROR) IP (DMA) : Parameter (MemDataAlignment) has Id (USART1_RX) currently not set
2025-07-08 22:02:36,214 [INFO] ImportTextPane:218 - (OptionalMessage_ERROR) IP (DMA) : Parameter (Mode) has Id (USART1_RX) currently not set
2025-07-08 22:02:36,214 [INFO] ImportTextPane:218 - (OptionalMessage_ERROR) IP (DMA) : Parameter (Priority) has Id (USART1_RX) currently not set
2025-07-08 22:02:36,214 [INFO] ImportTextPane:218 - (OptionalMessage_ERROR) IP (DMA) : Parameter (FIFOMode) has Id (USART1_RX) currently not set
2025-07-08 22:02:36,214 [INFO] ImportTextPane:218 - (OptionalMessage_ERROR) IP (DMA) : Parameter (Instance) has Id (USART1_TX) currently not set
2025-07-08 22:02:36,214 [INFO] ImportTextPane:218 - (OptionalMessage_ERROR) IP (DMA) : Parameter (Channel) has Id (USART1_TX) currently not set
2025-07-08 22:02:36,214 [INFO] ImportTextPane:218 - (OptionalMessage_ERROR) IP (DMA) : Parameter (Direction) has Id (USART1_TX) currently not set
2025-07-08 22:02:36,214 [INFO] ImportTextPane:218 - (OptionalMessage_ERROR) IP (DMA) : Parameter (PeriphInc) has Id (USART1_TX) currently not set
2025-07-08 22:02:36,214 [INFO] ImportTextPane:218 - (OptionalMessage_ERROR) IP (DMA) : Parameter (MemInc) has Id (USART1_TX) currently not set
2025-07-08 22:02:36,214 [INFO] ImportTextPane:218 - (OptionalMessage_ERROR) IP (DMA) : Parameter (PeriphDataAlignment) has Id (USART1_TX) currently not set
2025-07-08 22:02:36,214 [INFO] ImportTextPane:218 - (OptionalMessage_ERROR) IP (DMA) : Parameter (MemDataAlignment) has Id (USART1_TX) currently not set
2025-07-08 22:02:36,215 [INFO] ImportTextPane:218 - (OptionalMessage_ERROR) IP (DMA) : Parameter (Mode) has Id (USART1_TX) currently not set
2025-07-08 22:02:36,215 [INFO] ImportTextPane:218 - (OptionalMessage_ERROR) IP (DMA) : Parameter (Priority) has Id (USART1_TX) currently not set
2025-07-08 22:02:36,215 [INFO] ImportTextPane:218 - (OptionalMessage_ERROR) IP (DMA) : Parameter (FIFOMode) has Id (USART1_TX) currently not set
2025-07-08 22:02:36,216 [WARN] IP:2250 - I2C_Coeff_DF not found: check if there is a RefParameter without a condition.
2025-07-08 22:02:36,216 [WARN] IP:2250 - Analog_Filter not found: check if there is a RefParameter without a condition.
2025-07-08 22:02:36,216 [INFO] ImportTextPane:218 - (OptionalMessage_ERROR) IP (RCC) : Parameter (48MHZClocksFreq_Value) has invalid value (50000000)
2025-07-08 22:02:36,217 [INFO] ImportTextPane:218 - (OptionalMessage_ERROR) IP (RCC) : Parameter (RTCHSEDivFreq_Value) has invalid value (12500000)
2025-07-08 22:02:36,394 [INFO] ApiDb:581 - Connected to CubeFinder SQLite database (/home/adrian/.stmcufinder/plugins/mcufinder/mcu/cube-finder-db.db)
2025-07-08 22:02:36,444 [INFO] ApiDb:668 - CubeFinder database Data Model version=2.1
2025-07-08 22:02:36,444 [INFO] ApiDb:669 - CubeFinder database Configuration version=3.0.39
2025-07-08 22:02:36,444 [INFO] ApiDb:670 - CubeFinder database generation date=2025-03-24 (1742811287)
2025-07-08 22:02:36,444 [INFO] ApiDb:671 - CubeFinder database FW Pack versions=[FP-ATR-ASTRA1_V2.0.0, FP-SNS-FLIGHT1_V5.0.2, FP-SNS-MOTENV1_V5.0.0, FP-SNS-MOTENVWB1_V1.4.0, FP-SNS-SMARTAG2_V1.2.0, FP-SNS-STBOX1_V2.0.0, STM32Cube_FW_C0_V1.4.0, STM32Cube_FW_F4_V1.28.1, STM32Cube_FW_F7_V1.17.2, STM32Cube_FW_G0_V1.6.2, STM32Cube_FW_G4_V1.6.1, STM32Cube_FW_H5_V1.5.0, STM32Cube_FW_H7RS_V1.2.0, STM32Cube_FW_H7_V1.12.1, STM32Cube_FW_L0_V1.12.2, STM32Cube_FW_L4_V1.18.1, STM32Cube_FW_L5_V1.5.1, STM32Cube_FW_N6_V1.1.0, STM32Cube_FW_U0_V1.2.0, STM32Cube_FW_U3_V1.1.0, STM32Cube_FW_U5_V1.7.0, STM32Cube_FW_WB0_V1.2.0, STM32Cube_FW_WBA_V1.6.0, STM32Cube_FW_WB_V1.22.0, STM32Cube_FW_WL3_V1.1.0, STM32Cube_FW_WL_V1.3.1, X-CUBE-ALGOBUILD_V1.4.0, X-CUBE-ALS_V1.0.2, X-CUBE-AZRTOS-F4_V1.1.0, X-CUBE-AZRTOS-F7_V1.1.0, X-CUBE-AZRTOS-G0_V1.1.0, X-CUBE-AZRTOS-G4_V2.0.0, X-CUBE-AZRTOS-H7RS_V1.0.0, X-CUBE-AZRTOS-H7_V3.3.0, X-CUBE-AZRTOS-L4_V2.0.0, X-CUBE-AZRTOS-L5_V2.0.0, X-CUBE-AZRTOS-WB_V2.0.0, X-CUBE-AZRTOS-WL_V2.0.0, X-CUBE-BLE1_V7.1.0, X-CUBE-BLE2_V3.3.0, X-CUBE-BLEMGR_V4.0.0, X-CUBE-EEPRMA1_V5.1.0, X-CUBE-FREERTOS_V1.3.0, X-CUBE-GNSS1_V6.0.0, X-CUBE-MEMS1_V11.1.0, X-CUBE-NFC4_V3.0.0, X-CUBE-NFC7_V1.0.1, X-CUBE-SFXS2LP1_V4.0.0, X-CUBE-SUBG2_V5.0.0, X-CUBE-TOF1_V3.4.2]
2025-07-08 22:02:36,523 [INFO] DbBoardsSqlite:226 - include board P-NUCLEO-WB55-NUCLEO as a kit item of type 'Nucleo-64'
2025-07-08 22:02:36,524 [INFO] DbBoardsSqlite:226 - include board P-NUCLEO-WB55-USBDONGLE as a kit item of type 'Nucleo USB Dongle'
2025-07-08 22:02:36,524 [INFO] DbBoardsSqlite:226 - include board STEVAL-IDP005V1 as a kit item of type 'Evaluation Board'
2025-07-08 22:02:36,524 [INFO] DbBoardsSqlite:226 - include board STEVAL-IDP005V2 as a kit item of type 'Evaluation Board'
2025-07-08 22:02:36,647 [INFO] ApiDb:240 - Found 895 in-development CPN: [B-G473E-ZEST1S, B-WB1M-WPAN1, B-WBA5M-WPAN, B-WL5M-SUBG1, NUCLEO-C031C6, NUCLEO-C051C8, NUCLEO-C071RB, NUCLEO-C092RC, NUCLEO-H503RB, NUCLEO-H533RE, NUCLEO-H563ZI, NUCLEO-H7S3L8, NUCLEO-N657X0-Q, NUCLEO-U031R8, NUCLEO-U083RC, NUCLEO-U385RG-Q, NUCLEO-U545RE-Q, NUCLEO-U5A5ZJ-Q, NUCLEO-WB05KZ, NUCLEO-WB07CC, NUCLEO-WB09KE, NUCLEO-WBA52CG, NUCLEO-WBA55CG, NUCLEO-WBA65RI, NUCLEO-WL33CC1, NUCLEO-WL33CC2, STEVAL-PROTEUS1, STEVAL-SMARTAG2, STEVAL-STWINBX1, STM320518-EVAL, STM32C0116-DK, STM32C011D6Y3TR, STM32C011D6Y6TR, STM32C011F4P3, STM32C011F4P6, STM32C011F4U3, STM32C011F4U6TR, STM32C011F6P3, STM32C011F6P6, STM32C011F6U3, STM32C011F6U6TR, STM32C011J4M3, STM32C011J4M6, STM32C011J6M3, STM32C011J6M6, STM32C0316-DK, STM32C031C4T3, STM32C031C4T6, STM32C031C4U3, STM32C031C4U6, STM32C031C6T3, STM32C031C6T6, STM32C031C6U3, STM32C031C6U6, STM32C031F4P3, STM32C031F4P6, STM32C031F6P3, STM32C031F6P6, STM32C031G4U3, STM32C031G4U6, STM32C031G6U3, STM32C031G6U6, STM32C031K4T3, STM32C031K4T6, STM32C031K4U3, STM32C031K4U6, STM32C031K6T3, STM32C031K6T6, STM32C031K6U3, STM32C031K6U6, STM32C051C6T6, STM32C051C6U6, STM32C051C8T6, STM32C051C8U6, STM32C051D8Y6TR, STM32C051F6P6, STM32C051F8P6, STM32C051G6U6, STM32C051G8U6, STM32C051K6T6, STM32C051K6U6, STM32C051K8T6, STM32C071C8T6, STM32C071C8T6N, STM32C071C8U6, STM32C071C8U6N, STM32C071CBT6, STM32C071CBT6N, STM32C071CBU6, STM32C071CBU6N, STM32C071F8P6, STM32C071F8P6N, STM32C071FBP6, STM32C071FBP6N, STM32C071FBY6TR, STM32C071G8U6, STM32C071G8U6N, STM32C071GBU6, STM32C071GBU6N, STM32C071K8T6, STM32C071K8T6N, STM32C071K8U6, STM32C071K8U6N, STM32C071KBT6, STM32C071KBT6N, STM32C071KBU6, STM32C071KBU6N, STM32C071R8T6, STM32C071R8T6N, STM32C071RBI6N, STM32C071RBT6, STM32C071RBT6N, STM32C091CBT6, STM32C091CBU6, STM32C091CCT6, STM32C091CCU6, STM32C091ECY6TR, STM32C091FBP6, STM32C091FCP6, STM32C091GBU6, STM32C091GCU6, STM32C091KBT6, STM32C091KBU6, STM32C091KCT6, STM32C091KCU6, STM32C091RBT6, STM32C091RCI6, STM32C091RCT6, STM32C092CBT6, STM32C092CBU6, STM32C092CCT6, STM32C092CCU6, STM32C092ECY6TR, STM32C092FBP6, STM32C092FCP6, STM32C092GBU6, STM32C092GCU6, STM32C092KBT6, STM32C092KBU6, STM32C092KCT6, STM32C092KCU6, STM32C092RBT6, STM32C092RCI6, STM32C092RCT6, STM32G071K8TXN, STM32G071K8UXN, STM32G081GBU6N, STM32G081KBT6N, STM32G081KBUXN, STM32G0B1CCT6N, STM32G0B1KCT6, STM32G0B1NEY6TR, STM32G0B1RCT6N, STM32G0C1CCT6, STM32G0C1CCT6N, STM32G0C1CCU6N, STM32G0C1CET6N, STM32G0C1CEU6N, STM32G0C1KCT6, STM32G0C1NEY6TR, STM32G0C1RCI6N, STM32G0C1RCT6N, STM32G0C1REI6N, STM32G0C1RET6N, STM32G0C1VCI6, STM32G0C1VEI6, STM32G411C6T3, STM32G411C6T6, STM32G411C6U3, STM32G411C6U6, STM32G411C8T3, STM32G411C8T6, STM32G411C8U3, STM32G411C8U6, STM32G411CBT3, STM32G411CBT6, STM32G411CBU3, STM32G411CBU6, STM32G411CCT3, STM32G411CCT6, STM32G411CCU3, STM32G411CCU6, STM32G411K6T3, STM32G411K6T6, STM32G411K6U3, STM32G411K6U6, STM32G411K8T3, STM32G411K8T6, STM32G411K8U3, STM32G411K8U6, STM32G411KBT3, STM32G411KBT6, STM32G411KBU3, STM32G411KBU6, STM32G411M6T3, STM32G411M6T6, STM32G411M8T3, STM32G411M8T6, STM32G411MBT3, STM32G411MBT6, STM32G411MCT3, STM32G411MCT6, STM32G411R6T3, STM32G411R6T6, STM32G411R8T3, STM32G411R8T6, STM32G411RBT3, STM32G411RBT6, STM32G411RCT3, STM32G411RCT6, STM32G414CBT3, STM32G414CBT6, STM32G414CBU3, STM32G414CBU6, STM32G414CCT3, STM32G414CCT6, STM32G414CCU3, STM32G414CCU6, STM32G414MBT3, STM32G414MBT6, STM32G414MCT3, STM32G414MCT6, STM32G414RBT3, STM32G414RBT6, STM32G414RCT3, STM32G414RCT6, STM32G414VBT3, STM32G414VBT6, STM32G414VCT3, STM32G414VCT6, STM32G431CBT3Z, STM32G431RBT3Z, STM32G471CCT6, STM32G471CCU6, STM32G471CET3, STM32G471CET6, STM32G471CEU3, STM32G471CEU6, STM32G471MCT6, STM32G471MET3, STM32G471MET6, STM32G471MEY6TR, STM32G471QCT6, STM32G471QET3, STM32G471RCT6, STM32G471RET3, STM32G471RET6, STM32G471VCH6, STM32G471VCI6, STM32G471VCT6, STM32G471VEH3, STM32G471VEH6, STM32G471VEI3, STM32G471VEI6, STM32G471VET3, STM32G471VET6, STM32G473QET3Z, STM32G473RET3Z, STM32G474CCT6, STM32G491RET3Z, STM32H503CBT6, STM32H503CBU6, STM32H503EBY6TR, STM32H503KBU6, STM32H503RBT6, STM32H523CCT6, STM32H523CCU6, STM32H523CET6, STM32H523CEU6, STM32H523HEY6TR, STM32H523RCT6, STM32H523RET6, STM32H523VCI6, STM32H523VCT6, STM32H523VEI6, STM32H523VET6, STM32H523ZCJ6, STM32H523ZCT6, STM32H523ZEJ6, STM32H523ZET6, STM32H533CET6, STM32H533CEU6, STM32H533HEY6TR, STM32H533RET6, STM32H533VEI6, STM32H533VET6, STM32H533ZEJ6, STM32H533ZET6, STM32H562AGI6, STM32H562AII6, STM32H562IGK6, STM32H562IGT6, STM32H562IIK6, STM32H562IIT6, STM32H562RGT6, STM32H562RGV6, STM32H562RIT6, STM32H562RIV6, STM32H562VGT6, STM32H562VIT6, STM32H562ZGT6, STM32H562ZIT6, STM32H563AGI6, STM32H563AII3Q, STM32H563AII6, STM32H563IGK6, STM32H563IGT6, STM32H563IIK3Q, STM32H563IIK6, STM32H563IIT3Q, STM32H563IIT6, STM32H563MIY3QTR, STM32H563RGT6, STM32H563RGV6, STM32H563RIT6, STM32H563RIV6, STM32H563VGT6, STM32H563VIT3Q, STM32H563VIT6, STM32H563ZGT6, STM32H563ZIT3Q, STM32H563ZIT6, STM32H573AII3Q, STM32H573AII6, STM32H573I-DK, STM32H573IIK3Q, STM32H573IIK6, STM32H573IIT3Q, STM32H573IIT6, STM32H573MIY3QTR, STM32H573RIT6, STM32H573RIV6, STM32H573VIT3Q, STM32H573VIT6, STM32H573ZIT3Q, STM32H573ZIT6, STM32H7R3A8I6, STM32H7R3I8K6, STM32H7R3I8T6, STM32H7R3L8H6, STM32H7R3L8H6H, STM32H7R3R8V6, STM32H7R3V8H6, STM32H7R3V8T6, STM32H7R3V8Y6TR, STM32H7R3Z8J6, STM32H7R3Z8T6, STM32H7R7A8I6, STM32H7R7I8K6, STM32H7R7I8T6, STM32H7R7L8H6, STM32H7R7L8H6H, STM32H7R7Z8J6, STM32H7S3A8I6, STM32H7S3I8K6, STM32H7S3I8T6, STM32H7S3L8H6, STM32H7S3L8H6H, STM32H7S3R8V6, STM32H7S3V8H6, STM32H7S3V8T6, STM32H7S3V8Y6TR, STM32H7S3Z8J6, STM32H7S3Z8T6, STM32H7S78-DK, STM32H7S7A8I6, STM32H7S7I8K6, STM32H7S7I8T6, STM32H7S7L8H6, STM32H7S7L8H6H, STM32H7S7Z8J6, STM32L4R5QGI6STR, STM32MP131AAE3, STM32MP131AAF3, STM32MP131AAG3, STM32MP131CAE3, STM32MP131CAF3, STM32MP131CAG3, STM32MP131DAE7, STM32MP131DAF7, STM32MP131DAG7, STM32MP131FAE7, STM32MP131FAF7, STM32MP131FAG7, STM32MP133AAE3, STM32MP133AAF3, STM32MP133AAG3, STM32MP133CAE3, STM32MP133CAF3, STM32MP133CAG3, STM32MP133DAE7, STM32MP133DAF7, STM32MP133DAG7, STM32MP133FAE7, STM32MP133FAF7, STM32MP133FAG7, STM32MP135AAE3, STM32MP135AAF3, STM32MP135AAG3, STM32MP135CAE3, STM32MP135CAF3, STM32MP135CAG3, STM32MP135DAE7, STM32MP135DAF7, STM32MP135DAG7, STM32MP135F-DK, STM32MP135FAE7, STM32MP135FAF7, STM32MP135FAF7T, STM32MP135FAF7U, STM32MP135FAG7, STM32MP231AAJ3, STM32MP231AAK3, STM32MP231AAL3, STM32MP231CAJ3, STM32MP231CAK3, STM32MP231CAL3, STM32MP231DAJ3, STM32MP231DAK3, STM32MP231DAL3, STM32MP231FAJ3, STM32MP231FAK3, STM32MP231FAL3, STM32MP233AAJ3, STM32MP233AAK3, STM32MP233AAL3, STM32MP233CAJ3, STM32MP233CAK3, STM32MP233CAL3, STM32MP233DAJ3, STM32MP233DAK3, STM32MP233DAL3, STM32MP233FAJ3, STM32MP233FAK3, STM32MP233FAL3, STM32MP235AAJ3, STM32MP235AAK3, STM32MP235AAL3, STM32MP235CAJ3, STM32MP235CAK3, STM32MP235CAL3, STM32MP235DAJ3, STM32MP235DAK3, STM32MP235DAL3, STM32MP235FAJ3, STM32MP235FAK3, STM32MP235FAL3, STM32MP251AAI3, STM32MP251AAJ3, STM32MP251AAK3, STM32MP251AAL3, STM32MP251CAI3, STM32MP251CAJ3, STM32MP251CAK3, STM32MP251CAL3, STM32MP251DAI3, STM32MP251DAJ3, STM32MP251DAK3, STM32MP251DAL3, STM32MP251FAI3, STM32MP251FAJ3, STM32MP251FAK3, STM32MP251FAL3, STM32MP253AAI3, STM32MP253AAJ3, STM32MP253AAK3, STM32MP253AAL3, STM32MP253CAI3, STM32MP253CAJ3, STM32MP253CAK3, STM32MP253CAL3, STM32MP253DAI3, STM32MP253DAJ3, STM32MP253DAK3, STM32MP253DAL3, STM32MP253FAI3, STM32MP253FAJ3, STM32MP253FAK3, STM32MP253FAL3, STM32MP255AAI3, STM32MP255AAJ3, STM32MP255AAK3, STM32MP255AAL3, STM32MP255CAI3, STM32MP255CAJ3, STM32MP255CAK3, STM32MP255CAL3, STM32MP255DAI3, STM32MP255DAJ3, STM32MP255DAK3, STM32MP255DAL3, STM32MP255FAI3, STM32MP255FAJ3, STM32MP255FAK3, STM32MP255FAL3, STM32MP257AAI3, STM32MP257AAJ3, STM32MP257AAK3, STM32MP257AAL3, STM32MP257CAI3, STM32MP257CAJ3, STM32MP257CAK3, STM32MP257CAL3, STM32MP257DAI3, STM32MP257DAJ3, STM32MP257DAK3, STM32MP257DAL3, STM32MP257F-DK, STM32MP257F-EV1, STM32MP257FAI3, STM32MP257FAJ3, STM32MP257FAK3, STM32MP257FAL3, STM32N645A0H3Q, STM32N645B0H3Q, STM32N645I0H3Q, STM32N645L0H3Q, STM32N645X0H3Q, STM32N645Z0H3Q, STM32N647A0H3Q, STM32N647B0H3Q, STM32N647I0H3Q, STM32N647L0H3Q, STM32N647X0H3Q, STM32N647Z0H3Q, STM32N655A0H3Q, STM32N655B0H3Q, STM32N655I0H3Q, STM32N655L0H3Q, STM32N655X0H3Q, STM32N655Z0H3Q, STM32N6570-DK, STM32N657A0H3Q, STM32N657B0H3Q, STM32N657I0H3Q, STM32N657L0H3Q, STM32N657X0H3Q, STM32N657Z0H3Q, STM32U031C6T6, STM32U031C6U6, STM32U031C8T6, STM32U031C8U6, STM32U031F4P6, STM32U031F6P6, STM32U031F8P6, STM32U031G6Y6TR, STM32U031G8Y6TR, STM32U031K4U6, STM32U031K6U6, STM32U031K8U6, STM32U031R6I6, STM32U031R6T6, STM32U031R8I6, STM32U031R8T6, STM32U073C8T6, STM32U073C8U6, STM32U073CBT6, STM32U073CBU6, STM32U073CCT6, STM32U073CCU6, STM32U073H8Y6TR, STM32U073HBY6TR, STM32U073HCY6TR, STM32U073K8U6, STM32U073KBU6, STM32U073KCU6, STM32U073M8I6, STM32U073M8T6, STM32U073MBI6, STM32U073MBT6, STM32U073MCI6, STM32U073MCT6, STM32U073R8I6, STM32U073R8T6, STM32U073RBI6, STM32U073RBT6, STM32U073RCI6, STM32U073RCT6, STM32U083C-DK, STM32U083CCT6, STM32U083CCU6, STM32U083HCY6TR, STM32U083KCU6, STM32U083MCI6, STM32U083MCT6, STM32U083RCI6, STM32U083RCT6, STM32U375CET6, STM32U375CET6Q, STM32U375CEU6, STM32U375CEU6Q, STM32U375CEY6QTR, STM32U375CGT6, STM32U375CGT6Q, STM32U375CGU6, STM32U375CGU6Q, STM32U375CGY6QTR, STM32U375KEU6, STM32U375KGU6, STM32U375REI6, STM32U375REI6Q, STM32U375RET6, STM32U375RET6Q, STM32U375REY6GTR, STM32U375REY6QTR, STM32U375RGI6, STM32U375RGI6Q, STM32U375RGT6, STM32U375RGT6Q, STM32U375RGY6GTR, STM32U375RGY6QTR, STM32U375VEI6, STM32U375VEI6Q, STM32U375VET6, STM32U375VET6Q, STM32U375VGI6, STM32U375VGI6Q, STM32U375VGT6, STM32U375VGT6Q, STM32U385CGT6, STM32U385CGT6Q, STM32U385CGU6, STM32U385CGU6Q, STM32U385CGY6QTR, STM32U385KGU6, STM32U385RGI6, STM32U385RGI6Q, STM32U385RGT6, STM32U385RGT6Q, STM32U385RGY6GTR, STM32U385RGY6QTR, STM32U385VGI6, STM32U385VGI6Q, STM32U385VGT6, STM32U385VGT6Q, STM32U535CBT6, STM32U535CBT6Q, STM32U535CBU6, STM32U535CBU6Q, STM32U535CCT6, STM32U535CCT6Q, STM32U535CCU6, STM32U535CCU6Q, STM32U535CET6, STM32U535CET6Q, STM32U535CEU6, STM32U535CEU6Q, STM32U535JEY6QTR, STM32U535NCY6QTR, STM32U535NEY6QTR, STM32U535RBI6, STM32U535RBI6Q, STM32U535RBT6, STM32U535RBT6Q, STM32U535RCI6, STM32U535RCI6Q, STM32U535RCT6, STM32U535RCT6Q, STM32U535REI6, STM32U535REI6Q, STM32U535RET6, STM32U535RET6Q, STM32U535VCI6, STM32U535VCI6Q, STM32U535VCT6, STM32U535VCT6Q, STM32U535VEI6, STM32U535VEI6Q, STM32U535VET6, STM32U535VET6Q, STM32U545CET6, STM32U545CET6Q, STM32U545CEU6, STM32U545CEU6Q, STM32U545JEY6QTR, STM32U545NEY6QTR, STM32U545REI6, STM32U545REI6Q, STM32U545RET6, STM32U545RET6Q, STM32U545VEI6, STM32U545VEI6Q, STM32U545VET6, STM32U545VET6Q, STM32U595AIH6, STM32U595AIH6Q, STM32U595AJH6, STM32U595AJH6Q, STM32U595QII6, STM32U595QII6Q, STM32U595QJI6, STM32U595QJI6Q, STM32U595RIT6, STM32U595RIT6Q, STM32U595RJT6, STM32U595RJT6Q, STM32U595VIT6, STM32U595VIT6Q, STM32U595VJT6, STM32U595VJT6Q, STM32U595ZIT6, STM32U595ZIT6Q, STM32U595ZIY6QTR, STM32U595ZJT6, STM32U595ZJT6Q, STM32U595ZJY6QTR, STM32U599BJY6QTR, STM32U599NIH6Q, STM32U599NJH6Q, STM32U599VIT6Q, STM32U599VJT6, STM32U599VJT6Q, STM32U599ZIT6Q, STM32U599ZIY6QTR, STM32U599ZJT6Q, STM32U599ZJY6QTR, STM32U5A5AJH6, STM32U5A5AJH6Q, STM32U5A5QII3Q , STM32U5A5QJI6, STM32U5A5QJI6Q, STM32U5A5RJT6, STM32U5A5RJT6Q, STM32U5A5VJT6, STM32U5A5VJT6Q, STM32U5A5ZJT6, STM32U5A5ZJT6Q, STM32U5A5ZJY6QTR, STM32U5A9BJY6QTR, STM32U5A9J-DK, STM32U5A9NJH6Q, STM32U5A9VJT6Q, STM32U5A9ZJT6Q, STM32U5A9ZJY6QTR, STM32U5F7VIT6, STM32U5F7VIT6Q, STM32U5F7VJT6, STM32U5F7VJT6Q, STM32U5F9BJY6QTR, STM32U5F9NJH6Q, STM32U5F9VIT6Q, STM32U5F9VJT6Q, STM32U5F9ZIJ6QTR, STM32U5F9ZIT6Q, STM32U5F9ZJJ6QTR, STM32U5F9ZJT6Q, STM32U5G7VJT6, STM32U5G7VJT6Q, STM32U5G9BJY6QTR, STM32U5G9J-DK1, STM32U5G9J-DK2, STM32U5G9NJH6Q, STM32U5G9VJT6Q, STM32U5G9ZJJ6QTR, STM32U5G9ZJT6Q, STM32WB05KZV6TR, STM32WB05KZV7TR, STM32WB05TZF6TR, STM32WB05TZF7TR, STM32WB06CCF6TR, STM32WB06CCF7TR, STM32WB06CCV6TR, STM32WB06CCV7TR, STM32WB06KCV6TR, STM32WB06KCV7TR, STM32WB07CCF6TR, STM32WB07CCF7TR, STM32WB07CCV6TR, STM32WB07CCV7TR, STM32WB07KCV6TR, STM32WB07KCV7TR, STM32WB09KEV6TR, STM32WB09KEV7TR, STM32WB09TEF6TR, STM32WB09TEF7TR, STM32WB1MMCH6, STM32WBA50KGU6, STM32WBA50KGU6TR, STM32WBA52CEU6, STM32WBA52CEU6TR, STM32WBA52CEU7, STM32WBA52CEU7TR, STM32WBA52CGU6, STM32WBA52CGU6TR, STM32WBA52CGU6U, STM32WBA52CGU7, STM32WBA52CGU7TR, STM32WBA52KEU6, STM32WBA52KEU6TR, STM32WBA52KGU6, STM32WBA52KGU6TR, STM32WBA54CEU6, STM32WBA54CEU6TR, STM32WBA54CEU7, STM32WBA54CEU7TR, STM32WBA54CGU6, STM32WBA54CGU6TR, STM32WBA54CGU7, STM32WBA54CGU7TR, STM32WBA54KEU6, STM32WBA54KEU6TR, STM32WBA54KEU7, STM32WBA54KEU7TR, STM32WBA54KGU6, STM32WBA54KGU6TR, STM32WBA54KGU7, STM32WBA54KGU7TR, STM32WBA55CEU6, STM32WBA55CEU6TR, STM32WBA55CEU7, STM32WBA55CEU7TR, STM32WBA55CGU6, STM32WBA55CGU6TR, STM32WBA55CGU6U, STM32WBA55CGU7, STM32WBA55CGU7TR, STM32WBA55G-DK1, STM32WBA55HEF6, STM32WBA55HEF7, STM32WBA55HGF6, STM32WBA55HGF7, STM32WBA55UEI6, STM32WBA55UEI6TR, STM32WBA55UEI7, STM32WBA55UEI7TR, STM32WBA55UGI6, STM32WBA55UGI6TR, STM32WBA55UGI7, STM32WBA55UGI7TR, STM32WBA5MJGH6TR, STM32WBA62CGU6, STM32WBA62CIU6, STM32WBA62MGF6, STM32WBA62MIF6, STM32WBA62PGI6, STM32WBA62PII6, STM32WBA63CGU6, STM32WBA63CGU7, STM32WBA63CIU6, STM32WBA63CIU7, STM32WBA64CGU6, STM32WBA64CGU7, STM32WBA64CIU6, STM32WBA64CIU7, STM32WBA65CGU6, STM32WBA65CGU7, STM32WBA65CIU6, STM32WBA65CIU7, STM32WBA65I-DK1, STM32WBA65MGF6, STM32WBA65MGF7, STM32WBA65MIF6, STM32WBA65MIF7, STM32WBA65PGI6, STM32WBA65PGI7, STM32WBA65PII6, STM32WBA65PII7, STM32WBA65RGV6, STM32WBA65RGV7, STM32WBA65RIV6, STM32WBA65RIV7, STM32WL30K8V6, STM32WL30KBV6, STM32WL31C8V6, STM32WL31CBV6, STM32WL31K8V6, STM32WL31KBV6, STM32WL33C8V6, STM32WL33C8V6TR, STM32WL33C8V7, STM32WL33C8V7TR, STM32WL33CBV6, STM32WL33CBV6TR, STM32WL33CBV7, STM32WL33CBV7TR, STM32WL33CCV6, STM32WL33CCV6TR, STM32WL33CCV7, STM32WL33CCV7A, STM32WL33CCV7ATR, STM32WL33CCV7TR, STM32WL33K8V6, STM32WL33K8V6TR, STM32WL33K8V7, STM32WL33K8V7TR, STM32WL33KBV6, STM32WL33KBV6TR, STM32WL33KBV7, STM32WL33KBV7TR, STM32WL33KCV6, STM32WL33KCV6TR, STM32WL33KCV7, STM32WL33KCV7TR, STM32WL5MOCH6, STM32WL5MOCH6TR]
2025-07-08 22:02:36,725 [INFO] BoardInfo:889 - No configuration file found for board P-NUCLEO-WB55
2025-07-08 22:02:36,725 [INFO] DbBoards:161 - Kit is not supported: P-NUCLEO-WB55
2025-07-08 22:02:36,728 [INFO] BoardInfo:889 - No configuration file found for board STEVAL-BFA001V1B
2025-07-08 22:02:36,728 [INFO] DbBoards:161 - Kit is not supported: STEVAL-BFA001V1B
2025-07-08 22:02:36,729 [INFO] BoardInfo:889 - No configuration file found for board STEVAL-BFA001V2B
2025-07-08 22:02:36,729 [INFO] DbBoards:161 - Kit is not supported: STEVAL-BFA001V2B
2025-07-08 22:02:36,807 [INFO] DbBoards:168 - Found 211 boards, 208 are supported
2025-07-08 22:02:36,807 [INFO] DbBoards:169 - Found 211 boards, 43 of them is supported for  Bsp
2025-07-08 22:02:36,810 [INFO] ApiDb:668 - CubeFinder database Data Model version=2.1
2025-07-08 22:02:36,810 [INFO] ApiDb:669 - CubeFinder database Configuration version=3.0.39
2025-07-08 22:02:36,810 [INFO] ApiDb:670 - CubeFinder database generation date=2025-03-24 (1742811287)
2025-07-08 22:02:36,810 [INFO] ApiDb:671 - CubeFinder database FW Pack versions=[FP-ATR-ASTRA1_V2.0.0, FP-SNS-FLIGHT1_V5.0.2, FP-SNS-MOTENV1_V5.0.0, FP-SNS-MOTENVWB1_V1.4.0, FP-SNS-SMARTAG2_V1.2.0, FP-SNS-STBOX1_V2.0.0, STM32Cube_FW_C0_V1.4.0, STM32Cube_FW_F4_V1.28.1, STM32Cube_FW_F7_V1.17.2, STM32Cube_FW_G0_V1.6.2, STM32Cube_FW_G4_V1.6.1, STM32Cube_FW_H5_V1.5.0, STM32Cube_FW_H7RS_V1.2.0, STM32Cube_FW_H7_V1.12.1, STM32Cube_FW_L0_V1.12.2, STM32Cube_FW_L4_V1.18.1, STM32Cube_FW_L5_V1.5.1, STM32Cube_FW_N6_V1.1.0, STM32Cube_FW_U0_V1.2.0, STM32Cube_FW_U3_V1.1.0, STM32Cube_FW_U5_V1.7.0, STM32Cube_FW_WB0_V1.2.0, STM32Cube_FW_WBA_V1.6.0, STM32Cube_FW_WB_V1.22.0, STM32Cube_FW_WL3_V1.1.0, STM32Cube_FW_WL_V1.3.1, X-CUBE-ALGOBUILD_V1.4.0, X-CUBE-ALS_V1.0.2, X-CUBE-AZRTOS-F4_V1.1.0, X-CUBE-AZRTOS-F7_V1.1.0, X-CUBE-AZRTOS-G0_V1.1.0, X-CUBE-AZRTOS-G4_V2.0.0, X-CUBE-AZRTOS-H7RS_V1.0.0, X-CUBE-AZRTOS-H7_V3.3.0, X-CUBE-AZRTOS-L4_V2.0.0, X-CUBE-AZRTOS-L5_V2.0.0, X-CUBE-AZRTOS-WB_V2.0.0, X-CUBE-AZRTOS-WL_V2.0.0, X-CUBE-BLE1_V7.1.0, X-CUBE-BLE2_V3.3.0, X-CUBE-BLEMGR_V4.0.0, X-CUBE-EEPRMA1_V5.1.0, X-CUBE-FREERTOS_V1.3.0, X-CUBE-GNSS1_V6.0.0, X-CUBE-MEMS1_V11.1.0, X-CUBE-NFC4_V3.0.0, X-CUBE-NFC7_V1.0.1, X-CUBE-SFXS2LP1_V4.0.0, X-CUBE-SUBG2_V5.0.0, X-CUBE-TOF1_V3.4.2]
2025-07-08 22:02:38,697 [INFO] ApiDb:240 - Found 895 in-development CPN: [B-G473E-ZEST1S, B-WB1M-WPAN1, B-WBA5M-WPAN, B-WL5M-SUBG1, NUCLEO-C031C6, NUCLEO-C051C8, NUCLEO-C071RB, NUCLEO-C092RC, NUCLEO-H503RB, NUCLEO-H533RE, NUCLEO-H563ZI, NUCLEO-H7S3L8, NUCLEO-N657X0-Q, NUCLEO-U031R8, NUCLEO-U083RC, NUCLEO-U385RG-Q, NUCLEO-U545RE-Q, NUCLEO-U5A5ZJ-Q, NUCLEO-WB05KZ, NUCLEO-WB07CC, NUCLEO-WB09KE, NUCLEO-WBA52CG, NUCLEO-WBA55CG, NUCLEO-WBA65RI, NUCLEO-WL33CC1, NUCLEO-WL33CC2, STEVAL-PROTEUS1, STEVAL-SMARTAG2, STEVAL-STWINBX1, STM320518-EVAL, STM32C0116-DK, STM32C011D6Y3TR, STM32C011D6Y6TR, STM32C011F4P3, STM32C011F4P6, STM32C011F4U3, STM32C011F4U6TR, STM32C011F6P3, STM32C011F6P6, STM32C011F6U3, STM32C011F6U6TR, STM32C011J4M3, STM32C011J4M6, STM32C011J6M3, STM32C011J6M6, STM32C0316-DK, STM32C031C4T3, STM32C031C4T6, STM32C031C4U3, STM32C031C4U6, STM32C031C6T3, STM32C031C6T6, STM32C031C6U3, STM32C031C6U6, STM32C031F4P3, STM32C031F4P6, STM32C031F6P3, STM32C031F6P6, STM32C031G4U3, STM32C031G4U6, STM32C031G6U3, STM32C031G6U6, STM32C031K4T3, STM32C031K4T6, STM32C031K4U3, STM32C031K4U6, STM32C031K6T3, STM32C031K6T6, STM32C031K6U3, STM32C031K6U6, STM32C051C6T6, STM32C051C6U6, STM32C051C8T6, STM32C051C8U6, STM32C051D8Y6TR, STM32C051F6P6, STM32C051F8P6, STM32C051G6U6, STM32C051G8U6, STM32C051K6T6, STM32C051K6U6, STM32C051K8T6, STM32C071C8T6, STM32C071C8T6N, STM32C071C8U6, STM32C071C8U6N, STM32C071CBT6, STM32C071CBT6N, STM32C071CBU6, STM32C071CBU6N, STM32C071F8P6, STM32C071F8P6N, STM32C071FBP6, STM32C071FBP6N, STM32C071FBY6TR, STM32C071G8U6, STM32C071G8U6N, STM32C071GBU6, STM32C071GBU6N, STM32C071K8T6, STM32C071K8T6N, STM32C071K8U6, STM32C071K8U6N, STM32C071KBT6, STM32C071KBT6N, STM32C071KBU6, STM32C071KBU6N, STM32C071R8T6, STM32C071R8T6N, STM32C071RBI6N, STM32C071RBT6, STM32C071RBT6N, STM32C091CBT6, STM32C091CBU6, STM32C091CCT6, STM32C091CCU6, STM32C091ECY6TR, STM32C091FBP6, STM32C091FCP6, STM32C091GBU6, STM32C091GCU6, STM32C091KBT6, STM32C091KBU6, STM32C091KCT6, STM32C091KCU6, STM32C091RBT6, STM32C091RCI6, STM32C091RCT6, STM32C092CBT6, STM32C092CBU6, STM32C092CCT6, STM32C092CCU6, STM32C092ECY6TR, STM32C092FBP6, STM32C092FCP6, STM32C092GBU6, STM32C092GCU6, STM32C092KBT6, STM32C092KBU6, STM32C092KCT6, STM32C092KCU6, STM32C092RBT6, STM32C092RCI6, STM32C092RCT6, STM32G071K8TXN, STM32G071K8UXN, STM32G081GBU6N, STM32G081KBT6N, STM32G081KBUXN, STM32G0B1CCT6N, STM32G0B1KCT6, STM32G0B1NEY6TR, STM32G0B1RCT6N, STM32G0C1CCT6, STM32G0C1CCT6N, STM32G0C1CCU6N, STM32G0C1CET6N, STM32G0C1CEU6N, STM32G0C1KCT6, STM32G0C1NEY6TR, STM32G0C1RCI6N, STM32G0C1RCT6N, STM32G0C1REI6N, STM32G0C1RET6N, STM32G0C1VCI6, STM32G0C1VEI6, STM32G411C6T3, STM32G411C6T6, STM32G411C6U3, STM32G411C6U6, STM32G411C8T3, STM32G411C8T6, STM32G411C8U3, STM32G411C8U6, STM32G411CBT3, STM32G411CBT6, STM32G411CBU3, STM32G411CBU6, STM32G411CCT3, STM32G411CCT6, STM32G411CCU3, STM32G411CCU6, STM32G411K6T3, STM32G411K6T6, STM32G411K6U3, STM32G411K6U6, STM32G411K8T3, STM32G411K8T6, STM32G411K8U3, STM32G411K8U6, STM32G411KBT3, STM32G411KBT6, STM32G411KBU3, STM32G411KBU6, STM32G411M6T3, STM32G411M6T6, STM32G411M8T3, STM32G411M8T6, STM32G411MBT3, STM32G411MBT6, STM32G411MCT3, STM32G411MCT6, STM32G411R6T3, STM32G411R6T6, STM32G411R8T3, STM32G411R8T6, STM32G411RBT3, STM32G411RBT6, STM32G411RCT3, STM32G411RCT6, STM32G414CBT3, STM32G414CBT6, STM32G414CBU3, STM32G414CBU6, STM32G414CCT3, STM32G414CCT6, STM32G414CCU3, STM32G414CCU6, STM32G414MBT3, STM32G414MBT6, STM32G414MCT3, STM32G414MCT6, STM32G414RBT3, STM32G414RBT6, STM32G414RCT3, STM32G414RCT6, STM32G414VBT3, STM32G414VBT6, STM32G414VCT3, STM32G414VCT6, STM32G431CBT3Z, STM32G431RBT3Z, STM32G471CCT6, STM32G471CCU6, STM32G471CET3, STM32G471CET6, STM32G471CEU3, STM32G471CEU6, STM32G471MCT6, STM32G471MET3, STM32G471MET6, STM32G471MEY6TR, STM32G471QCT6, STM32G471QET3, STM32G471RCT6, STM32G471RET3, STM32G471RET6, STM32G471VCH6, STM32G471VCI6, STM32G471VCT6, STM32G471VEH3, STM32G471VEH6, STM32G471VEI3, STM32G471VEI6, STM32G471VET3, STM32G471VET6, STM32G473QET3Z, STM32G473RET3Z, STM32G474CCT6, STM32G491RET3Z, STM32H503CBT6, STM32H503CBU6, STM32H503EBY6TR, STM32H503KBU6, STM32H503RBT6, STM32H523CCT6, STM32H523CCU6, STM32H523CET6, STM32H523CEU6, STM32H523HEY6TR, STM32H523RCT6, STM32H523RET6, STM32H523VCI6, STM32H523VCT6, STM32H523VEI6, STM32H523VET6, STM32H523ZCJ6, STM32H523ZCT6, STM32H523ZEJ6, STM32H523ZET6, STM32H533CET6, STM32H533CEU6, STM32H533HEY6TR, STM32H533RET6, STM32H533VEI6, STM32H533VET6, STM32H533ZEJ6, STM32H533ZET6, STM32H562AGI6, STM32H562AII6, STM32H562IGK6, STM32H562IGT6, STM32H562IIK6, STM32H562IIT6, STM32H562RGT6, STM32H562RGV6, STM32H562RIT6, STM32H562RIV6, STM32H562VGT6, STM32H562VIT6, STM32H562ZGT6, STM32H562ZIT6, STM32H563AGI6, STM32H563AII3Q, STM32H563AII6, STM32H563IGK6, STM32H563IGT6, STM32H563IIK3Q, STM32H563IIK6, STM32H563IIT3Q, STM32H563IIT6, STM32H563MIY3QTR, STM32H563RGT6, STM32H563RGV6, STM32H563RIT6, STM32H563RIV6, STM32H563VGT6, STM32H563VIT3Q, STM32H563VIT6, STM32H563ZGT6, STM32H563ZIT3Q, STM32H563ZIT6, STM32H573AII3Q, STM32H573AII6, STM32H573I-DK, STM32H573IIK3Q, STM32H573IIK6, STM32H573IIT3Q, STM32H573IIT6, STM32H573MIY3QTR, STM32H573RIT6, STM32H573RIV6, STM32H573VIT3Q, STM32H573VIT6, STM32H573ZIT3Q, STM32H573ZIT6, STM32H7R3A8I6, STM32H7R3I8K6, STM32H7R3I8T6, STM32H7R3L8H6, STM32H7R3L8H6H, STM32H7R3R8V6, STM32H7R3V8H6, STM32H7R3V8T6, STM32H7R3V8Y6TR, STM32H7R3Z8J6, STM32H7R3Z8T6, STM32H7R7A8I6, STM32H7R7I8K6, STM32H7R7I8T6, STM32H7R7L8H6, STM32H7R7L8H6H, STM32H7R7Z8J6, STM32H7S3A8I6, STM32H7S3I8K6, STM32H7S3I8T6, STM32H7S3L8H6, STM32H7S3L8H6H, STM32H7S3R8V6, STM32H7S3V8H6, STM32H7S3V8T6, STM32H7S3V8Y6TR, STM32H7S3Z8J6, STM32H7S3Z8T6, STM32H7S78-DK, STM32H7S7A8I6, STM32H7S7I8K6, STM32H7S7I8T6, STM32H7S7L8H6, STM32H7S7L8H6H, STM32H7S7Z8J6, STM32L4R5QGI6STR, STM32MP131AAE3, STM32MP131AAF3, STM32MP131AAG3, STM32MP131CAE3, STM32MP131CAF3, STM32MP131CAG3, STM32MP131DAE7, STM32MP131DAF7, STM32MP131DAG7, STM32MP131FAE7, STM32MP131FAF7, STM32MP131FAG7, STM32MP133AAE3, STM32MP133AAF3, STM32MP133AAG3, STM32MP133CAE3, STM32MP133CAF3, STM32MP133CAG3, STM32MP133DAE7, STM32MP133DAF7, STM32MP133DAG7, STM32MP133FAE7, STM32MP133FAF7, STM32MP133FAG7, STM32MP135AAE3, STM32MP135AAF3, STM32MP135AAG3, STM32MP135CAE3, STM32MP135CAF3, STM32MP135CAG3, STM32MP135DAE7, STM32MP135DAF7, STM32MP135DAG7, STM32MP135F-DK, STM32MP135FAE7, STM32MP135FAF7, STM32MP135FAF7T, STM32MP135FAF7U, STM32MP135FAG7, STM32MP231AAJ3, STM32MP231AAK3, STM32MP231AAL3, STM32MP231CAJ3, STM32MP231CAK3, STM32MP231CAL3, STM32MP231DAJ3, STM32MP231DAK3, STM32MP231DAL3, STM32MP231FAJ3, STM32MP231FAK3, STM32MP231FAL3, STM32MP233AAJ3, STM32MP233AAK3, STM32MP233AAL3, STM32MP233CAJ3, STM32MP233CAK3, STM32MP233CAL3, STM32MP233DAJ3, STM32MP233DAK3, STM32MP233DAL3, STM32MP233FAJ3, STM32MP233FAK3, STM32MP233FAL3, STM32MP235AAJ3, STM32MP235AAK3, STM32MP235AAL3, STM32MP235CAJ3, STM32MP235CAK3, STM32MP235CAL3, STM32MP235DAJ3, STM32MP235DAK3, STM32MP235DAL3, STM32MP235FAJ3, STM32MP235FAK3, STM32MP235FAL3, STM32MP251AAI3, STM32MP251AAJ3, STM32MP251AAK3, STM32MP251AAL3, STM32MP251CAI3, STM32MP251CAJ3, STM32MP251CAK3, STM32MP251CAL3, STM32MP251DAI3, STM32MP251DAJ3, STM32MP251DAK3, STM32MP251DAL3, STM32MP251FAI3, STM32MP251FAJ3, STM32MP251FAK3, STM32MP251FAL3, STM32MP253AAI3, STM32MP253AAJ3, STM32MP253AAK3, STM32MP253AAL3, STM32MP253CAI3, STM32MP253CAJ3, STM32MP253CAK3, STM32MP253CAL3, STM32MP253DAI3, STM32MP253DAJ3, STM32MP253DAK3, STM32MP253DAL3, STM32MP253FAI3, STM32MP253FAJ3, STM32MP253FAK3, STM32MP253FAL3, STM32MP255AAI3, STM32MP255AAJ3, STM32MP255AAK3, STM32MP255AAL3, STM32MP255CAI3, STM32MP255CAJ3, STM32MP255CAK3, STM32MP255CAL3, STM32MP255DAI3, STM32MP255DAJ3, STM32MP255DAK3, STM32MP255DAL3, STM32MP255FAI3, STM32MP255FAJ3, STM32MP255FAK3, STM32MP255FAL3, STM32MP257AAI3, STM32MP257AAJ3, STM32MP257AAK3, STM32MP257AAL3, STM32MP257CAI3, STM32MP257CAJ3, STM32MP257CAK3, STM32MP257CAL3, STM32MP257DAI3, STM32MP257DAJ3, STM32MP257DAK3, STM32MP257DAL3, STM32MP257F-DK, STM32MP257F-EV1, STM32MP257FAI3, STM32MP257FAJ3, STM32MP257FAK3, STM32MP257FAL3, STM32N645A0H3Q, STM32N645B0H3Q, STM32N645I0H3Q, STM32N645L0H3Q, STM32N645X0H3Q, STM32N645Z0H3Q, STM32N647A0H3Q, STM32N647B0H3Q, STM32N647I0H3Q, STM32N647L0H3Q, STM32N647X0H3Q, STM32N647Z0H3Q, STM32N655A0H3Q, STM32N655B0H3Q, STM32N655I0H3Q, STM32N655L0H3Q, STM32N655X0H3Q, STM32N655Z0H3Q, STM32N6570-DK, STM32N657A0H3Q, STM32N657B0H3Q, STM32N657I0H3Q, STM32N657L0H3Q, STM32N657X0H3Q, STM32N657Z0H3Q, STM32U031C6T6, STM32U031C6U6, STM32U031C8T6, STM32U031C8U6, STM32U031F4P6, STM32U031F6P6, STM32U031F8P6, STM32U031G6Y6TR, STM32U031G8Y6TR, STM32U031K4U6, STM32U031K6U6, STM32U031K8U6, STM32U031R6I6, STM32U031R6T6, STM32U031R8I6, STM32U031R8T6, STM32U073C8T6, STM32U073C8U6, STM32U073CBT6, STM32U073CBU6, STM32U073CCT6, STM32U073CCU6, STM32U073H8Y6TR, STM32U073HBY6TR, STM32U073HCY6TR, STM32U073K8U6, STM32U073KBU6, STM32U073KCU6, STM32U073M8I6, STM32U073M8T6, STM32U073MBI6, STM32U073MBT6, STM32U073MCI6, STM32U073MCT6, STM32U073R8I6, STM32U073R8T6, STM32U073RBI6, STM32U073RBT6, STM32U073RCI6, STM32U073RCT6, STM32U083C-DK, STM32U083CCT6, STM32U083CCU6, STM32U083HCY6TR, STM32U083KCU6, STM32U083MCI6, STM32U083MCT6, STM32U083RCI6, STM32U083RCT6, STM32U375CET6, STM32U375CET6Q, STM32U375CEU6, STM32U375CEU6Q, STM32U375CEY6QTR, STM32U375CGT6, STM32U375CGT6Q, STM32U375CGU6, STM32U375CGU6Q, STM32U375CGY6QTR, STM32U375KEU6, STM32U375KGU6, STM32U375REI6, STM32U375REI6Q, STM32U375RET6, STM32U375RET6Q, STM32U375REY6GTR, STM32U375REY6QTR, STM32U375RGI6, STM32U375RGI6Q, STM32U375RGT6, STM32U375RGT6Q, STM32U375RGY6GTR, STM32U375RGY6QTR, STM32U375VEI6, STM32U375VEI6Q, STM32U375VET6, STM32U375VET6Q, STM32U375VGI6, STM32U375VGI6Q, STM32U375VGT6, STM32U375VGT6Q, STM32U385CGT6, STM32U385CGT6Q, STM32U385CGU6, STM32U385CGU6Q, STM32U385CGY6QTR, STM32U385KGU6, STM32U385RGI6, STM32U385RGI6Q, STM32U385RGT6, STM32U385RGT6Q, STM32U385RGY6GTR, STM32U385RGY6QTR, STM32U385VGI6, STM32U385VGI6Q, STM32U385VGT6, STM32U385VGT6Q, STM32U535CBT6, STM32U535CBT6Q, STM32U535CBU6, STM32U535CBU6Q, STM32U535CCT6, STM32U535CCT6Q, STM32U535CCU6, STM32U535CCU6Q, STM32U535CET6, STM32U535CET6Q, STM32U535CEU6, STM32U535CEU6Q, STM32U535JEY6QTR, STM32U535NCY6QTR, STM32U535NEY6QTR, STM32U535RBI6, STM32U535RBI6Q, STM32U535RBT6, STM32U535RBT6Q, STM32U535RCI6, STM32U535RCI6Q, STM32U535RCT6, STM32U535RCT6Q, STM32U535REI6, STM32U535REI6Q, STM32U535RET6, STM32U535RET6Q, STM32U535VCI6, STM32U535VCI6Q, STM32U535VCT6, STM32U535VCT6Q, STM32U535VEI6, STM32U535VEI6Q, STM32U535VET6, STM32U535VET6Q, STM32U545CET6, STM32U545CET6Q, STM32U545CEU6, STM32U545CEU6Q, STM32U545JEY6QTR, STM32U545NEY6QTR, STM32U545REI6, STM32U545REI6Q, STM32U545RET6, STM32U545RET6Q, STM32U545VEI6, STM32U545VEI6Q, STM32U545VET6, STM32U545VET6Q, STM32U595AIH6, STM32U595AIH6Q, STM32U595AJH6, STM32U595AJH6Q, STM32U595QII6, STM32U595QII6Q, STM32U595QJI6, STM32U595QJI6Q, STM32U595RIT6, STM32U595RIT6Q, STM32U595RJT6, STM32U595RJT6Q, STM32U595VIT6, STM32U595VIT6Q, STM32U595VJT6, STM32U595VJT6Q, STM32U595ZIT6, STM32U595ZIT6Q, STM32U595ZIY6QTR, STM32U595ZJT6, STM32U595ZJT6Q, STM32U595ZJY6QTR, STM32U599BJY6QTR, STM32U599NIH6Q, STM32U599NJH6Q, STM32U599VIT6Q, STM32U599VJT6, STM32U599VJT6Q, STM32U599ZIT6Q, STM32U599ZIY6QTR, STM32U599ZJT6Q, STM32U599ZJY6QTR, STM32U5A5AJH6, STM32U5A5AJH6Q, STM32U5A5QII3Q , STM32U5A5QJI6, STM32U5A5QJI6Q, STM32U5A5RJT6, STM32U5A5RJT6Q, STM32U5A5VJT6, STM32U5A5VJT6Q, STM32U5A5ZJT6, STM32U5A5ZJT6Q, STM32U5A5ZJY6QTR, STM32U5A9BJY6QTR, STM32U5A9J-DK, STM32U5A9NJH6Q, STM32U5A9VJT6Q, STM32U5A9ZJT6Q, STM32U5A9ZJY6QTR, STM32U5F7VIT6, STM32U5F7VIT6Q, STM32U5F7VJT6, STM32U5F7VJT6Q, STM32U5F9BJY6QTR, STM32U5F9NJH6Q, STM32U5F9VIT6Q, STM32U5F9VJT6Q, STM32U5F9ZIJ6QTR, STM32U5F9ZIT6Q, STM32U5F9ZJJ6QTR, STM32U5F9ZJT6Q, STM32U5G7VJT6, STM32U5G7VJT6Q, STM32U5G9BJY6QTR, STM32U5G9J-DK1, STM32U5G9J-DK2, STM32U5G9NJH6Q, STM32U5G9VJT6Q, STM32U5G9ZJJ6QTR, STM32U5G9ZJT6Q, STM32WB05KZV6TR, STM32WB05KZV7TR, STM32WB05TZF6TR, STM32WB05TZF7TR, STM32WB06CCF6TR, STM32WB06CCF7TR, STM32WB06CCV6TR, STM32WB06CCV7TR, STM32WB06KCV6TR, STM32WB06KCV7TR, STM32WB07CCF6TR, STM32WB07CCF7TR, STM32WB07CCV6TR, STM32WB07CCV7TR, STM32WB07KCV6TR, STM32WB07KCV7TR, STM32WB09KEV6TR, STM32WB09KEV7TR, STM32WB09TEF6TR, STM32WB09TEF7TR, STM32WB1MMCH6, STM32WBA50KGU6, STM32WBA50KGU6TR, STM32WBA52CEU6, STM32WBA52CEU6TR, STM32WBA52CEU7, STM32WBA52CEU7TR, STM32WBA52CGU6, STM32WBA52CGU6TR, STM32WBA52CGU6U, STM32WBA52CGU7, STM32WBA52CGU7TR, STM32WBA52KEU6, STM32WBA52KEU6TR, STM32WBA52KGU6, STM32WBA52KGU6TR, STM32WBA54CEU6, STM32WBA54CEU6TR, STM32WBA54CEU7, STM32WBA54CEU7TR, STM32WBA54CGU6, STM32WBA54CGU6TR, STM32WBA54CGU7, STM32WBA54CGU7TR, STM32WBA54KEU6, STM32WBA54KEU6TR, STM32WBA54KEU7, STM32WBA54KEU7TR, STM32WBA54KGU6, STM32WBA54KGU6TR, STM32WBA54KGU7, STM32WBA54KGU7TR, STM32WBA55CEU6, STM32WBA55CEU6TR, STM32WBA55CEU7, STM32WBA55CEU7TR, STM32WBA55CGU6, STM32WBA55CGU6TR, STM32WBA55CGU6U, STM32WBA55CGU7, STM32WBA55CGU7TR, STM32WBA55G-DK1, STM32WBA55HEF6, STM32WBA55HEF7, STM32WBA55HGF6, STM32WBA55HGF7, STM32WBA55UEI6, STM32WBA55UEI6TR, STM32WBA55UEI7, STM32WBA55UEI7TR, STM32WBA55UGI6, STM32WBA55UGI6TR, STM32WBA55UGI7, STM32WBA55UGI7TR, STM32WBA5MJGH6TR, STM32WBA62CGU6, STM32WBA62CIU6, STM32WBA62MGF6, STM32WBA62MIF6, STM32WBA62PGI6, STM32WBA62PII6, STM32WBA63CGU6, STM32WBA63CGU7, STM32WBA63CIU6, STM32WBA63CIU7, STM32WBA64CGU6, STM32WBA64CGU7, STM32WBA64CIU6, STM32WBA64CIU7, STM32WBA65CGU6, STM32WBA65CGU7, STM32WBA65CIU6, STM32WBA65CIU7, STM32WBA65I-DK1, STM32WBA65MGF6, STM32WBA65MGF7, STM32WBA65MIF6, STM32WBA65MIF7, STM32WBA65PGI6, STM32WBA65PGI7, STM32WBA65PII6, STM32WBA65PII7, STM32WBA65RGV6, STM32WBA65RGV7, STM32WBA65RIV6, STM32WBA65RIV7, STM32WL30K8V6, STM32WL30KBV6, STM32WL31C8V6, STM32WL31CBV6, STM32WL31K8V6, STM32WL31KBV6, STM32WL33C8V6, STM32WL33C8V6TR, STM32WL33C8V7, STM32WL33C8V7TR, STM32WL33CBV6, STM32WL33CBV6TR, STM32WL33CBV7, STM32WL33CBV7TR, STM32WL33CCV6, STM32WL33CCV6TR, STM32WL33CCV7, STM32WL33CCV7A, STM32WL33CCV7ATR, STM32WL33CCV7TR, STM32WL33K8V6, STM32WL33K8V6TR, STM32WL33K8V7, STM32WL33K8V7TR, STM32WL33KBV6, STM32WL33KBV6TR, STM32WL33KBV7, STM32WL33KBV7TR, STM32WL33KCV6, STM32WL33KCV6TR, STM32WL33KCV7, STM32WL33KCV7TR, STM32WL5MOCH6, STM32WL5MOCH6TR]
2025-07-08 22:02:38,701 [INFO] DbMcus:218 - Found 4686 MCUs, 4686 are supported
2025-07-08 22:02:38,701 [INFO] ApiDb:414 - User favorites file not found: /home/adrian/.stm32cubeide/favorites.mcus.txt
2025-07-08 22:02:38,701 [INFO] DbMcus:224 - Set 0 / 0 favorites MCUs
2025-07-08 22:02:39,039 [INFO] ApiDb:414 - User favorites file not found: /home/adrian/.stm32cubeide/favorites.boards.txt
2025-07-08 22:02:39,039 [INFO] DbBoards:198 - Set 0 / 0 favorites Boards
2025-07-08 22:02:39,083 [INFO] UtilMem:75 - End LoadConfig() Used Memory: 330670688 Bytes (403701760)
2025-07-08 22:02:39,182 [WARN] ThirdParty:833 - waiting for thirdparty lock release [change project]
2025-07-08 22:02:39,182 [INFO] ThirdParty:835 - entering critical section [change project]
2025-07-08 22:02:39,182 [INFO] ThirdParty:1030 - CMSIS Pack Vendor :STMicroelectronics X-CUBE-PM33A1 1.0.0
2025-07-08 22:02:39,182 [INFO] ThirdParty:1030 - CMSIS Pack Vendor :STMicroelectronics USBPD 4.1
2025-07-08 22:02:39,182 [INFO] ThirdParty:1030 - CMSIS Pack Vendor :STMicroelectronics X-CUBE-AZRTOS-H7 3.3.0
2025-07-08 22:02:39,182 [INFO] ThirdParty:1030 - CMSIS Pack Vendor :STMicroelectronics X-CUBE-NFC9 1.0.0
2025-07-08 22:02:39,183 [INFO] ThirdParty:1030 - CMSIS Pack Vendor :wolfSSL I-CUBE-wolfSSL 5.8.0
2025-07-08 22:02:39,183 [INFO] ThirdParty:1030 - CMSIS Pack Vendor :STMicroelectronics USB_HOST 2.0.0
2025-07-08 22:02:39,183 [INFO] ThirdParty:1030 - CMSIS Pack Vendor :STMicroelectronics FP-SNS-MOTENVWB1 1.4.0
2025-07-08 22:02:39,183 [INFO] ThirdParty:1030 - CMSIS Pack Vendor :STMicroelectronics X-CUBE-AZRTOS-F4 1.1.0
2025-07-08 22:02:39,183 [INFO] ThirdParty:1030 - CMSIS Pack Vendor :STMicroelectronics LIBJPEG 8.0.0
2025-07-08 22:02:39,183 [INFO] ThirdParty:1030 - CMSIS Pack Vendor :STMicroelectronics FP-ATR-ASTRA1 2.0.2
2025-07-08 22:02:39,183 [INFO] ThirdParty:1030 - CMSIS Pack Vendor :STMicroelectronics X-CUBE-BLE1 7.1.0
2025-07-08 22:02:39,183 [INFO] ThirdParty:1030 - CMSIS Pack Vendor :Avnet-IotConnect X-CUBE-IoTC-DA16k-PMOD 1.0.0
2025-07-08 22:02:39,183 [INFO] ThirdParty:1030 - CMSIS Pack Vendor :STMicroelectronics X-CUBE-SMBUS 2.1.0
2025-07-08 22:02:39,183 [INFO] ThirdParty:1030 - CMSIS Pack Vendor :wolfSSL I-CUBE-wolfMQTT 1.19.2
2025-07-08 22:02:39,183 [INFO] ThirdParty:1030 - CMSIS Pack Vendor :STMicroelectronics USB_DEVICE 3.0.0
2025-07-08 22:02:39,183 [INFO] ThirdParty:1030 - CMSIS Pack Vendor :STMicroelectronics X-CUBE-ISPU 2.1.0
2025-07-08 22:02:39,183 [INFO] ThirdParty:1030 - CMSIS Pack Vendor :STMicroelectronics X-CUBE-AZRTOS-WB 2.0.0
2025-07-08 22:02:39,183 [INFO] ThirdParty:1030 - CMSIS Pack Vendor :STMicroelectronics X-CUBE-ST60 1.0.0
2025-07-08 22:02:39,183 [INFO] ThirdParty:1030 - CMSIS Pack Vendor :STMicroelectronics X-CUBE-GNSS1 7.0.1
2025-07-08 22:02:39,183 [INFO] ThirdParty:1030 - CMSIS Pack Vendor :STMicroelectronics X-CUBE-AZRTOS-F7 1.1.0
2025-07-08 22:02:39,183 [INFO] ThirdParty:1030 - CMSIS Pack Vendor :STMicroelectronics X-CUBE-AZRTOS-L5 2.0.0
2025-07-08 22:02:39,183 [INFO] ThirdParty:1030 - CMSIS Pack Vendor :STMicroelectronics X-CUBE-TOUCHGFX 4.25.0
2025-07-08 22:02:39,183 [INFO] ThirdParty:1030 - CMSIS Pack Vendor :STMicroelectronics USB_DEVICE 2.0.0
2025-07-08 22:02:39,183 [INFO] ThirdParty:1030 - CMSIS Pack Vendor :STMicroelectronics X-CUBE-NFC6 3.1.0
2025-07-08 22:02:39,183 [INFO] ThirdParty:1030 - CMSIS Pack Vendor :STMicroelectronics X-CUBE-AI 10.1.0
2025-07-08 22:02:39,183 [INFO] ThirdParty:1030 - CMSIS Pack Vendor :STMicroelectronics FP-SNS-STBOX1 2.0.0
2025-07-08 22:02:39,183 [INFO] ThirdParty:1030 - CMSIS Pack Vendor :STMicroelectronics FreeRTOS 0.0.1
2025-07-08 22:02:39,183 [INFO] ThirdParty:1030 - CMSIS Pack Vendor :STMicroelectronics X-CUBE-AZRTOS-G0 1.1.0
2025-07-08 22:02:39,183 [INFO] ThirdParty:1030 - CMSIS Pack Vendor :STMicroelectronics X-CUBE-SAFEA1 1.2.2
2025-07-08 22:02:39,183 [INFO] ThirdParty:1030 - CMSIS Pack Vendor :STMicroelectronics X-CUBE-NFC4 3.0.0
2025-07-08 22:02:39,183 [INFO] ThirdParty:1030 - CMSIS Pack Vendor :STMicroelectronics X-CUBE-SUBG2 5.0.0
2025-07-08 22:02:39,183 [INFO] ThirdParty:1030 - CMSIS Pack Vendor :STMicroelectronics X-CUBE-AZRTOS-H7RS 1.1.0
2025-07-08 22:02:39,183 [INFO] ThirdParty:1030 - CMSIS Pack Vendor :STMicroelectronics STM32_WPAN 1.0.0
2025-07-08 22:02:39,183 [INFO] ThirdParty:1030 - CMSIS Pack Vendor :EmbeddedOffice I-CUBE-FS-RTOS 1.0.1
2025-07-08 22:02:39,183 [INFO] ThirdParty:1030 - CMSIS Pack Vendor :STMicroelectronics lwIP 2.0.3
2025-07-08 22:02:39,184 [INFO] ThirdParty:1030 - CMSIS Pack Vendor :Cesanta I-CUBE-Mongoose 7.13.0
2025-07-08 22:02:39,184 [INFO] ThirdParty:1030 - CMSIS Pack Vendor :STMicroelectronics USB_HOST 1.0.0
2025-07-08 22:02:39,184 [INFO] ThirdParty:1030 - CMSIS Pack Vendor :Infineon AIROC-Wi-Fi-Bluetooth-STM32 1.7.0
2025-07-08 22:02:39,184 [INFO] ThirdParty:1030 - CMSIS Pack Vendor :STMicroelectronics X-CUBE-AZRTOS-G4 2.0.0
2025-07-08 22:02:39,184 [INFO] ThirdParty:1030 - CMSIS Pack Vendor :STMicroelectronics X-CUBE-WB05N 2.0.0
2025-07-08 22:02:39,184 [INFO] ThirdParty:1030 - CMSIS Pack Vendor :STMicroelectronics PDM2PCM 3.1.0
2025-07-08 22:02:39,184 [INFO] ThirdParty:1030 - CMSIS Pack Vendor :STMicroelectronics PDM2PCM 3.3.0
2025-07-08 22:02:39,184 [INFO] ThirdParty:1030 - CMSIS Pack Vendor :wolfSSL I-CUBE-wolfTPM 3.8.0
2025-07-08 22:02:39,184 [INFO] ThirdParty:1030 - CMSIS Pack Vendor :STMicroelectronics X-CUBE-AZRTOS-H7 3.4.0
2025-07-08 22:02:39,184 [INFO] ThirdParty:1030 - CMSIS Pack Vendor :STMicroelectronics X-CUBE-DISPLAY 3.0.0
2025-07-08 22:02:39,184 [INFO] ThirdParty:1030 - CMSIS Pack Vendor :wolfSSL I-CUBE-wolfSSH 1.4.20
2025-07-08 22:02:39,184 [INFO] ThirdParty:1030 - CMSIS Pack Vendor :STMicroelectronics X-CUBE-NFC7 2.0.0
2025-07-08 22:02:39,184 [INFO] ThirdParty:1030 - CMSIS Pack Vendor :STMicroelectronics X-CUBE-TCPP 4.2.0
2025-07-08 22:02:39,184 [INFO] ThirdParty:1030 - CMSIS Pack Vendor :RealThread X-CUBE-RT-Thread_Nano 4.1.1
2025-07-08 22:02:39,184 [INFO] ThirdParty:1030 - CMSIS Pack Vendor :STMicroelectronics FP-ATR-SIGFOX1 3.2.0
2025-07-08 22:02:39,184 [INFO] ThirdParty:1030 - CMSIS Pack Vendor :STMicroelectronics X-CUBE-NFC10 1.0.0
2025-07-08 22:02:39,184 [INFO] ThirdParty:1030 - CMSIS Pack Vendor :STMicroelectronics X-CUBE-BLEMGR 4.0.0
2025-07-08 22:02:39,184 [INFO] ThirdParty:1030 - CMSIS Pack Vendor :STMicroelectronics X-CUBE-EEPRMA1 5.1.0
2025-07-08 22:02:39,184 [INFO] ThirdParty:1030 - CMSIS Pack Vendor :STMicroelectronics X-CUBE-FREERTOS 1.3.1
2025-07-08 22:02:39,184 [INFO] ThirdParty:1030 - CMSIS Pack Vendor :STMicroelectronics HAL Drivers 0.0.0
2025-07-08 22:02:39,184 [INFO] ThirdParty:1030 - CMSIS Pack Vendor :STMicroelectronics MBEDTLS 2.16.2
2025-07-08 22:02:39,184 [INFO] ThirdParty:1030 - CMSIS Pack Vendor :STMicroelectronics X-CUBE-IPS 3.1.0
2025-07-08 22:02:39,184 [INFO] ThirdParty:1030 - CMSIS Pack Vendor :STMicroelectronics X-CUBE-ALS 1.0.2
2025-07-08 22:02:39,184 [INFO] ThirdParty:1030 - CMSIS Pack Vendor :emotas I-CUBE-CANOPEN 1.3.0
2025-07-08 22:02:39,184 [INFO] ThirdParty:1030 - CMSIS Pack Vendor :STMicroelectronics MBEDTLS 2.14.1
2025-07-08 22:02:39,184 [INFO] ThirdParty:1030 - CMSIS Pack Vendor :ITTIA_DB I-CUBE-ITTIADB 8.9.0
2025-07-08 22:02:39,184 [INFO] ThirdParty:1030 - CMSIS Pack Vendor :portGmbH I-Cube-SoM-uGOAL 1.1.0
2025-07-08 22:02:39,184 [INFO] ThirdParty:1030 - CMSIS Pack Vendor :quantropi X-CUBE-qispace-sdk-base 2.0.0
2025-07-08 22:02:39,184 [INFO] ThirdParty:1030 - CMSIS Pack Vendor :STMicroelectronics X-CUBE-ST67W61 1.0.0
2025-07-08 22:02:39,184 [INFO] ThirdParty:1030 - CMSIS Pack Vendor :STMicroelectronics FP-SNS-STAIOTCFT 1.0.0
2025-07-08 22:02:39,184 [INFO] ThirdParty:1030 - CMSIS Pack Vendor :STMicroelectronics ThreadX 1.0.0
2025-07-08 22:02:39,184 [INFO] ThirdParty:1030 - CMSIS Pack Vendor :STMicroelectronics FP-SNS-SMARTAG2 1.2.0
2025-07-08 22:02:39,185 [INFO] ThirdParty:1030 - CMSIS Pack Vendor :STMicroelectronics FP-SNS-FLIGHT1 5.1.0
2025-07-08 22:02:39,185 [INFO] ThirdParty:1030 - CMSIS Pack Vendor :STMicroelectronics X-CUBE-AZRTOS-WL 2.0.0
2025-07-08 22:02:39,185 [INFO] ThirdParty:1030 - CMSIS Pack Vendor :SEGGER I-CUBE-embOS 1.3.1
2025-07-08 22:02:39,185 [INFO] ThirdParty:1030 - CMSIS Pack Vendor :STMicroelectronics X-CUBE-ALGOBUILD 1.4.0
2025-07-08 22:02:39,185 [INFO] ThirdParty:1030 - CMSIS Pack Vendor :STMicroelectronics X-CUBE-DPower 1.3.0
2025-07-08 22:02:39,185 [INFO] ThirdParty:1030 - CMSIS Pack Vendor :STMicroelectronics X-CUBE-MEMS1 11.3.0
2025-07-08 22:02:39,185 [INFO] ThirdParty:1030 - CMSIS Pack Vendor :STMicroelectronics FP-SNS-MOTENV1 5.0.0
2025-07-08 22:02:39,185 [INFO] ThirdParty:1030 - CMSIS Pack Vendor :STMicroelectronics USB_DEVICE 1.0.0
2025-07-08 22:02:39,185 [INFO] ThirdParty:1030 - CMSIS Pack Vendor :STMicroelectronics X-CUBE-AZRTOS-L4 2.0.0
2025-07-08 22:02:39,185 [INFO] ThirdParty:1030 - CMSIS Pack Vendor :STMicroelectronics ThreadX 0.0.2
2025-07-08 22:02:39,185 [INFO] ThirdParty:1030 - CMSIS Pack Vendor :WES I-CUBE-Cesium 1.3.0
2025-07-08 22:02:39,185 [INFO] ThirdParty:1030 - CMSIS Pack Vendor :STMicroelectronics lwIP 2.1.2
2025-07-08 22:02:39,185 [INFO] ThirdParty:1030 - CMSIS Pack Vendor :STMicroelectronics X-CUBE-SFXS2LP1 4.0.0
2025-07-08 22:02:39,185 [INFO] ThirdParty:1030 - CMSIS Pack Vendor :STMicroelectronics X-CUBE-BLE2 3.3.0
2025-07-08 22:02:39,185 [INFO] ThirdParty:1030 - CMSIS Pack Vendor :STMicroelectronics X-CUBE-TOF1 3.4.3
2025-07-08 22:02:39,185 [INFO] ThirdParty:1030 - CMSIS Pack Vendor :STMicroelectronics PDM2PCM 3.2.0
2025-07-08 22:02:39,186 [INFO] ThirdParty:841 - exiting critical section [change project]
2025-07-08 22:02:39,441 [INFO] PinOutPanel:1589 - setPackage(No Configuration,No Configuration)
2025-07-08 22:02:39,443 [INFO] PinOutPanel:1589 - setPackage(STM32F411CEUx,UFQFPN48)
2025-07-08 22:02:39,722 [INFO] UtilMem:75 - Before build in PCC Used Memory: 211723720 Bytes (408944640)
2025-07-08 22:02:40,145 [INFO] UtilMem:75 - After build in PCC Used Memory: 253423960 Bytes (408944640)
2025-07-08 22:02:40,170 [INFO] IPUIPlugin:80 - create IPUIPlugin
2025-07-08 22:02:40,170 [INFO] IPUIPlugin:80 - create IPUIPlugin
2025-07-08 22:02:40,170 [INFO] IPUIPlugin:80 - create IPUIPlugin
2025-07-08 22:02:40,170 [INFO] IPUIPlugin:80 - create IPUIPlugin
2025-07-08 22:02:40,170 [INFO] IPUIPlugin:80 - create IPUIPlugin
2025-07-08 22:02:40,170 [INFO] IPUIPlugin:80 - create IPUIPlugin
2025-07-08 22:02:40,170 [INFO] IPUIPlugin:80 - create IPUIPlugin
2025-07-08 22:02:40,170 [INFO] IPUIPlugin:80 - create IPUIPlugin
2025-07-08 22:02:40,170 [INFO] IPUIPlugin:80 - create IPUIPlugin
2025-07-08 22:02:40,170 [INFO] IPUIPlugin:80 - create IPUIPlugin
2025-07-08 22:02:40,170 [INFO] IPUIPlugin:80 - create IPUIPlugin
2025-07-08 22:02:40,170 [INFO] IPUIPlugin:80 - create IPUIPlugin
2025-07-08 22:02:40,170 [INFO] IPUIPlugin:80 - create IPUIPlugin
2025-07-08 22:02:40,170 [INFO] IPUIPlugin:80 - create IPUIPlugin
2025-07-08 22:02:40,171 [INFO] IPUIPlugin:80 - create IPUIPlugin
2025-07-08 22:02:40,171 [INFO] IPUIPlugin:80 - create IPUIPlugin
2025-07-08 22:02:40,171 [INFO] IPUIPlugin:80 - create IPUIPlugin
2025-07-08 22:02:40,171 [INFO] IPUIPlugin:80 - create IPUIPlugin
2025-07-08 22:02:40,171 [INFO] IPUIPlugin:80 - create IPUIPlugin
2025-07-08 22:02:40,171 [INFO] IPUIPlugin:80 - create IPUIPlugin
2025-07-08 22:02:40,171 [INFO] IPUIPlugin:80 - create IPUIPlugin
2025-07-08 22:02:40,172 [INFO] IPUIPlugin:80 - create IPUIPlugin
2025-07-08 22:02:40,172 [INFO] IPUIPlugin:80 - create IPUIPlugin
2025-07-08 22:02:40,172 [INFO] IPUIPlugin:80 - create IPUIPlugin
2025-07-08 22:02:40,172 [INFO] IPUIPlugin:80 - create IPUIPlugin
2025-07-08 22:02:40,172 [INFO] IPUIPlugin:80 - create IPUIPlugin
2025-07-08 22:02:40,172 [INFO] IPUIPlugin:80 - create IPUIPlugin
2025-07-08 22:02:40,172 [INFO] IPUIPlugin:80 - create IPUIPlugin
2025-07-08 22:02:40,172 [INFO] IPUIPlugin:80 - create IPUIPlugin
2025-07-08 22:02:40,172 [INFO] IPUIPlugin:80 - create IPUIPlugin
2025-07-08 22:02:40,172 [INFO] IPUIPlugin:80 - create IPUIPlugin
2025-07-08 22:02:40,173 [INFO] IPUIPlugin:80 - create IPUIPlugin
2025-07-08 22:02:40,173 [INFO] IPUIPlugin:80 - create IPUIPlugin
2025-07-08 22:02:40,173 [INFO] IPUIPlugin:80 - create IPUIPlugin
2025-07-08 22:02:40,173 [INFO] IPUIPlugin:80 - create IPUIPlugin
2025-07-08 22:02:40,173 [INFO] IPUIPlugin:80 - create IPUIPlugin
2025-07-08 22:02:40,173 [INFO] IPUIPlugin:80 - create IPUIPlugin
2025-07-08 22:02:40,173 [INFO] IPUIPlugin:80 - create IPUIPlugin
2025-07-08 22:02:40,173 [INFO] IPUIPlugin:80 - create IPUIPlugin
2025-07-08 22:02:40,173 [INFO] IPUIPlugin:80 - create IPUIPlugin
2025-07-08 22:02:40,173 [INFO] IPUIPlugin:80 - create IPUIPlugin
2025-07-08 22:02:40,174 [INFO] IPUIPlugin:80 - create IPUIPlugin
2025-07-08 22:02:40,174 [INFO] IPUIPlugin:80 - create IPUIPlugin
2025-07-08 22:02:40,200 [INFO] ApiDbMcu:508 - Load IP Config File for PDM2PCM
2025-07-08 22:02:40,205 [WARN] IP:2250 - I2C_Coeff_DF not found: check if there is a RefParameter without a condition.
2025-07-08 22:02:40,205 [WARN] IP:2250 - Analog_Filter not found: check if there is a RefParameter without a condition.
2025-07-08 22:02:40,326 [INFO] CADModel:165 - CPN selected for project levelSTM32F411CEU6
2025-07-08 22:02:40,326 [INFO] CADModel:114 - Register for checkConnection events
2025-07-08 22:02:40,364 [INFO] OpenFileManager:385 - Restore cursor
2025-07-08 22:02:40,511 [WARN] IP:2250 - I2C_Coeff_DF not found: check if there is a RefParameter without a condition.
2025-07-08 22:02:40,511 [WARN] IP:2250 - Analog_Filter not found: check if there is a RefParameter without a condition.
2025-07-08 22:02:40,511 [WARN] IP:2250 - I2C_Coeff_DF not found: check if there is a RefParameter without a condition.
2025-07-08 22:02:40,511 [WARN] IP:2250 - Analog_Filter not found: check if there is a RefParameter without a condition.
2025-07-08 22:08:04,589 [INFO] NvicIntPanel:101 - NVIC parent = com.st.microxplorer.plugins.ip.nvic.MultiNvicIntPanel[,0,0,0x0,invalid,layout=javax.swing.BoxLayout,alignmentX=0.0,alignmentY=0.0,border=,flags=9,maximumSize=,minimumSize=,preferredSize=]
2025-07-08 22:08:20,606 [INFO] UtilMem:75 - End SaveConfig() Used Memory: 909378424 Bytes (1073741824)
2025-07-08 22:08:20,982 [INFO] LogOutputStream:77 - [STDOUT_REDIRECT] This download action requires prior login. To proceed, please use the 'login' command with your my.st.com account email and password.
2025-07-08 22:08:20,982 [INFO] LogOutputStream:77 - [STDOUT_REDIRECT] Run 'login <email> <password> <remember_me>' for example 'login john.smith@st.com mypassword y'.
2025-07-08 22:08:20,982 [INFO] LogOutputStream:77 - [STDOUT_REDIRECT] If you do not have a my.st.com account, please visit https://st.com website to create one.
2025-07-08 22:08:27,077 [INFO] LogOutputStream:77 - [STDOUT_REDIRECT] This download action requires prior login. To proceed, please use the 'login' command with your my.st.com account email and password.
2025-07-08 22:08:27,077 [INFO] LogOutputStream:77 - [STDOUT_REDIRECT] Run 'login <email> <password> <remember_me>' for example 'login john.smith@st.com mypassword y'.
2025-07-08 22:08:27,077 [INFO] LogOutputStream:77 - [STDOUT_REDIRECT] If you do not have a my.st.com account, please visit https://st.com website to create one.
2025-07-08 22:10:36,212 [INFO] LogOutputStream:77 - [STDOUT_REDIRECT] This download action requires prior login. To proceed, please use the 'login' command with your my.st.com account email and password.
2025-07-08 22:10:36,212 [INFO] LogOutputStream:77 - [STDOUT_REDIRECT] Run 'login <email> <password> <remember_me>' for example 'login john.smith@st.com mypassword y'.
2025-07-08 22:10:36,213 [INFO] LogOutputStream:77 - [STDOUT_REDIRECT] If you do not have a my.st.com account, please visit https://st.com website to create one.
2025-07-08 22:10:50,577 [INFO] LogOutputStream:77 - [STDOUT_REDIRECT] This download action requires prior login. To proceed, please use the 'login' command with your my.st.com account email and password.
2025-07-08 22:10:50,577 [INFO] LogOutputStream:77 - [STDOUT_REDIRECT] Run 'login <email> <password> <remember_me>' for example 'login john.smith@st.com mypassword y'.
2025-07-08 22:10:50,578 [INFO] LogOutputStream:77 - [STDOUT_REDIRECT] If you do not have a my.st.com account, please visit https://st.com website to create one.
2025-07-08 22:10:59,462 [INFO] MainUpdater:2872 - connection check result : 10
2025-07-08 22:10:59,462 [INFO] MainUpdater:2872 - connection check result : 10
2025-07-08 22:10:59,476 [INFO] MicroXplorer:468 - Change Database Path : 
2025-07-08 22:10:59,477 [INFO] MicroXplorer:498 - Change Database Version : DB.6.0.141
2025-07-08 22:10:59,492 [ERROR] ProjectManagerView:395 - 
java.lang.NullPointerException: Cannot invoke "javax.swing.JTextField.getText()" because the return value of "java.util.List.get(int)" is null
	at com.st.microxplorer.plugins.projectmanager.gui.ProjectChoiceTab$9.caretUpdate(ProjectChoiceTab.java:2678) ~[filemanager.jar:?]
	at javax.swing.text.JTextComponent.fireCaretUpdate(JTextComponent.java:408) ~[?:?]
	at javax.swing.text.JTextComponent$MutableCaretEvent.fire(JTextComponent.java:4484) ~[?:?]
	at javax.swing.text.JTextComponent$MutableCaretEvent.stateChanged(JTextComponent.java:4506) ~[?:?]
	at javax.swing.text.DefaultCaret.fireStateChanged(DefaultCaret.java:857) ~[?:?]
	at javax.swing.text.DefaultCaret.changeCaretPosition(DefaultCaret.java:1343) ~[?:?]
	at javax.swing.text.DefaultCaret.handleSetDot(DefaultCaret.java:1242) ~[?:?]
	at javax.swing.text.DefaultCaret.setDot(DefaultCaret.java:1223) ~[?:?]
	at javax.swing.text.DefaultCaret$Handler.insertUpdate(DefaultCaret.java:1819) ~[?:?]
	at javax.swing.text.AbstractDocument.fireInsertUpdate(AbstractDocument.java:227) ~[?:?]
	at javax.swing.text.AbstractDocument.handleInsertString(AbstractDocument.java:781) ~[?:?]
	at javax.swing.text.AbstractDocument.insertString(AbstractDocument.java:740) ~[?:?]
	at javax.swing.text.PlainDocument.insertString(PlainDocument.java:131) ~[?:?]
	at javax.swing.text.AbstractDocument.replace(AbstractDocument.java:699) ~[?:?]
	at javax.swing.text.JTextComponent.setText(JTextComponent.java:1725) ~[?:?]
	at com.st.microxplorer.plugins.projectmanager.gui.ProjectChoiceTab.createHeapStackFields(ProjectChoiceTab.java:979) ~[filemanager.jar:?]
	at com.st.microxplorer.plugins.projectmanager.gui.ProjectChoiceTab.buildLinkSettingsPanel(ProjectChoiceTab.java:3766) ~[filemanager.jar:?]
	at com.st.microxplorer.plugins.projectmanager.gui.ProjectChoiceTab.defineWindowsFields(ProjectChoiceTab.java:1962) ~[filemanager.jar:?]
	at com.st.microxplorer.plugins.projectmanager.gui.ProjectChoiceTab.updateSettings(ProjectChoiceTab.java:555) ~[filemanager.jar:?]
	at com.st.microxplorer.plugins.projectmanager.gui.ProjectSettingsPanel.UpdateDialog(ProjectSettingsPanel.java:245) ~[filemanager.jar:?]
	at com.st.microxplorer.plugins.projectmanager.ProjectManagerView.propertyChange(ProjectManagerView.java:392) ~[filemanager.jar:?]
	at java.beans.PropertyChangeSupport.fire(PropertyChangeSupport.java:343) ~[?:?]
	at java.beans.PropertyChangeSupport.firePropertyChange(PropertyChangeSupport.java:335) ~[?:?]
	at java.beans.PropertyChangeSupport.firePropertyChange(PropertyChangeSupport.java:268) ~[?:?]
	at com.st.microxplorer.util.MXPropertyChangeSupport.firePropertyChange(MXPropertyChangeSupport.java:54) ~[STM32CubeMX.jar:?]
	at com.st.microxplorer.mxsystem.MxSystem.closeConfig(MxSystem.java:899) ~[STM32CubeMX.jar:?]
	at com.st.microxplorer.maingui.MainPanel.closeConfig(MainPanel.java:789) ~[STM32CubeMX.jar:?]
	at com.st.microxplorer.plugins.filemanager.engine.OpenFileManager.loadConfigurationFile(OpenFileManager.java:287) ~[filemanager.jar:?]
	at com.st.microxplorer.plugins.filemanager.engine.MainFileManager.userLoadConfig(MainFileManager.java:341) ~[filemanager.jar:?]
	at com.st.microxplorer.plugins.filemanager.engine.MainFileManager.userLoadConfig(MainFileManager.java:319) ~[filemanager.jar:?]
	at com.st.microxplorer.plugins.filemanager.FileManagerView.getSpecificTask(FileManagerView.java:246) ~[filemanager.jar:?]
	at com.st.stm32cube.common.mx.editor.CubeMxEditor.getMxTabbedPaneInstance(CubeMxEditor.java:1198) ~[com.st.stm32cube.common.mx_6.14.1.202504091515/:?]
	at com.st.stm32cube.common.mx.editor.CubeMxEditor$12$1.createSwingComponent(CubeMxEditor.java:1068) ~[com.st.stm32cube.common.mx_6.14.1.202504091515/:?]
	at com.st.stm32cube.common.mx.oss.core.awtswtbridge.EmbeddedSwingComposite.doComponentCreation(EmbeddedSwingComposite.java:492) ~[com.st.stm32cube.common.mx.oss_6.14.1.202504091515/:?]
	at com.st.stm32cube.common.mx.oss.core.awtswtbridge.EmbeddedSwingComposite$4.run(EmbeddedSwingComposite.java:291) ~[com.st.stm32cube.common.mx.oss_6.14.1.202504091515/:?]
	at com.st.stm32cube.common.mx.oss.core.awtswtbridge.AwtEnvironment$2.run(AwtEnvironment.java:166) ~[com.st.stm32cube.common.mx.oss_6.14.1.202504091515/:?]
	at java.awt.event.InvocationEvent.dispatch(InvocationEvent.java:318) ~[?:?]
	at java.awt.EventQueue.dispatchEventImpl(EventQueue.java:773) ~[?:?]
	at java.awt.EventQueue$4.run(EventQueue.java:720) ~[?:?]
	at java.awt.EventQueue$4.run(EventQueue.java:714) ~[?:?]
	at java.security.AccessController.doPrivileged(AccessController.java:400) ~[?:?]
	at java.security.ProtectionDomain$JavaSecurityAccessImpl.doIntersectionPrivilege(ProtectionDomain.java:87) ~[?:?]
	at java.awt.EventQueue.dispatchEvent(EventQueue.java:742) ~[?:?]
	at java.awt.EventDispatchThread.pumpOneEventForFilters(EventDispatchThread.java:203) ~[?:?]
	at java.awt.EventDispatchThread.pumpEventsForFilter(EventDispatchThread.java:124) ~[?:?]
	at java.awt.EventDispatchThread.pumpEventsForHierarchy(EventDispatchThread.java:113) ~[?:?]
	at java.awt.EventDispatchThread.pumpEvents(EventDispatchThread.java:109) ~[?:?]
	at java.awt.EventDispatchThread.pumpEvents(EventDispatchThread.java:101) ~[?:?]
	at java.awt.EventDispatchThread.run(EventDispatchThread.java:90) ~[?:?]
2025-07-08 22:10:59,496 [WARN] ThirdParty:871 - waiting for thirdparty lock release [close project]
2025-07-08 22:10:59,496 [INFO] ThirdParty:873 - entering critical section [close project]
2025-07-08 22:10:59,496 [INFO] ThirdParty:883 - exiting critical section [close project]
2025-07-08 22:10:59,497 [INFO] PinOutPanel:1589 - setPackage(No Configuration,No Configuration)
2025-07-08 22:10:59,503 [WARN] IpParametersView:155 - Warning: This peripheral hasn't parameters
2025-07-08 22:10:59,507 [WARN] MainPanel:289 - <html><b><center>Warning: This peripheral has no parameters to be configured<br></b></html>
2025-07-08 22:10:59,511 [INFO] UtilMem:75 - Begin LoadConfig() Used Memory: 902585280 Bytes (1073741824)
2025-07-08 22:10:59,515 [INFO] MicroXplorer:468 - Change Database Path : /home/adrian/.stm32cubemx/databases/DB.6.0.140/db/
2025-07-08 22:10:59,515 [INFO] MicroXplorer:498 - Change Database Version : DB.6.0.140
2025-07-08 22:11:01,256 [INFO] MicroXplorer:468 - Change Database Path : 
2025-07-08 22:11:01,256 [INFO] MicroXplorer:498 - Change Database Version : DB.6.0.141
2025-07-08 22:11:01,256 [INFO] OpenFileManager:354 - Change cursor
2025-07-08 22:11:01,276 [INFO] RulesReader:64 - Compatibility file has been processed (302 Rules)
2025-07-08 22:11:01,281 [INFO] Mcu:2011 - Initializing MCU STM32F411C(C-E)Ux STM32F411CEUx STM32F411CEU6
2025-07-08 22:11:01,751 [INFO] Context:756 - Trying to add GPIOservice into a context  which must be forbidden
2025-07-08 22:11:02,047 [INFO] Rule:225 - rule Adapt Old IOC CSI. is applicable
2025-07-08 22:11:02,047 [INFO] DbConfProperties:307 - Apply Compatibility (0/1 Rules)
2025-07-08 22:11:02,073 [INFO] ImportTextPane:218 - (OptionalMessage_ERROR) Pin25 (VP_RIF_VS_RIF1) cannot be retrieved for this MCU
2025-07-08 22:11:02,100 [INFO] RtosManager:558 - Registered RTOS mode: class=CMSIS, group=RTOS, mode=CMSIS_V1, owner=FREERTOS
2025-07-08 22:11:02,101 [INFO] RtosManager:558 - Registered RTOS mode: class=CMSIS, group=RTOS2, mode=CMSIS_V2, owner=FREERTOS
2025-07-08 22:11:02,101 [INFO] RtosManager:558 - Registered RTOS mode: class=RTOS, group=Core, mode=CMSIS_V1, owner=FREERTOS
2025-07-08 22:11:02,101 [INFO] RtosManager:558 - Registered RTOS mode: class=RTOS, group=Core, mode=CMSIS_V2, owner=FREERTOS
2025-07-08 22:11:02,101 [WARN] ModelIntegratedComponent:184 - Missing modes for component STMicroelectronics:FreeRTOS:0.0.1:STMicroelectronics:RTOS:FreeRTOS:Core:::10.2.0:
2025-07-08 22:11:02,114 [WARN] ModelIntegratedComponent:182 - Modes not found for component STMicroelectronics:USB_HOST:1.0.0:STMicroelectronics:USB::USB Host:Audio HS::1.0:USB_HOST_1_0_RESTRICTED_HS
2025-07-08 22:11:02,114 [WARN] ModelIntegratedComponent:188 - Modes not found for component STMicroelectronics:USB_HOST:1.0.0:STMicroelectronics:USB::USB Host:Audio HS::1.0:USB_HOST_1_0_RESTRICTED_HS
2025-07-08 22:11:02,115 [WARN] ModelIntegratedComponent:182 - Modes not found for component STMicroelectronics:USB_HOST:1.0.0:STMicroelectronics:USB::USB Host:CDC HS::1.0:USB_HOST_1_0_RESTRICTED_HS
2025-07-08 22:11:02,115 [WARN] ModelIntegratedComponent:188 - Modes not found for component STMicroelectronics:USB_HOST:1.0.0:STMicroelectronics:USB::USB Host:CDC HS::1.0:USB_HOST_1_0_RESTRICTED_HS
2025-07-08 22:11:02,115 [WARN] ModelIntegratedComponent:182 - Modes not found for component STMicroelectronics:USB_HOST:1.0.0:STMicroelectronics:USB::USB Host:MSC HS::1.0:USB_HOST_1_0_RESTRICTED_HS
2025-07-08 22:11:02,115 [WARN] ModelIntegratedComponent:188 - Modes not found for component STMicroelectronics:USB_HOST:1.0.0:STMicroelectronics:USB::USB Host:MSC HS::1.0:USB_HOST_1_0_RESTRICTED_HS
2025-07-08 22:11:02,115 [WARN] ModelIntegratedComponent:182 - Modes not found for component STMicroelectronics:USB_HOST:1.0.0:STMicroelectronics:USB::USB Host:HID HS::1.0:USB_HOST_1_0_RESTRICTED_HS
2025-07-08 22:11:02,115 [WARN] ModelIntegratedComponent:188 - Modes not found for component STMicroelectronics:USB_HOST:1.0.0:STMicroelectronics:USB::USB Host:HID HS::1.0:USB_HOST_1_0_RESTRICTED_HS
2025-07-08 22:11:02,115 [WARN] ModelIntegratedComponent:182 - Modes not found for component STMicroelectronics:USB_HOST:1.0.0:STMicroelectronics:USB::USB Host:MTP HS::1.0:USB_HOST_1_0_RESTRICTED_HS
2025-07-08 22:11:02,115 [WARN] ModelIntegratedComponent:188 - Modes not found for component STMicroelectronics:USB_HOST:1.0.0:STMicroelectronics:USB::USB Host:MTP HS::1.0:USB_HOST_1_0_RESTRICTED_HS
2025-07-08 22:11:02,132 [WARN] ModelIntegratedComponent:63 - No mode defined for component null
2025-07-08 22:11:02,132 [WARN] ModelIntegratedComponent:63 - No mode defined for component null
2025-07-08 22:11:02,132 [WARN] ModelIntegratedComponent:63 - No mode defined for component null
2025-07-08 22:11:02,132 [WARN] ModelIntegratedComponent:63 - No mode defined for component null
2025-07-08 22:11:02,132 [WARN] ModelIntegratedComponent:63 - No mode defined for component null
2025-07-08 22:11:02,132 [WARN] ModelIntegratedComponent:63 - No mode defined for component null
2025-07-08 22:11:02,132 [WARN] ModelIntegratedComponent:63 - No mode defined for component null
2025-07-08 22:11:02,132 [WARN] ModelIntegratedComponent:63 - No mode defined for component null
2025-07-08 22:11:02,132 [WARN] ModelIntegratedComponent:63 - No mode defined for component null
2025-07-08 22:11:02,132 [WARN] ModelIntegratedComponent:63 - No mode defined for component null
2025-07-08 22:11:02,132 [WARN] ModelIntegratedComponent:63 - No mode defined for component null
2025-07-08 22:11:02,132 [WARN] ModelIntegratedComponent:63 - No mode defined for component null
2025-07-08 22:11:02,132 [WARN] ModelIntegratedComponent:63 - No mode defined for component null
2025-07-08 22:11:02,132 [WARN] ModelIntegratedComponent:63 - No mode defined for component null
2025-07-08 22:11:02,132 [WARN] ModelIntegratedComponent:63 - No mode defined for component null
2025-07-08 22:11:02,133 [WARN] ModelIntegratedComponent:63 - No mode defined for component null
2025-07-08 22:11:02,133 [WARN] ModelIntegratedComponent:63 - No mode defined for component null
2025-07-08 22:11:02,133 [WARN] ModelIntegratedComponent:63 - No mode defined for component null
2025-07-08 22:11:02,133 [WARN] ModelIntegratedComponent:63 - No mode defined for component null
2025-07-08 22:11:02,133 [WARN] ModelIntegratedComponent:63 - No mode defined for component null
2025-07-08 22:11:02,133 [WARN] ModelIntegratedComponent:63 - No mode defined for component null
2025-07-08 22:11:02,133 [WARN] ModelIntegratedComponent:63 - No mode defined for component null
2025-07-08 22:11:02,133 [WARN] ModelIntegratedComponent:63 - No mode defined for component null
2025-07-08 22:11:02,133 [WARN] ModelIntegratedComponent:63 - No mode defined for component null
2025-07-08 22:11:02,133 [WARN] ModelIntegratedComponent:63 - No mode defined for component null
2025-07-08 22:11:02,133 [WARN] ModelIntegratedComponent:63 - No mode defined for component null
2025-07-08 22:11:02,133 [WARN] ModelIntegratedComponent:63 - No mode defined for component null
2025-07-08 22:11:02,133 [WARN] ModelIntegratedComponent:63 - No mode defined for component null
2025-07-08 22:11:02,133 [WARN] ModelIntegratedComponent:63 - No mode defined for component null
2025-07-08 22:11:02,133 [WARN] ModelIntegratedComponent:63 - No mode defined for component null
2025-07-08 22:11:02,133 [WARN] ModelIntegratedComponent:63 - No mode defined for component null
2025-07-08 22:11:02,133 [WARN] ModelIntegratedComponent:63 - No mode defined for component null
2025-07-08 22:11:02,133 [WARN] ModelIntegratedComponent:63 - No mode defined for component null
2025-07-08 22:11:02,133 [WARN] ModelIntegratedComponent:63 - No mode defined for component null
2025-07-08 22:11:02,133 [WARN] ModelIntegratedComponent:63 - No mode defined for component null
2025-07-08 22:11:02,134 [WARN] ModelPack:524 - Component already loaded: STMicroelectronics:HAL Drivers:0.0.0:STMicroelectronics:Device:STMicro_Driver:XSPI:HAL::0.0.1:HAL_XSPI
2025-07-08 22:11:02,286 [WARN] ModelIntegratedComponent:182 - Modes not found for component STMicroelectronics:USB_DEVICE:1.0.0:STMicroelectronics:USB::USB Device:Audio HS::1.0:USB_DEVICE_1_0_RESTRICTED_HS
2025-07-08 22:11:02,286 [WARN] ModelIntegratedComponent:188 - Modes not found for component STMicroelectronics:USB_DEVICE:1.0.0:STMicroelectronics:USB::USB Device:Audio HS::1.0:USB_DEVICE_1_0_RESTRICTED_HS
2025-07-08 22:11:02,286 [WARN] ModelIntegratedComponent:182 - Modes not found for component STMicroelectronics:USB_DEVICE:1.0.0:STMicroelectronics:USB::USB Device:CDC HS::1.0:USB_DEVICE_1_0_RESTRICTED_HS
2025-07-08 22:11:02,286 [WARN] ModelIntegratedComponent:188 - Modes not found for component STMicroelectronics:USB_DEVICE:1.0.0:STMicroelectronics:USB::USB Device:CDC HS::1.0:USB_DEVICE_1_0_RESTRICTED_HS
2025-07-08 22:11:02,286 [WARN] ModelIntegratedComponent:182 - Modes not found for component STMicroelectronics:USB_DEVICE:1.0.0:STMicroelectronics:USB::USB Device:DFU HS::1.0:USB_DEVICE_1_0_RESTRICTED_HS
2025-07-08 22:11:02,286 [WARN] ModelIntegratedComponent:188 - Modes not found for component STMicroelectronics:USB_DEVICE:1.0.0:STMicroelectronics:USB::USB Device:DFU HS::1.0:USB_DEVICE_1_0_RESTRICTED_HS
2025-07-08 22:11:02,286 [WARN] ModelIntegratedComponent:182 - Modes not found for component STMicroelectronics:USB_DEVICE:1.0.0:STMicroelectronics:USB::USB Device:HID HS::1.0:USB_DEVICE_1_0_RESTRICTED_HS
2025-07-08 22:11:02,286 [WARN] ModelIntegratedComponent:188 - Modes not found for component STMicroelectronics:USB_DEVICE:1.0.0:STMicroelectronics:USB::USB Device:HID HS::1.0:USB_DEVICE_1_0_RESTRICTED_HS
2025-07-08 22:11:02,286 [WARN] ModelIntegratedComponent:182 - Modes not found for component STMicroelectronics:USB_DEVICE:1.0.0:STMicroelectronics:USB::USB Device:Custom HID HS::1.0:USB_DEVICE_1_0_RESTRICTED_HS
2025-07-08 22:11:02,286 [WARN] ModelIntegratedComponent:188 - Modes not found for component STMicroelectronics:USB_DEVICE:1.0.0:STMicroelectronics:USB::USB Device:Custom HID HS::1.0:USB_DEVICE_1_0_RESTRICTED_HS
2025-07-08 22:11:02,286 [WARN] ModelIntegratedComponent:182 - Modes not found for component STMicroelectronics:USB_DEVICE:1.0.0:STMicroelectronics:USB::USB Device:MSC HS::1.0:USB_DEVICE_1_0_RESTRICTED_HS
2025-07-08 22:11:02,286 [WARN] ModelIntegratedComponent:188 - Modes not found for component STMicroelectronics:USB_DEVICE:1.0.0:STMicroelectronics:USB::USB Device:MSC HS::1.0:USB_DEVICE_1_0_RESTRICTED_HS
2025-07-08 22:11:02,296 [INFO] ThirdPartyModel:298 - Start build external matchings
2025-07-08 22:11:02,529 [INFO] ThirdPartyModel:316 - End build external matchings
2025-07-08 22:11:02,539 [INFO] ImportTextPane:218 - (OptionalMessage_ERROR) IP (DMA) : Parameter (Instance) has Id (I2C1_TX) currently not set
2025-07-08 22:11:02,539 [INFO] ImportTextPane:218 - (OptionalMessage_ERROR) IP (DMA) : Parameter (Channel) has Id (I2C1_TX) currently not set
2025-07-08 22:11:02,539 [INFO] ImportTextPane:218 - (OptionalMessage_ERROR) IP (DMA) : Parameter (Direction) has Id (I2C1_TX) currently not set
2025-07-08 22:11:02,539 [INFO] ImportTextPane:218 - (OptionalMessage_ERROR) IP (DMA) : Parameter (PeriphInc) has Id (I2C1_TX) currently not set
2025-07-08 22:11:02,539 [INFO] ImportTextPane:218 - (OptionalMessage_ERROR) IP (DMA) : Parameter (MemInc) has Id (I2C1_TX) currently not set
2025-07-08 22:11:02,540 [INFO] ImportTextPane:218 - (OptionalMessage_ERROR) IP (DMA) : Parameter (PeriphDataAlignment) has Id (I2C1_TX) currently not set
2025-07-08 22:11:02,540 [INFO] ImportTextPane:218 - (OptionalMessage_ERROR) IP (DMA) : Parameter (MemDataAlignment) has Id (I2C1_TX) currently not set
2025-07-08 22:11:02,540 [INFO] ImportTextPane:218 - (OptionalMessage_ERROR) IP (DMA) : Parameter (Mode) has Id (I2C1_TX) currently not set
2025-07-08 22:11:02,540 [INFO] ImportTextPane:218 - (OptionalMessage_ERROR) IP (DMA) : Parameter (Priority) has Id (I2C1_TX) currently not set
2025-07-08 22:11:02,540 [INFO] ImportTextPane:218 - (OptionalMessage_ERROR) IP (DMA) : Parameter (FIFOMode) has Id (I2C1_TX) currently not set
2025-07-08 22:11:02,540 [INFO] ImportTextPane:218 - (OptionalMessage_ERROR) IP (DMA) : Parameter (Instance) has Id (USART1_RX) currently not set
2025-07-08 22:11:02,540 [INFO] ImportTextPane:218 - (OptionalMessage_ERROR) IP (DMA) : Parameter (Channel) has Id (USART1_RX) currently not set
2025-07-08 22:11:02,540 [INFO] ImportTextPane:218 - (OptionalMessage_ERROR) IP (DMA) : Parameter (Direction) has Id (USART1_RX) currently not set
2025-07-08 22:11:02,540 [INFO] ImportTextPane:218 - (OptionalMessage_ERROR) IP (DMA) : Parameter (PeriphInc) has Id (USART1_RX) currently not set
2025-07-08 22:11:02,540 [INFO] ImportTextPane:218 - (OptionalMessage_ERROR) IP (DMA) : Parameter (MemInc) has Id (USART1_RX) currently not set
2025-07-08 22:11:02,540 [INFO] ImportTextPane:218 - (OptionalMessage_ERROR) IP (DMA) : Parameter (PeriphDataAlignment) has Id (USART1_RX) currently not set
2025-07-08 22:11:02,540 [INFO] ImportTextPane:218 - (OptionalMessage_ERROR) IP (DMA) : Parameter (MemDataAlignment) has Id (USART1_RX) currently not set
2025-07-08 22:11:02,540 [INFO] ImportTextPane:218 - (OptionalMessage_ERROR) IP (DMA) : Parameter (Mode) has Id (USART1_RX) currently not set
2025-07-08 22:11:02,540 [INFO] ImportTextPane:218 - (OptionalMessage_ERROR) IP (DMA) : Parameter (Priority) has Id (USART1_RX) currently not set
2025-07-08 22:11:02,540 [INFO] ImportTextPane:218 - (OptionalMessage_ERROR) IP (DMA) : Parameter (FIFOMode) has Id (USART1_RX) currently not set
2025-07-08 22:11:02,540 [INFO] ImportTextPane:218 - (OptionalMessage_ERROR) IP (DMA) : Parameter (Instance) has Id (USART1_TX) currently not set
2025-07-08 22:11:02,540 [INFO] ImportTextPane:218 - (OptionalMessage_ERROR) IP (DMA) : Parameter (Channel) has Id (USART1_TX) currently not set
2025-07-08 22:11:02,540 [INFO] ImportTextPane:218 - (OptionalMessage_ERROR) IP (DMA) : Parameter (Direction) has Id (USART1_TX) currently not set
2025-07-08 22:11:02,540 [INFO] ImportTextPane:218 - (OptionalMessage_ERROR) IP (DMA) : Parameter (PeriphInc) has Id (USART1_TX) currently not set
2025-07-08 22:11:02,540 [INFO] ImportTextPane:218 - (OptionalMessage_ERROR) IP (DMA) : Parameter (MemInc) has Id (USART1_TX) currently not set
2025-07-08 22:11:02,541 [INFO] ImportTextPane:218 - (OptionalMessage_ERROR) IP (DMA) : Parameter (PeriphDataAlignment) has Id (USART1_TX) currently not set
2025-07-08 22:11:02,541 [INFO] ImportTextPane:218 - (OptionalMessage_ERROR) IP (DMA) : Parameter (MemDataAlignment) has Id (USART1_TX) currently not set
2025-07-08 22:11:02,541 [INFO] ImportTextPane:218 - (OptionalMessage_ERROR) IP (DMA) : Parameter (Mode) has Id (USART1_TX) currently not set
2025-07-08 22:11:02,541 [INFO] ImportTextPane:218 - (OptionalMessage_ERROR) IP (DMA) : Parameter (Priority) has Id (USART1_TX) currently not set
2025-07-08 22:11:02,541 [INFO] ImportTextPane:218 - (OptionalMessage_ERROR) IP (DMA) : Parameter (FIFOMode) has Id (USART1_TX) currently not set
2025-07-08 22:11:02,541 [WARN] IP:2250 - I2C_Coeff_DF not found: check if there is a RefParameter without a condition.
2025-07-08 22:11:02,541 [WARN] IP:2250 - Analog_Filter not found: check if there is a RefParameter without a condition.
2025-07-08 22:11:02,542 [INFO] ImportTextPane:218 - (OptionalMessage_ERROR) IP (RCC) : Parameter (48MHZClocksFreq_Value) has invalid value (50000000)
2025-07-08 22:11:02,542 [INFO] ImportTextPane:218 - (OptionalMessage_ERROR) IP (RCC) : Parameter (RTCHSEDivFreq_Value) has invalid value (12500000)
2025-07-08 22:11:02,644 [INFO] UtilMem:75 - End LoadConfig() Used Memory: 910034680 Bytes (1073741824)
2025-07-08 22:11:02,653 [WARN] ThirdParty:833 - waiting for thirdparty lock release [change project]
2025-07-08 22:11:02,653 [INFO] ThirdParty:835 - entering critical section [change project]
2025-07-08 22:11:02,653 [INFO] ThirdParty:1030 - CMSIS Pack Vendor :STMicroelectronics X-CUBE-PM33A1 1.0.0
2025-07-08 22:11:02,653 [INFO] ThirdParty:1030 - CMSIS Pack Vendor :STMicroelectronics USBPD 4.1
2025-07-08 22:11:02,653 [INFO] ThirdParty:1030 - CMSIS Pack Vendor :STMicroelectronics X-CUBE-AZRTOS-H7 3.3.0
2025-07-08 22:11:02,653 [INFO] ThirdParty:1030 - CMSIS Pack Vendor :STMicroelectronics X-CUBE-NFC9 1.0.0
2025-07-08 22:11:02,654 [INFO] ThirdParty:1030 - CMSIS Pack Vendor :wolfSSL I-CUBE-wolfSSL 5.8.0
2025-07-08 22:11:02,654 [INFO] ThirdParty:1030 - CMSIS Pack Vendor :STMicroelectronics USB_HOST 2.0.0
2025-07-08 22:11:02,654 [INFO] ThirdParty:1030 - CMSIS Pack Vendor :STMicroelectronics FP-SNS-MOTENVWB1 1.4.0
2025-07-08 22:11:02,654 [INFO] ThirdParty:1030 - CMSIS Pack Vendor :STMicroelectronics X-CUBE-AZRTOS-F4 1.1.0
2025-07-08 22:11:02,654 [INFO] ThirdParty:1030 - CMSIS Pack Vendor :STMicroelectronics LIBJPEG 8.0.0
2025-07-08 22:11:02,654 [INFO] ThirdParty:1030 - CMSIS Pack Vendor :STMicroelectronics FP-ATR-ASTRA1 2.0.2
2025-07-08 22:11:02,654 [INFO] ThirdParty:1030 - CMSIS Pack Vendor :STMicroelectronics X-CUBE-BLE1 7.1.0
2025-07-08 22:11:02,654 [INFO] ThirdParty:1030 - CMSIS Pack Vendor :Avnet-IotConnect X-CUBE-IoTC-DA16k-PMOD 1.0.0
2025-07-08 22:11:02,654 [INFO] ThirdParty:1030 - CMSIS Pack Vendor :STMicroelectronics X-CUBE-SMBUS 2.1.0
2025-07-08 22:11:02,654 [INFO] ThirdParty:1030 - CMSIS Pack Vendor :wolfSSL I-CUBE-wolfMQTT 1.19.2
2025-07-08 22:11:02,654 [INFO] ThirdParty:1030 - CMSIS Pack Vendor :STMicroelectronics USB_DEVICE 3.0.0
2025-07-08 22:11:02,654 [INFO] ThirdParty:1030 - CMSIS Pack Vendor :STMicroelectronics X-CUBE-ISPU 2.1.0
2025-07-08 22:11:02,654 [INFO] ThirdParty:1030 - CMSIS Pack Vendor :STMicroelectronics X-CUBE-AZRTOS-WB 2.0.0
2025-07-08 22:11:02,654 [INFO] ThirdParty:1030 - CMSIS Pack Vendor :STMicroelectronics X-CUBE-ST60 1.0.0
2025-07-08 22:11:02,654 [INFO] ThirdParty:1030 - CMSIS Pack Vendor :STMicroelectronics X-CUBE-GNSS1 7.0.1
2025-07-08 22:11:02,654 [INFO] ThirdParty:1030 - CMSIS Pack Vendor :STMicroelectronics X-CUBE-AZRTOS-F7 1.1.0
2025-07-08 22:11:02,654 [INFO] ThirdParty:1030 - CMSIS Pack Vendor :STMicroelectronics X-CUBE-AZRTOS-L5 2.0.0
2025-07-08 22:11:02,654 [INFO] ThirdParty:1030 - CMSIS Pack Vendor :STMicroelectronics X-CUBE-TOUCHGFX 4.25.0
2025-07-08 22:11:02,654 [INFO] ThirdParty:1030 - CMSIS Pack Vendor :STMicroelectronics USB_DEVICE 2.0.0
2025-07-08 22:11:02,654 [INFO] ThirdParty:1030 - CMSIS Pack Vendor :STMicroelectronics X-CUBE-NFC6 3.1.0
2025-07-08 22:11:02,654 [INFO] ThirdParty:1030 - CMSIS Pack Vendor :STMicroelectronics X-CUBE-AI 10.1.0
2025-07-08 22:11:02,654 [INFO] ThirdParty:1030 - CMSIS Pack Vendor :STMicroelectronics FP-SNS-STBOX1 2.0.0
2025-07-08 22:11:02,654 [INFO] ThirdParty:1030 - CMSIS Pack Vendor :STMicroelectronics FreeRTOS 0.0.1
2025-07-08 22:11:02,654 [INFO] ThirdParty:1030 - CMSIS Pack Vendor :STMicroelectronics X-CUBE-AZRTOS-G0 1.1.0
2025-07-08 22:11:02,655 [INFO] ThirdParty:1030 - CMSIS Pack Vendor :STMicroelectronics X-CUBE-SAFEA1 1.2.2
2025-07-08 22:11:02,655 [INFO] ThirdParty:1030 - CMSIS Pack Vendor :STMicroelectronics X-CUBE-NFC4 3.0.0
2025-07-08 22:11:02,655 [INFO] ThirdParty:1030 - CMSIS Pack Vendor :STMicroelectronics X-CUBE-SUBG2 5.0.0
2025-07-08 22:11:02,655 [INFO] ThirdParty:1030 - CMSIS Pack Vendor :STMicroelectronics X-CUBE-AZRTOS-H7RS 1.1.0
2025-07-08 22:11:02,655 [INFO] ThirdParty:1030 - CMSIS Pack Vendor :STMicroelectronics STM32_WPAN 1.0.0
2025-07-08 22:11:02,655 [INFO] ThirdParty:1030 - CMSIS Pack Vendor :EmbeddedOffice I-CUBE-FS-RTOS 1.0.1
2025-07-08 22:11:02,655 [INFO] ThirdParty:1030 - CMSIS Pack Vendor :STMicroelectronics lwIP 2.0.3
2025-07-08 22:11:02,655 [INFO] ThirdParty:1030 - CMSIS Pack Vendor :Cesanta I-CUBE-Mongoose 7.13.0
2025-07-08 22:11:02,655 [INFO] ThirdParty:1030 - CMSIS Pack Vendor :STMicroelectronics USB_HOST 1.0.0
2025-07-08 22:11:02,655 [INFO] ThirdParty:1030 - CMSIS Pack Vendor :Infineon AIROC-Wi-Fi-Bluetooth-STM32 1.7.0
2025-07-08 22:11:02,655 [INFO] ThirdParty:1030 - CMSIS Pack Vendor :STMicroelectronics X-CUBE-AZRTOS-G4 2.0.0
2025-07-08 22:11:02,655 [INFO] ThirdParty:1030 - CMSIS Pack Vendor :STMicroelectronics X-CUBE-WB05N 2.0.0
2025-07-08 22:11:02,655 [INFO] ThirdParty:1030 - CMSIS Pack Vendor :STMicroelectronics PDM2PCM 3.1.0
2025-07-08 22:11:02,655 [INFO] ThirdParty:1030 - CMSIS Pack Vendor :STMicroelectronics PDM2PCM 3.3.0
2025-07-08 22:11:02,655 [INFO] ThirdParty:1030 - CMSIS Pack Vendor :wolfSSL I-CUBE-wolfTPM 3.8.0
2025-07-08 22:11:02,655 [INFO] ThirdParty:1030 - CMSIS Pack Vendor :STMicroelectronics X-CUBE-AZRTOS-H7 3.4.0
2025-07-08 22:11:02,655 [INFO] ThirdParty:1030 - CMSIS Pack Vendor :STMicroelectronics X-CUBE-DISPLAY 3.0.0
2025-07-08 22:11:02,655 [INFO] ThirdParty:1030 - CMSIS Pack Vendor :wolfSSL I-CUBE-wolfSSH 1.4.20
2025-07-08 22:11:02,655 [INFO] ThirdParty:1030 - CMSIS Pack Vendor :STMicroelectronics X-CUBE-NFC7 2.0.0
2025-07-08 22:11:02,655 [INFO] ThirdParty:1030 - CMSIS Pack Vendor :STMicroelectronics X-CUBE-TCPP 4.2.0
2025-07-08 22:11:02,655 [INFO] ThirdParty:1030 - CMSIS Pack Vendor :RealThread X-CUBE-RT-Thread_Nano 4.1.1
2025-07-08 22:11:02,655 [INFO] ThirdParty:1030 - CMSIS Pack Vendor :STMicroelectronics FP-ATR-SIGFOX1 3.2.0
2025-07-08 22:11:02,655 [INFO] ThirdParty:1030 - CMSIS Pack Vendor :STMicroelectronics X-CUBE-NFC10 1.0.0
2025-07-08 22:11:02,655 [INFO] ThirdParty:1030 - CMSIS Pack Vendor :STMicroelectronics X-CUBE-BLEMGR 4.0.0
2025-07-08 22:11:02,655 [INFO] ThirdParty:1030 - CMSIS Pack Vendor :STMicroelectronics X-CUBE-EEPRMA1 5.1.0
2025-07-08 22:11:02,655 [INFO] ThirdParty:1030 - CMSIS Pack Vendor :STMicroelectronics X-CUBE-FREERTOS 1.3.1
2025-07-08 22:11:02,655 [INFO] ThirdParty:1030 - CMSIS Pack Vendor :STMicroelectronics HAL Drivers 0.0.0
2025-07-08 22:11:02,656 [INFO] ThirdParty:1030 - CMSIS Pack Vendor :STMicroelectronics MBEDTLS 2.16.2
2025-07-08 22:11:02,656 [INFO] ThirdParty:1030 - CMSIS Pack Vendor :STMicroelectronics X-CUBE-IPS 3.1.0
2025-07-08 22:11:02,656 [INFO] ThirdParty:1030 - CMSIS Pack Vendor :STMicroelectronics X-CUBE-ALS 1.0.2
2025-07-08 22:11:02,656 [INFO] ThirdParty:1030 - CMSIS Pack Vendor :emotas I-CUBE-CANOPEN 1.3.0
2025-07-08 22:11:02,656 [INFO] ThirdParty:1030 - CMSIS Pack Vendor :STMicroelectronics MBEDTLS 2.14.1
2025-07-08 22:11:02,656 [INFO] ThirdParty:1030 - CMSIS Pack Vendor :ITTIA_DB I-CUBE-ITTIADB 8.9.0
2025-07-08 22:11:02,656 [INFO] ThirdParty:1030 - CMSIS Pack Vendor :portGmbH I-Cube-SoM-uGOAL 1.1.0
2025-07-08 22:11:02,656 [INFO] ThirdParty:1030 - CMSIS Pack Vendor :quantropi X-CUBE-qispace-sdk-base 2.0.0
2025-07-08 22:11:02,656 [INFO] ThirdParty:1030 - CMSIS Pack Vendor :STMicroelectronics X-CUBE-ST67W61 1.0.0
2025-07-08 22:11:02,656 [INFO] ThirdParty:1030 - CMSIS Pack Vendor :STMicroelectronics FP-SNS-STAIOTCFT 1.0.0
2025-07-08 22:11:02,656 [INFO] ThirdParty:1030 - CMSIS Pack Vendor :STMicroelectronics ThreadX 1.0.0
2025-07-08 22:11:02,656 [INFO] ThirdParty:1030 - CMSIS Pack Vendor :STMicroelectronics FP-SNS-SMARTAG2 1.2.0
2025-07-08 22:11:02,656 [INFO] ThirdParty:1030 - CMSIS Pack Vendor :STMicroelectronics FP-SNS-FLIGHT1 5.1.0
2025-07-08 22:11:02,656 [INFO] ThirdParty:1030 - CMSIS Pack Vendor :STMicroelectronics X-CUBE-AZRTOS-WL 2.0.0
2025-07-08 22:11:02,656 [INFO] ThirdParty:1030 - CMSIS Pack Vendor :SEGGER I-CUBE-embOS 1.3.1
2025-07-08 22:11:02,656 [INFO] ThirdParty:1030 - CMSIS Pack Vendor :STMicroelectronics X-CUBE-ALGOBUILD 1.4.0
2025-07-08 22:11:02,656 [INFO] ThirdParty:1030 - CMSIS Pack Vendor :STMicroelectronics X-CUBE-DPower 1.3.0
2025-07-08 22:11:02,656 [INFO] ThirdParty:1030 - CMSIS Pack Vendor :STMicroelectronics X-CUBE-MEMS1 11.3.0
2025-07-08 22:11:02,656 [INFO] ThirdParty:1030 - CMSIS Pack Vendor :STMicroelectronics FP-SNS-MOTENV1 5.0.0
2025-07-08 22:11:02,656 [INFO] ThirdParty:1030 - CMSIS Pack Vendor :STMicroelectronics USB_DEVICE 1.0.0
2025-07-08 22:11:02,656 [INFO] ThirdParty:1030 - CMSIS Pack Vendor :STMicroelectronics X-CUBE-AZRTOS-L4 2.0.0
2025-07-08 22:11:02,656 [INFO] ThirdParty:1030 - CMSIS Pack Vendor :STMicroelectronics ThreadX 0.0.2
2025-07-08 22:11:02,657 [INFO] ThirdParty:1030 - CMSIS Pack Vendor :WES I-CUBE-Cesium 1.3.0
2025-07-08 22:11:02,657 [INFO] ThirdParty:1030 - CMSIS Pack Vendor :STMicroelectronics lwIP 2.1.2
2025-07-08 22:11:02,657 [INFO] ThirdParty:1030 - CMSIS Pack Vendor :STMicroelectronics X-CUBE-SFXS2LP1 4.0.0
2025-07-08 22:11:02,657 [INFO] ThirdParty:1030 - CMSIS Pack Vendor :STMicroelectronics X-CUBE-BLE2 3.3.0
2025-07-08 22:11:02,657 [INFO] ThirdParty:1030 - CMSIS Pack Vendor :STMicroelectronics X-CUBE-TOF1 3.4.3
2025-07-08 22:11:02,657 [INFO] ThirdParty:1030 - CMSIS Pack Vendor :STMicroelectronics PDM2PCM 3.2.0
2025-07-08 22:11:02,657 [INFO] ThirdParty:841 - exiting critical section [change project]
2025-07-08 22:11:02,809 [INFO] PinOutPanel:1589 - setPackage(No Configuration,No Configuration)
2025-07-08 22:11:02,810 [INFO] PinOutPanel:1589 - setPackage(STM32F411CEUx,UFQFPN48)
2025-07-08 22:11:03,058 [INFO] UtilMem:75 - Before build in PCC Used Memory: 702164880 Bytes (1073741824)
2025-07-08 22:11:03,267 [INFO] UtilMem:75 - After build in PCC Used Memory: 740962192 Bytes (1073741824)
2025-07-08 22:11:03,282 [INFO] IPUIPlugin:80 - create IPUIPlugin
2025-07-08 22:11:03,282 [INFO] IPUIPlugin:80 - create IPUIPlugin
2025-07-08 22:11:03,282 [INFO] IPUIPlugin:80 - create IPUIPlugin
2025-07-08 22:11:03,283 [INFO] IPUIPlugin:80 - create IPUIPlugin
2025-07-08 22:11:03,283 [INFO] IPUIPlugin:80 - create IPUIPlugin
2025-07-08 22:11:03,283 [INFO] IPUIPlugin:80 - create IPUIPlugin
2025-07-08 22:11:03,283 [INFO] IPUIPlugin:80 - create IPUIPlugin
2025-07-08 22:11:03,283 [INFO] IPUIPlugin:80 - create IPUIPlugin
2025-07-08 22:11:03,283 [INFO] IPUIPlugin:80 - create IPUIPlugin
2025-07-08 22:11:03,283 [INFO] IPUIPlugin:80 - create IPUIPlugin
2025-07-08 22:11:03,283 [INFO] IPUIPlugin:80 - create IPUIPlugin
2025-07-08 22:11:03,283 [INFO] IPUIPlugin:80 - create IPUIPlugin
2025-07-08 22:11:03,283 [INFO] IPUIPlugin:80 - create IPUIPlugin
2025-07-08 22:11:03,283 [INFO] IPUIPlugin:80 - create IPUIPlugin
2025-07-08 22:11:03,284 [INFO] IPUIPlugin:80 - create IPUIPlugin
2025-07-08 22:11:03,284 [INFO] IPUIPlugin:80 - create IPUIPlugin
2025-07-08 22:11:03,284 [INFO] IPUIPlugin:80 - create IPUIPlugin
2025-07-08 22:11:03,284 [INFO] IPUIPlugin:80 - create IPUIPlugin
2025-07-08 22:11:03,284 [INFO] IPUIPlugin:80 - create IPUIPlugin
2025-07-08 22:11:03,284 [INFO] IPUIPlugin:80 - create IPUIPlugin
2025-07-08 22:11:03,284 [INFO] IPUIPlugin:80 - create IPUIPlugin
2025-07-08 22:11:03,284 [INFO] IPUIPlugin:80 - create IPUIPlugin
2025-07-08 22:11:03,284 [INFO] IPUIPlugin:80 - create IPUIPlugin
2025-07-08 22:11:03,285 [INFO] IPUIPlugin:80 - create IPUIPlugin
2025-07-08 22:11:03,285 [INFO] IPUIPlugin:80 - create IPUIPlugin
2025-07-08 22:11:03,285 [INFO] IPUIPlugin:80 - create IPUIPlugin
2025-07-08 22:11:03,285 [INFO] IPUIPlugin:80 - create IPUIPlugin
2025-07-08 22:11:03,285 [INFO] IPUIPlugin:80 - create IPUIPlugin
2025-07-08 22:11:03,285 [INFO] IPUIPlugin:80 - create IPUIPlugin
2025-07-08 22:11:03,285 [INFO] IPUIPlugin:80 - create IPUIPlugin
2025-07-08 22:11:03,285 [INFO] IPUIPlugin:80 - create IPUIPlugin
2025-07-08 22:11:03,285 [INFO] IPUIPlugin:80 - create IPUIPlugin
2025-07-08 22:11:03,285 [INFO] IPUIPlugin:80 - create IPUIPlugin
2025-07-08 22:11:03,285 [INFO] IPUIPlugin:80 - create IPUIPlugin
2025-07-08 22:11:03,285 [INFO] IPUIPlugin:80 - create IPUIPlugin
2025-07-08 22:11:03,285 [INFO] IPUIPlugin:80 - create IPUIPlugin
2025-07-08 22:11:03,285 [INFO] IPUIPlugin:80 - create IPUIPlugin
2025-07-08 22:11:03,285 [INFO] IPUIPlugin:80 - create IPUIPlugin
2025-07-08 22:11:03,285 [INFO] IPUIPlugin:80 - create IPUIPlugin
2025-07-08 22:11:03,286 [INFO] IPUIPlugin:80 - create IPUIPlugin
2025-07-08 22:11:03,286 [INFO] IPUIPlugin:80 - create IPUIPlugin
2025-07-08 22:11:03,286 [INFO] IPUIPlugin:80 - create IPUIPlugin
2025-07-08 22:11:03,286 [INFO] IPUIPlugin:80 - create IPUIPlugin
2025-07-08 22:11:03,289 [INFO] ApiDbMcu:508 - Load IP Config File for PDM2PCM
2025-07-08 22:11:03,290 [WARN] IP:2250 - I2C_Coeff_DF not found: check if there is a RefParameter without a condition.
2025-07-08 22:11:03,290 [WARN] IP:2250 - Analog_Filter not found: check if there is a RefParameter without a condition.
2025-07-08 22:11:03,321 [INFO] CADModel:165 - CPN selected for project levelSTM32F411CEU6
2025-07-08 22:11:03,321 [INFO] CADModel:114 - Register for checkConnection events
2025-07-08 22:11:03,357 [INFO] OpenFileManager:385 - Restore cursor
2025-07-08 22:11:03,481 [WARN] IP:2250 - I2C_Coeff_DF not found: check if there is a RefParameter without a condition.
2025-07-08 22:11:03,482 [WARN] IP:2250 - Analog_Filter not found: check if there is a RefParameter without a condition.
2025-07-08 22:11:03,482 [WARN] IP:2250 - I2C_Coeff_DF not found: check if there is a RefParameter without a condition.
2025-07-08 22:11:03,482 [WARN] IP:2250 - Analog_Filter not found: check if there is a RefParameter without a condition.
2025-07-08 22:11:20,175 [INFO] UtilMem:75 - End SaveConfig() Used Memory: 983808544 Bytes (1073741824)
2025-07-08 22:11:20,463 [INFO] LogOutputStream:77 - [STDOUT_REDIRECT] This download action requires prior login. To proceed, please use the 'login' command with your my.st.com account email and password.
2025-07-08 22:11:20,464 [INFO] LogOutputStream:77 - [STDOUT_REDIRECT] Run 'login <email> <password> <remember_me>' for example 'login john.smith@st.com mypassword y'.
2025-07-08 22:11:20,464 [INFO] LogOutputStream:77 - [STDOUT_REDIRECT] If you do not have a my.st.com account, please visit https://st.com website to create one.
2025-07-08 22:12:59,651 [INFO] NvicIntPanel:101 - NVIC parent = com.st.microxplorer.plugins.ip.nvic.MultiNvicIntPanel[,0,0,0x0,invalid,layout=javax.swing.BoxLayout,alignmentX=0.0,alignmentY=0.0,border=,flags=9,maximumSize=,minimumSize=,preferredSize=]
2025-07-08 22:13:01,784 [INFO] UtilMem:75 - End SaveConfig() Used Memory: 642350256 Bytes (1073741824)
2025-07-08 22:13:03,524 [INFO] UtilMem:75 - End SaveConfig() Used Memory: 661224624 Bytes (1073741824)
2025-07-08 22:13:03,823 [INFO] LogOutputStream:77 - [STDOUT_REDIRECT] This download action requires prior login. To proceed, please use the 'login' command with your my.st.com account email and password.
2025-07-08 22:13:03,823 [INFO] LogOutputStream:77 - [STDOUT_REDIRECT] Run 'login <email> <password> <remember_me>' for example 'login john.smith@st.com mypassword y'.
2025-07-08 22:13:03,823 [INFO] LogOutputStream:77 - [STDOUT_REDIRECT] If you do not have a my.st.com account, please visit https://st.com website to create one.
2025-07-08 22:13:11,335 [INFO] LogOutputStream:77 - [STDOUT_REDIRECT] This download action requires prior login. To proceed, please use the 'login' command with your my.st.com account email and password.
2025-07-08 22:13:11,335 [INFO] LogOutputStream:77 - [STDOUT_REDIRECT] Run 'login <email> <password> <remember_me>' for example 'login john.smith@st.com mypassword y'.
2025-07-08 22:13:11,335 [INFO] LogOutputStream:77 - [STDOUT_REDIRECT] If you do not have a my.st.com account, please visit https://st.com website to create one.
2025-07-08 22:15:00,554 [INFO] MainUpdater:2872 - connection check result : 10
2025-07-08 22:15:00,554 [INFO] MainUpdater:2872 - connection check result : 10
2025-07-08 22:15:00,566 [INFO] MicroXplorer:468 - Change Database Path : 
2025-07-08 22:15:00,566 [INFO] MicroXplorer:498 - Change Database Version : DB.6.0.141
2025-07-08 22:15:00,572 [ERROR] ProjectManagerView:395 - 
java.lang.NullPointerException: Cannot invoke "javax.swing.JTextField.getText()" because the return value of "java.util.List.get(int)" is null
	at com.st.microxplorer.plugins.projectmanager.gui.ProjectChoiceTab$9.caretUpdate(ProjectChoiceTab.java:2678) ~[filemanager.jar:?]
	at javax.swing.text.JTextComponent.fireCaretUpdate(JTextComponent.java:408) ~[?:?]
	at javax.swing.text.JTextComponent$MutableCaretEvent.fire(JTextComponent.java:4484) ~[?:?]
	at javax.swing.text.JTextComponent$MutableCaretEvent.stateChanged(JTextComponent.java:4506) ~[?:?]
	at javax.swing.text.DefaultCaret.fireStateChanged(DefaultCaret.java:857) ~[?:?]
	at javax.swing.text.DefaultCaret.changeCaretPosition(DefaultCaret.java:1343) ~[?:?]
	at javax.swing.text.DefaultCaret.handleSetDot(DefaultCaret.java:1242) ~[?:?]
	at javax.swing.text.DefaultCaret.setDot(DefaultCaret.java:1223) ~[?:?]
	at javax.swing.text.DefaultCaret$Handler.insertUpdate(DefaultCaret.java:1819) ~[?:?]
	at javax.swing.text.AbstractDocument.fireInsertUpdate(AbstractDocument.java:227) ~[?:?]
	at javax.swing.text.AbstractDocument.handleInsertString(AbstractDocument.java:781) ~[?:?]
	at javax.swing.text.AbstractDocument.insertString(AbstractDocument.java:740) ~[?:?]
	at javax.swing.text.PlainDocument.insertString(PlainDocument.java:131) ~[?:?]
	at javax.swing.text.AbstractDocument.replace(AbstractDocument.java:699) ~[?:?]
	at javax.swing.text.JTextComponent.setText(JTextComponent.java:1725) ~[?:?]
	at com.st.microxplorer.plugins.projectmanager.gui.ProjectChoiceTab.createHeapStackFields(ProjectChoiceTab.java:979) ~[filemanager.jar:?]
	at com.st.microxplorer.plugins.projectmanager.gui.ProjectChoiceTab.buildLinkSettingsPanel(ProjectChoiceTab.java:3766) ~[filemanager.jar:?]
	at com.st.microxplorer.plugins.projectmanager.gui.ProjectChoiceTab.defineWindowsFields(ProjectChoiceTab.java:1962) ~[filemanager.jar:?]
	at com.st.microxplorer.plugins.projectmanager.gui.ProjectChoiceTab.updateSettings(ProjectChoiceTab.java:555) ~[filemanager.jar:?]
	at com.st.microxplorer.plugins.projectmanager.gui.ProjectSettingsPanel.UpdateDialog(ProjectSettingsPanel.java:245) ~[filemanager.jar:?]
	at com.st.microxplorer.plugins.projectmanager.ProjectManagerView.propertyChange(ProjectManagerView.java:392) ~[filemanager.jar:?]
	at java.beans.PropertyChangeSupport.fire(PropertyChangeSupport.java:343) ~[?:?]
	at java.beans.PropertyChangeSupport.firePropertyChange(PropertyChangeSupport.java:335) ~[?:?]
	at java.beans.PropertyChangeSupport.firePropertyChange(PropertyChangeSupport.java:268) ~[?:?]
	at com.st.microxplorer.util.MXPropertyChangeSupport.firePropertyChange(MXPropertyChangeSupport.java:54) ~[STM32CubeMX.jar:?]
	at com.st.microxplorer.mxsystem.MxSystem.closeConfig(MxSystem.java:899) ~[STM32CubeMX.jar:?]
	at com.st.microxplorer.maingui.MainPanel.closeConfig(MainPanel.java:789) ~[STM32CubeMX.jar:?]
	at com.st.microxplorer.plugins.filemanager.engine.OpenFileManager.loadConfigurationFile(OpenFileManager.java:287) ~[filemanager.jar:?]
	at com.st.microxplorer.plugins.filemanager.engine.MainFileManager.userLoadConfig(MainFileManager.java:341) ~[filemanager.jar:?]
	at com.st.microxplorer.plugins.filemanager.engine.MainFileManager.userLoadConfig(MainFileManager.java:319) ~[filemanager.jar:?]
	at com.st.microxplorer.plugins.filemanager.FileManagerView.getSpecificTask(FileManagerView.java:246) ~[filemanager.jar:?]
	at com.st.stm32cube.common.mx.editor.CubeMxEditor.getMxTabbedPaneInstance(CubeMxEditor.java:1198) ~[com.st.stm32cube.common.mx_6.14.1.202504091515/:?]
	at com.st.stm32cube.common.mx.editor.CubeMxEditor$12$1.createSwingComponent(CubeMxEditor.java:1068) ~[com.st.stm32cube.common.mx_6.14.1.202504091515/:?]
	at com.st.stm32cube.common.mx.oss.core.awtswtbridge.EmbeddedSwingComposite.doComponentCreation(EmbeddedSwingComposite.java:492) ~[com.st.stm32cube.common.mx.oss_6.14.1.202504091515/:?]
	at com.st.stm32cube.common.mx.oss.core.awtswtbridge.EmbeddedSwingComposite$4.run(EmbeddedSwingComposite.java:291) ~[com.st.stm32cube.common.mx.oss_6.14.1.202504091515/:?]
	at com.st.stm32cube.common.mx.oss.core.awtswtbridge.AwtEnvironment$2.run(AwtEnvironment.java:166) ~[com.st.stm32cube.common.mx.oss_6.14.1.202504091515/:?]
	at java.awt.event.InvocationEvent.dispatch(InvocationEvent.java:318) ~[?:?]
	at java.awt.EventQueue.dispatchEventImpl(EventQueue.java:773) ~[?:?]
	at java.awt.EventQueue$4.run(EventQueue.java:720) ~[?:?]
	at java.awt.EventQueue$4.run(EventQueue.java:714) ~[?:?]
	at java.security.AccessController.doPrivileged(AccessController.java:400) ~[?:?]
	at java.security.ProtectionDomain$JavaSecurityAccessImpl.doIntersectionPrivilege(ProtectionDomain.java:87) ~[?:?]
	at java.awt.EventQueue.dispatchEvent(EventQueue.java:742) ~[?:?]
	at java.awt.EventDispatchThread.pumpOneEventForFilters(EventDispatchThread.java:203) ~[?:?]
	at java.awt.EventDispatchThread.pumpEventsForFilter(EventDispatchThread.java:124) ~[?:?]
	at java.awt.EventDispatchThread.pumpEventsForHierarchy(EventDispatchThread.java:113) ~[?:?]
	at java.awt.EventDispatchThread.pumpEvents(EventDispatchThread.java:109) ~[?:?]
	at java.awt.EventDispatchThread.pumpEvents(EventDispatchThread.java:101) ~[?:?]
	at java.awt.EventDispatchThread.run(EventDispatchThread.java:90) ~[?:?]
2025-07-08 22:15:00,572 [WARN] ThirdParty:871 - waiting for thirdparty lock release [close project]
2025-07-08 22:15:00,573 [INFO] ThirdParty:873 - entering critical section [close project]
2025-07-08 22:15:00,573 [INFO] ThirdParty:883 - exiting critical section [close project]
2025-07-08 22:15:00,574 [INFO] PinOutPanel:1589 - setPackage(No Configuration,No Configuration)
2025-07-08 22:15:00,578 [WARN] IpParametersView:155 - Warning: This peripheral hasn't parameters
2025-07-08 22:15:00,581 [WARN] MainPanel:289 - <html><b><center>Warning: This peripheral has no parameters to be configured<br></b></html>
2025-07-08 22:15:00,582 [INFO] UtilMem:75 - Begin LoadConfig() Used Memory: 880808272 Bytes (1073741824)
2025-07-08 22:15:00,583 [INFO] MicroXplorer:468 - Change Database Path : 
2025-07-08 22:15:00,583 [INFO] MicroXplorer:498 - Change Database Version : DB.6.0.141
2025-07-08 22:15:00,583 [INFO] OpenFileManager:354 - Change cursor
2025-07-08 22:15:00,590 [INFO] RulesReader:64 - Compatibility file has been processed (302 Rules)
2025-07-08 22:15:00,592 [INFO] Mcu:2011 - Initializing MCU STM32F411C(C-E)Ux STM32F411CEUx STM32F411CEU6
2025-07-08 22:15:01,080 [INFO] Context:756 - Trying to add GPIOservice into a context  which must be forbidden
2025-07-08 22:15:01,382 [INFO] ImportTextPane:218 - (OptionalMessage_ERROR) Pin25 (VP_RIF_VS_RIF1) cannot be retrieved for this MCU
2025-07-08 22:15:01,406 [INFO] RtosManager:558 - Registered RTOS mode: class=CMSIS, group=RTOS, mode=CMSIS_V1, owner=FREERTOS
2025-07-08 22:15:01,406 [INFO] RtosManager:558 - Registered RTOS mode: class=CMSIS, group=RTOS2, mode=CMSIS_V2, owner=FREERTOS
2025-07-08 22:15:01,406 [INFO] RtosManager:558 - Registered RTOS mode: class=RTOS, group=Core, mode=CMSIS_V1, owner=FREERTOS
2025-07-08 22:15:01,406 [INFO] RtosManager:558 - Registered RTOS mode: class=RTOS, group=Core, mode=CMSIS_V2, owner=FREERTOS
2025-07-08 22:15:01,406 [WARN] ModelIntegratedComponent:184 - Missing modes for component STMicroelectronics:FreeRTOS:0.0.1:STMicroelectronics:RTOS:FreeRTOS:Core:::10.2.0:
2025-07-08 22:15:01,413 [WARN] ModelIntegratedComponent:182 - Modes not found for component STMicroelectronics:USB_HOST:1.0.0:STMicroelectronics:USB::USB Host:Audio HS::1.0:USB_HOST_1_0_RESTRICTED_HS
2025-07-08 22:15:01,413 [WARN] ModelIntegratedComponent:188 - Modes not found for component STMicroelectronics:USB_HOST:1.0.0:STMicroelectronics:USB::USB Host:Audio HS::1.0:USB_HOST_1_0_RESTRICTED_HS
2025-07-08 22:15:01,413 [WARN] ModelIntegratedComponent:182 - Modes not found for component STMicroelectronics:USB_HOST:1.0.0:STMicroelectronics:USB::USB Host:CDC HS::1.0:USB_HOST_1_0_RESTRICTED_HS
2025-07-08 22:15:01,413 [WARN] ModelIntegratedComponent:188 - Modes not found for component STMicroelectronics:USB_HOST:1.0.0:STMicroelectronics:USB::USB Host:CDC HS::1.0:USB_HOST_1_0_RESTRICTED_HS
2025-07-08 22:15:01,413 [WARN] ModelIntegratedComponent:182 - Modes not found for component STMicroelectronics:USB_HOST:1.0.0:STMicroelectronics:USB::USB Host:MSC HS::1.0:USB_HOST_1_0_RESTRICTED_HS
2025-07-08 22:15:01,413 [WARN] ModelIntegratedComponent:188 - Modes not found for component STMicroelectronics:USB_HOST:1.0.0:STMicroelectronics:USB::USB Host:MSC HS::1.0:USB_HOST_1_0_RESTRICTED_HS
2025-07-08 22:15:01,413 [WARN] ModelIntegratedComponent:182 - Modes not found for component STMicroelectronics:USB_HOST:1.0.0:STMicroelectronics:USB::USB Host:HID HS::1.0:USB_HOST_1_0_RESTRICTED_HS
2025-07-08 22:15:01,413 [WARN] ModelIntegratedComponent:188 - Modes not found for component STMicroelectronics:USB_HOST:1.0.0:STMicroelectronics:USB::USB Host:HID HS::1.0:USB_HOST_1_0_RESTRICTED_HS
2025-07-08 22:15:01,414 [WARN] ModelIntegratedComponent:182 - Modes not found for component STMicroelectronics:USB_HOST:1.0.0:STMicroelectronics:USB::USB Host:MTP HS::1.0:USB_HOST_1_0_RESTRICTED_HS
2025-07-08 22:15:01,414 [WARN] ModelIntegratedComponent:188 - Modes not found for component STMicroelectronics:USB_HOST:1.0.0:STMicroelectronics:USB::USB Host:MTP HS::1.0:USB_HOST_1_0_RESTRICTED_HS
2025-07-08 22:15:01,423 [WARN] ModelIntegratedComponent:63 - No mode defined for component null
2025-07-08 22:15:01,424 [WARN] ModelIntegratedComponent:63 - No mode defined for component null
2025-07-08 22:15:01,424 [WARN] ModelIntegratedComponent:63 - No mode defined for component null
2025-07-08 22:15:01,424 [WARN] ModelIntegratedComponent:63 - No mode defined for component null
2025-07-08 22:15:01,424 [WARN] ModelIntegratedComponent:63 - No mode defined for component null
2025-07-08 22:15:01,424 [WARN] ModelIntegratedComponent:63 - No mode defined for component null
2025-07-08 22:15:01,424 [WARN] ModelIntegratedComponent:63 - No mode defined for component null
2025-07-08 22:15:01,424 [WARN] ModelIntegratedComponent:63 - No mode defined for component null
2025-07-08 22:15:01,424 [WARN] ModelIntegratedComponent:63 - No mode defined for component null
2025-07-08 22:15:01,424 [WARN] ModelIntegratedComponent:63 - No mode defined for component null
2025-07-08 22:15:01,424 [WARN] ModelIntegratedComponent:63 - No mode defined for component null
2025-07-08 22:15:01,424 [WARN] ModelIntegratedComponent:63 - No mode defined for component null
2025-07-08 22:15:01,424 [WARN] ModelIntegratedComponent:63 - No mode defined for component null
2025-07-08 22:15:01,424 [WARN] ModelIntegratedComponent:63 - No mode defined for component null
2025-07-08 22:15:01,424 [WARN] ModelIntegratedComponent:63 - No mode defined for component null
2025-07-08 22:15:01,424 [WARN] ModelIntegratedComponent:63 - No mode defined for component null
2025-07-08 22:15:01,424 [WARN] ModelIntegratedComponent:63 - No mode defined for component null
2025-07-08 22:15:01,424 [WARN] ModelIntegratedComponent:63 - No mode defined for component null
2025-07-08 22:15:01,424 [WARN] ModelIntegratedComponent:63 - No mode defined for component null
2025-07-08 22:15:01,424 [WARN] ModelIntegratedComponent:63 - No mode defined for component null
2025-07-08 22:15:01,424 [WARN] ModelIntegratedComponent:63 - No mode defined for component null
2025-07-08 22:15:01,424 [WARN] ModelIntegratedComponent:63 - No mode defined for component null
2025-07-08 22:15:01,424 [WARN] ModelIntegratedComponent:63 - No mode defined for component null
2025-07-08 22:15:01,424 [WARN] ModelIntegratedComponent:63 - No mode defined for component null
2025-07-08 22:15:01,424 [WARN] ModelIntegratedComponent:63 - No mode defined for component null
2025-07-08 22:15:01,424 [WARN] ModelIntegratedComponent:63 - No mode defined for component null
2025-07-08 22:15:01,424 [WARN] ModelIntegratedComponent:63 - No mode defined for component null
2025-07-08 22:15:01,424 [WARN] ModelIntegratedComponent:63 - No mode defined for component null
2025-07-08 22:15:01,424 [WARN] ModelIntegratedComponent:63 - No mode defined for component null
2025-07-08 22:15:01,424 [WARN] ModelIntegratedComponent:63 - No mode defined for component null
2025-07-08 22:15:01,424 [WARN] ModelIntegratedComponent:63 - No mode defined for component null
2025-07-08 22:15:01,424 [WARN] ModelIntegratedComponent:63 - No mode defined for component null
2025-07-08 22:15:01,425 [WARN] ModelIntegratedComponent:63 - No mode defined for component null
2025-07-08 22:15:01,425 [WARN] ModelIntegratedComponent:63 - No mode defined for component null
2025-07-08 22:15:01,425 [WARN] ModelIntegratedComponent:63 - No mode defined for component null
2025-07-08 22:15:01,425 [WARN] ModelPack:524 - Component already loaded: STMicroelectronics:HAL Drivers:0.0.0:STMicroelectronics:Device:STMicro_Driver:XSPI:HAL::0.0.1:HAL_XSPI
2025-07-08 22:15:01,467 [WARN] ModelIntegratedComponent:182 - Modes not found for component STMicroelectronics:USB_DEVICE:1.0.0:STMicroelectronics:USB::USB Device:Audio HS::1.0:USB_DEVICE_1_0_RESTRICTED_HS
2025-07-08 22:15:01,468 [WARN] ModelIntegratedComponent:188 - Modes not found for component STMicroelectronics:USB_DEVICE:1.0.0:STMicroelectronics:USB::USB Device:Audio HS::1.0:USB_DEVICE_1_0_RESTRICTED_HS
2025-07-08 22:15:01,468 [WARN] ModelIntegratedComponent:182 - Modes not found for component STMicroelectronics:USB_DEVICE:1.0.0:STMicroelectronics:USB::USB Device:CDC HS::1.0:USB_DEVICE_1_0_RESTRICTED_HS
2025-07-08 22:15:01,468 [WARN] ModelIntegratedComponent:188 - Modes not found for component STMicroelectronics:USB_DEVICE:1.0.0:STMicroelectronics:USB::USB Device:CDC HS::1.0:USB_DEVICE_1_0_RESTRICTED_HS
2025-07-08 22:15:01,468 [WARN] ModelIntegratedComponent:182 - Modes not found for component STMicroelectronics:USB_DEVICE:1.0.0:STMicroelectronics:USB::USB Device:DFU HS::1.0:USB_DEVICE_1_0_RESTRICTED_HS
2025-07-08 22:15:01,468 [WARN] ModelIntegratedComponent:188 - Modes not found for component STMicroelectronics:USB_DEVICE:1.0.0:STMicroelectronics:USB::USB Device:DFU HS::1.0:USB_DEVICE_1_0_RESTRICTED_HS
2025-07-08 22:15:01,468 [WARN] ModelIntegratedComponent:182 - Modes not found for component STMicroelectronics:USB_DEVICE:1.0.0:STMicroelectronics:USB::USB Device:HID HS::1.0:USB_DEVICE_1_0_RESTRICTED_HS
2025-07-08 22:15:01,468 [WARN] ModelIntegratedComponent:188 - Modes not found for component STMicroelectronics:USB_DEVICE:1.0.0:STMicroelectronics:USB::USB Device:HID HS::1.0:USB_DEVICE_1_0_RESTRICTED_HS
2025-07-08 22:15:01,468 [WARN] ModelIntegratedComponent:182 - Modes not found for component STMicroelectronics:USB_DEVICE:1.0.0:STMicroelectronics:USB::USB Device:Custom HID HS::1.0:USB_DEVICE_1_0_RESTRICTED_HS
2025-07-08 22:15:01,468 [WARN] ModelIntegratedComponent:188 - Modes not found for component STMicroelectronics:USB_DEVICE:1.0.0:STMicroelectronics:USB::USB Device:Custom HID HS::1.0:USB_DEVICE_1_0_RESTRICTED_HS
2025-07-08 22:15:01,468 [WARN] ModelIntegratedComponent:182 - Modes not found for component STMicroelectronics:USB_DEVICE:1.0.0:STMicroelectronics:USB::USB Device:MSC HS::1.0:USB_DEVICE_1_0_RESTRICTED_HS
2025-07-08 22:15:01,468 [WARN] ModelIntegratedComponent:188 - Modes not found for component STMicroelectronics:USB_DEVICE:1.0.0:STMicroelectronics:USB::USB Device:MSC HS::1.0:USB_DEVICE_1_0_RESTRICTED_HS
2025-07-08 22:15:01,475 [INFO] ThirdPartyModel:298 - Start build external matchings
2025-07-08 22:15:01,700 [INFO] ThirdPartyModel:316 - End build external matchings
2025-07-08 22:15:01,709 [INFO] ImportTextPane:218 - (OptionalMessage_ERROR) IP (DMA) : Parameter (Instance) has Id (I2C1_TX) currently not set
2025-07-08 22:15:01,710 [INFO] ImportTextPane:218 - (OptionalMessage_ERROR) IP (DMA) : Parameter (Channel) has Id (I2C1_TX) currently not set
2025-07-08 22:15:01,710 [INFO] ImportTextPane:218 - (OptionalMessage_ERROR) IP (DMA) : Parameter (Direction) has Id (I2C1_TX) currently not set
2025-07-08 22:15:01,710 [INFO] ImportTextPane:218 - (OptionalMessage_ERROR) IP (DMA) : Parameter (PeriphInc) has Id (I2C1_TX) currently not set
2025-07-08 22:15:01,710 [INFO] ImportTextPane:218 - (OptionalMessage_ERROR) IP (DMA) : Parameter (MemInc) has Id (I2C1_TX) currently not set
2025-07-08 22:15:01,710 [INFO] ImportTextPane:218 - (OptionalMessage_ERROR) IP (DMA) : Parameter (PeriphDataAlignment) has Id (I2C1_TX) currently not set
2025-07-08 22:15:01,710 [INFO] ImportTextPane:218 - (OptionalMessage_ERROR) IP (DMA) : Parameter (MemDataAlignment) has Id (I2C1_TX) currently not set
2025-07-08 22:15:01,710 [INFO] ImportTextPane:218 - (OptionalMessage_ERROR) IP (DMA) : Parameter (Mode) has Id (I2C1_TX) currently not set
2025-07-08 22:15:01,710 [INFO] ImportTextPane:218 - (OptionalMessage_ERROR) IP (DMA) : Parameter (Priority) has Id (I2C1_TX) currently not set
2025-07-08 22:15:01,710 [INFO] ImportTextPane:218 - (OptionalMessage_ERROR) IP (DMA) : Parameter (FIFOMode) has Id (I2C1_TX) currently not set
2025-07-08 22:15:01,710 [INFO] ImportTextPane:218 - (OptionalMessage_ERROR) IP (DMA) : Parameter (Instance) has Id (USART1_RX) currently not set
2025-07-08 22:15:01,710 [INFO] ImportTextPane:218 - (OptionalMessage_ERROR) IP (DMA) : Parameter (Channel) has Id (USART1_RX) currently not set
2025-07-08 22:15:01,710 [INFO] ImportTextPane:218 - (OptionalMessage_ERROR) IP (DMA) : Parameter (Direction) has Id (USART1_RX) currently not set
2025-07-08 22:15:01,710 [INFO] ImportTextPane:218 - (OptionalMessage_ERROR) IP (DMA) : Parameter (PeriphInc) has Id (USART1_RX) currently not set
2025-07-08 22:15:01,710 [INFO] ImportTextPane:218 - (OptionalMessage_ERROR) IP (DMA) : Parameter (MemInc) has Id (USART1_RX) currently not set
2025-07-08 22:15:01,710 [INFO] ImportTextPane:218 - (OptionalMessage_ERROR) IP (DMA) : Parameter (PeriphDataAlignment) has Id (USART1_RX) currently not set
2025-07-08 22:15:01,710 [INFO] ImportTextPane:218 - (OptionalMessage_ERROR) IP (DMA) : Parameter (MemDataAlignment) has Id (USART1_RX) currently not set
2025-07-08 22:15:01,710 [INFO] ImportTextPane:218 - (OptionalMessage_ERROR) IP (DMA) : Parameter (Mode) has Id (USART1_RX) currently not set
2025-07-08 22:15:01,710 [INFO] ImportTextPane:218 - (OptionalMessage_ERROR) IP (DMA) : Parameter (Priority) has Id (USART1_RX) currently not set
2025-07-08 22:15:01,710 [INFO] ImportTextPane:218 - (OptionalMessage_ERROR) IP (DMA) : Parameter (FIFOMode) has Id (USART1_RX) currently not set
2025-07-08 22:15:01,710 [INFO] ImportTextPane:218 - (OptionalMessage_ERROR) IP (DMA) : Parameter (Instance) has Id (USART1_TX) currently not set
2025-07-08 22:15:01,710 [INFO] ImportTextPane:218 - (OptionalMessage_ERROR) IP (DMA) : Parameter (Channel) has Id (USART1_TX) currently not set
2025-07-08 22:15:01,710 [INFO] ImportTextPane:218 - (OptionalMessage_ERROR) IP (DMA) : Parameter (Direction) has Id (USART1_TX) currently not set
2025-07-08 22:15:01,710 [INFO] ImportTextPane:218 - (OptionalMessage_ERROR) IP (DMA) : Parameter (PeriphInc) has Id (USART1_TX) currently not set
2025-07-08 22:15:01,710 [INFO] ImportTextPane:218 - (OptionalMessage_ERROR) IP (DMA) : Parameter (MemInc) has Id (USART1_TX) currently not set
2025-07-08 22:15:01,711 [INFO] ImportTextPane:218 - (OptionalMessage_ERROR) IP (DMA) : Parameter (PeriphDataAlignment) has Id (USART1_TX) currently not set
2025-07-08 22:15:01,711 [INFO] ImportTextPane:218 - (OptionalMessage_ERROR) IP (DMA) : Parameter (MemDataAlignment) has Id (USART1_TX) currently not set
2025-07-08 22:15:01,711 [INFO] ImportTextPane:218 - (OptionalMessage_ERROR) IP (DMA) : Parameter (Mode) has Id (USART1_TX) currently not set
2025-07-08 22:15:01,711 [INFO] ImportTextPane:218 - (OptionalMessage_ERROR) IP (DMA) : Parameter (Priority) has Id (USART1_TX) currently not set
2025-07-08 22:15:01,711 [INFO] ImportTextPane:218 - (OptionalMessage_ERROR) IP (DMA) : Parameter (FIFOMode) has Id (USART1_TX) currently not set
2025-07-08 22:15:01,711 [WARN] IP:2250 - I2C_Coeff_DF not found: check if there is a RefParameter without a condition.
2025-07-08 22:15:01,711 [WARN] IP:2250 - Analog_Filter not found: check if there is a RefParameter without a condition.
2025-07-08 22:15:01,711 [INFO] ImportTextPane:218 - (OptionalMessage_ERROR) IP (RCC) : Parameter (48MHZClocksFreq_Value) has invalid value (50000000)
2025-07-08 22:15:01,712 [INFO] ImportTextPane:218 - (OptionalMessage_ERROR) IP (RCC) : Parameter (RTCHSEDivFreq_Value) has invalid value (12500000)
2025-07-08 22:15:01,820 [INFO] UtilMem:75 - End LoadConfig() Used Memory: 896630776 Bytes (1073741824)
2025-07-08 22:15:01,827 [WARN] ThirdParty:833 - waiting for thirdparty lock release [change project]
2025-07-08 22:15:01,827 [INFO] ThirdParty:835 - entering critical section [change project]
2025-07-08 22:15:01,827 [INFO] ThirdParty:1030 - CMSIS Pack Vendor :STMicroelectronics X-CUBE-PM33A1 1.0.0
2025-07-08 22:15:01,827 [INFO] ThirdParty:1030 - CMSIS Pack Vendor :STMicroelectronics USBPD 4.1
2025-07-08 22:15:01,827 [INFO] ThirdParty:1030 - CMSIS Pack Vendor :STMicroelectronics X-CUBE-AZRTOS-H7 3.3.0
2025-07-08 22:15:01,827 [INFO] ThirdParty:1030 - CMSIS Pack Vendor :STMicroelectronics X-CUBE-NFC9 1.0.0
2025-07-08 22:15:01,827 [INFO] ThirdParty:1030 - CMSIS Pack Vendor :wolfSSL I-CUBE-wolfSSL 5.8.0
2025-07-08 22:15:01,827 [INFO] ThirdParty:1030 - CMSIS Pack Vendor :STMicroelectronics USB_HOST 2.0.0
2025-07-08 22:15:01,827 [INFO] ThirdParty:1030 - CMSIS Pack Vendor :STMicroelectronics FP-SNS-MOTENVWB1 1.4.0
2025-07-08 22:15:01,827 [INFO] ThirdParty:1030 - CMSIS Pack Vendor :STMicroelectronics X-CUBE-AZRTOS-F4 1.1.0
2025-07-08 22:15:01,827 [INFO] ThirdParty:1030 - CMSIS Pack Vendor :STMicroelectronics LIBJPEG 8.0.0
2025-07-08 22:15:01,827 [INFO] ThirdParty:1030 - CMSIS Pack Vendor :STMicroelectronics FP-ATR-ASTRA1 2.0.2
2025-07-08 22:15:01,827 [INFO] ThirdParty:1030 - CMSIS Pack Vendor :STMicroelectronics X-CUBE-BLE1 7.1.0
2025-07-08 22:15:01,827 [INFO] ThirdParty:1030 - CMSIS Pack Vendor :Avnet-IotConnect X-CUBE-IoTC-DA16k-PMOD 1.0.0
2025-07-08 22:15:01,827 [INFO] ThirdParty:1030 - CMSIS Pack Vendor :STMicroelectronics X-CUBE-SMBUS 2.1.0
2025-07-08 22:15:01,827 [INFO] ThirdParty:1030 - CMSIS Pack Vendor :wolfSSL I-CUBE-wolfMQTT 1.19.2
2025-07-08 22:15:01,828 [INFO] ThirdParty:1030 - CMSIS Pack Vendor :STMicroelectronics USB_DEVICE 3.0.0
2025-07-08 22:15:01,828 [INFO] ThirdParty:1030 - CMSIS Pack Vendor :STMicroelectronics X-CUBE-ISPU 2.1.0
2025-07-08 22:15:01,828 [INFO] ThirdParty:1030 - CMSIS Pack Vendor :STMicroelectronics X-CUBE-AZRTOS-WB 2.0.0
2025-07-08 22:15:01,828 [INFO] ThirdParty:1030 - CMSIS Pack Vendor :STMicroelectronics X-CUBE-ST60 1.0.0
2025-07-08 22:15:01,828 [INFO] ThirdParty:1030 - CMSIS Pack Vendor :STMicroelectronics X-CUBE-GNSS1 7.0.1
2025-07-08 22:15:01,828 [INFO] ThirdParty:1030 - CMSIS Pack Vendor :STMicroelectronics X-CUBE-AZRTOS-F7 1.1.0
2025-07-08 22:15:01,828 [INFO] ThirdParty:1030 - CMSIS Pack Vendor :STMicroelectronics X-CUBE-AZRTOS-L5 2.0.0
2025-07-08 22:15:01,828 [INFO] ThirdParty:1030 - CMSIS Pack Vendor :STMicroelectronics X-CUBE-TOUCHGFX 4.25.0
2025-07-08 22:15:01,828 [INFO] ThirdParty:1030 - CMSIS Pack Vendor :STMicroelectronics USB_DEVICE 2.0.0
2025-07-08 22:15:01,828 [INFO] ThirdParty:1030 - CMSIS Pack Vendor :STMicroelectronics X-CUBE-NFC6 3.1.0
2025-07-08 22:15:01,828 [INFO] ThirdParty:1030 - CMSIS Pack Vendor :STMicroelectronics X-CUBE-AI 10.1.0
2025-07-08 22:15:01,828 [INFO] ThirdParty:1030 - CMSIS Pack Vendor :STMicroelectronics FP-SNS-STBOX1 2.0.0
2025-07-08 22:15:01,828 [INFO] ThirdParty:1030 - CMSIS Pack Vendor :STMicroelectronics FreeRTOS 0.0.1
2025-07-08 22:15:01,828 [INFO] ThirdParty:1030 - CMSIS Pack Vendor :STMicroelectronics X-CUBE-AZRTOS-G0 1.1.0
2025-07-08 22:15:01,828 [INFO] ThirdParty:1030 - CMSIS Pack Vendor :STMicroelectronics X-CUBE-SAFEA1 1.2.2
2025-07-08 22:15:01,828 [INFO] ThirdParty:1030 - CMSIS Pack Vendor :STMicroelectronics X-CUBE-NFC4 3.0.0
2025-07-08 22:15:01,828 [INFO] ThirdParty:1030 - CMSIS Pack Vendor :STMicroelectronics X-CUBE-SUBG2 5.0.0
2025-07-08 22:15:01,828 [INFO] ThirdParty:1030 - CMSIS Pack Vendor :STMicroelectronics X-CUBE-AZRTOS-H7RS 1.1.0
2025-07-08 22:15:01,828 [INFO] ThirdParty:1030 - CMSIS Pack Vendor :STMicroelectronics STM32_WPAN 1.0.0
2025-07-08 22:15:01,828 [INFO] ThirdParty:1030 - CMSIS Pack Vendor :EmbeddedOffice I-CUBE-FS-RTOS 1.0.1
2025-07-08 22:15:01,828 [INFO] ThirdParty:1030 - CMSIS Pack Vendor :STMicroelectronics lwIP 2.0.3
2025-07-08 22:15:01,828 [INFO] ThirdParty:1030 - CMSIS Pack Vendor :Cesanta I-CUBE-Mongoose 7.13.0
2025-07-08 22:15:01,828 [INFO] ThirdParty:1030 - CMSIS Pack Vendor :STMicroelectronics USB_HOST 1.0.0
2025-07-08 22:15:01,828 [INFO] ThirdParty:1030 - CMSIS Pack Vendor :Infineon AIROC-Wi-Fi-Bluetooth-STM32 1.7.0
2025-07-08 22:15:01,828 [INFO] ThirdParty:1030 - CMSIS Pack Vendor :STMicroelectronics X-CUBE-AZRTOS-G4 2.0.0
2025-07-08 22:15:01,828 [INFO] ThirdParty:1030 - CMSIS Pack Vendor :STMicroelectronics X-CUBE-WB05N 2.0.0
2025-07-08 22:15:01,828 [INFO] ThirdParty:1030 - CMSIS Pack Vendor :STMicroelectronics PDM2PCM 3.1.0
2025-07-08 22:15:01,828 [INFO] ThirdParty:1030 - CMSIS Pack Vendor :STMicroelectronics PDM2PCM 3.3.0
2025-07-08 22:15:01,828 [INFO] ThirdParty:1030 - CMSIS Pack Vendor :wolfSSL I-CUBE-wolfTPM 3.8.0
2025-07-08 22:15:01,828 [INFO] ThirdParty:1030 - CMSIS Pack Vendor :STMicroelectronics X-CUBE-AZRTOS-H7 3.4.0
2025-07-08 22:15:01,828 [INFO] ThirdParty:1030 - CMSIS Pack Vendor :STMicroelectronics X-CUBE-DISPLAY 3.0.0
2025-07-08 22:15:01,828 [INFO] ThirdParty:1030 - CMSIS Pack Vendor :wolfSSL I-CUBE-wolfSSH 1.4.20
2025-07-08 22:15:01,828 [INFO] ThirdParty:1030 - CMSIS Pack Vendor :STMicroelectronics X-CUBE-NFC7 2.0.0
2025-07-08 22:15:01,828 [INFO] ThirdParty:1030 - CMSIS Pack Vendor :STMicroelectronics X-CUBE-TCPP 4.2.0
2025-07-08 22:15:01,828 [INFO] ThirdParty:1030 - CMSIS Pack Vendor :RealThread X-CUBE-RT-Thread_Nano 4.1.1
2025-07-08 22:15:01,828 [INFO] ThirdParty:1030 - CMSIS Pack Vendor :STMicroelectronics FP-ATR-SIGFOX1 3.2.0
2025-07-08 22:15:01,828 [INFO] ThirdParty:1030 - CMSIS Pack Vendor :STMicroelectronics X-CUBE-NFC10 1.0.0
2025-07-08 22:15:01,828 [INFO] ThirdParty:1030 - CMSIS Pack Vendor :STMicroelectronics X-CUBE-BLEMGR 4.0.0
2025-07-08 22:15:01,828 [INFO] ThirdParty:1030 - CMSIS Pack Vendor :STMicroelectronics X-CUBE-EEPRMA1 5.1.0
2025-07-08 22:15:01,828 [INFO] ThirdParty:1030 - CMSIS Pack Vendor :STMicroelectronics X-CUBE-FREERTOS 1.3.1
2025-07-08 22:15:01,828 [INFO] ThirdParty:1030 - CMSIS Pack Vendor :STMicroelectronics HAL Drivers 0.0.0
2025-07-08 22:15:01,828 [INFO] ThirdParty:1030 - CMSIS Pack Vendor :STMicroelectronics MBEDTLS 2.16.2
2025-07-08 22:15:01,828 [INFO] ThirdParty:1030 - CMSIS Pack Vendor :STMicroelectronics X-CUBE-IPS 3.1.0
2025-07-08 22:15:01,828 [INFO] ThirdParty:1030 - CMSIS Pack Vendor :STMicroelectronics X-CUBE-ALS 1.0.2
2025-07-08 22:15:01,828 [INFO] ThirdParty:1030 - CMSIS Pack Vendor :emotas I-CUBE-CANOPEN 1.3.0
2025-07-08 22:15:01,828 [INFO] ThirdParty:1030 - CMSIS Pack Vendor :STMicroelectronics MBEDTLS 2.14.1
2025-07-08 22:15:01,829 [INFO] ThirdParty:1030 - CMSIS Pack Vendor :ITTIA_DB I-CUBE-ITTIADB 8.9.0
2025-07-08 22:15:01,829 [INFO] ThirdParty:1030 - CMSIS Pack Vendor :portGmbH I-Cube-SoM-uGOAL 1.1.0
2025-07-08 22:15:01,829 [INFO] ThirdParty:1030 - CMSIS Pack Vendor :quantropi X-CUBE-qispace-sdk-base 2.0.0
2025-07-08 22:15:01,829 [INFO] ThirdParty:1030 - CMSIS Pack Vendor :STMicroelectronics X-CUBE-ST67W61 1.0.0
2025-07-08 22:15:01,829 [INFO] ThirdParty:1030 - CMSIS Pack Vendor :STMicroelectronics FP-SNS-STAIOTCFT 1.0.0
2025-07-08 22:15:01,829 [INFO] ThirdParty:1030 - CMSIS Pack Vendor :STMicroelectronics ThreadX 1.0.0
2025-07-08 22:15:01,829 [INFO] ThirdParty:1030 - CMSIS Pack Vendor :STMicroelectronics FP-SNS-SMARTAG2 1.2.0
2025-07-08 22:15:01,829 [INFO] ThirdParty:1030 - CMSIS Pack Vendor :STMicroelectronics FP-SNS-FLIGHT1 5.1.0
2025-07-08 22:15:01,829 [INFO] ThirdParty:1030 - CMSIS Pack Vendor :STMicroelectronics X-CUBE-AZRTOS-WL 2.0.0
2025-07-08 22:15:01,829 [INFO] ThirdParty:1030 - CMSIS Pack Vendor :SEGGER I-CUBE-embOS 1.3.1
2025-07-08 22:15:01,829 [INFO] ThirdParty:1030 - CMSIS Pack Vendor :STMicroelectronics X-CUBE-ALGOBUILD 1.4.0
2025-07-08 22:15:01,829 [INFO] ThirdParty:1030 - CMSIS Pack Vendor :STMicroelectronics X-CUBE-DPower 1.3.0
2025-07-08 22:15:01,829 [INFO] ThirdParty:1030 - CMSIS Pack Vendor :STMicroelectronics X-CUBE-MEMS1 11.3.0
2025-07-08 22:15:01,829 [INFO] ThirdParty:1030 - CMSIS Pack Vendor :STMicroelectronics FP-SNS-MOTENV1 5.0.0
2025-07-08 22:15:01,829 [INFO] ThirdParty:1030 - CMSIS Pack Vendor :STMicroelectronics USB_DEVICE 1.0.0
2025-07-08 22:15:01,829 [INFO] ThirdParty:1030 - CMSIS Pack Vendor :STMicroelectronics X-CUBE-AZRTOS-L4 2.0.0
2025-07-08 22:15:01,829 [INFO] ThirdParty:1030 - CMSIS Pack Vendor :STMicroelectronics ThreadX 0.0.2
2025-07-08 22:15:01,829 [INFO] ThirdParty:1030 - CMSIS Pack Vendor :WES I-CUBE-Cesium 1.3.0
2025-07-08 22:15:01,829 [INFO] ThirdParty:1030 - CMSIS Pack Vendor :STMicroelectronics lwIP 2.1.2
2025-07-08 22:15:01,829 [INFO] ThirdParty:1030 - CMSIS Pack Vendor :STMicroelectronics X-CUBE-SFXS2LP1 4.0.0
2025-07-08 22:15:01,829 [INFO] ThirdParty:1030 - CMSIS Pack Vendor :STMicroelectronics X-CUBE-BLE2 3.3.0
2025-07-08 22:15:01,829 [INFO] ThirdParty:1030 - CMSIS Pack Vendor :STMicroelectronics X-CUBE-TOF1 3.4.3
2025-07-08 22:15:01,829 [INFO] ThirdParty:1030 - CMSIS Pack Vendor :STMicroelectronics PDM2PCM 3.2.0
2025-07-08 22:15:01,829 [INFO] ThirdParty:841 - exiting critical section [change project]
2025-07-08 22:15:01,948 [INFO] PinOutPanel:1589 - setPackage(No Configuration,No Configuration)
2025-07-08 22:15:01,949 [INFO] PinOutPanel:1589 - setPackage(STM32F411CEUx,UFQFPN48)
2025-07-08 22:15:02,116 [INFO] UtilMem:75 - Before build in PCC Used Memory: 670787344 Bytes (1073741824)
2025-07-08 22:15:02,198 [INFO] UtilMem:75 - After build in PCC Used Memory: 713778960 Bytes (1073741824)
2025-07-08 22:15:02,208 [INFO] IPUIPlugin:80 - create IPUIPlugin
2025-07-08 22:15:02,209 [INFO] IPUIPlugin:80 - create IPUIPlugin
2025-07-08 22:15:02,209 [INFO] IPUIPlugin:80 - create IPUIPlugin
2025-07-08 22:15:02,209 [INFO] IPUIPlugin:80 - create IPUIPlugin
2025-07-08 22:15:02,209 [INFO] IPUIPlugin:80 - create IPUIPlugin
2025-07-08 22:15:02,209 [INFO] IPUIPlugin:80 - create IPUIPlugin
2025-07-08 22:15:02,209 [INFO] IPUIPlugin:80 - create IPUIPlugin
2025-07-08 22:15:02,209 [INFO] IPUIPlugin:80 - create IPUIPlugin
2025-07-08 22:15:02,209 [INFO] IPUIPlugin:80 - create IPUIPlugin
2025-07-08 22:15:02,209 [INFO] IPUIPlugin:80 - create IPUIPlugin
2025-07-08 22:15:02,209 [INFO] IPUIPlugin:80 - create IPUIPlugin
2025-07-08 22:15:02,209 [INFO] IPUIPlugin:80 - create IPUIPlugin
2025-07-08 22:15:02,209 [INFO] IPUIPlugin:80 - create IPUIPlugin
2025-07-08 22:15:02,209 [INFO] IPUIPlugin:80 - create IPUIPlugin
2025-07-08 22:15:02,209 [INFO] IPUIPlugin:80 - create IPUIPlugin
2025-07-08 22:15:02,209 [INFO] IPUIPlugin:80 - create IPUIPlugin
2025-07-08 22:15:02,209 [INFO] IPUIPlugin:80 - create IPUIPlugin
2025-07-08 22:15:02,209 [INFO] IPUIPlugin:80 - create IPUIPlugin
2025-07-08 22:15:02,209 [INFO] IPUIPlugin:80 - create IPUIPlugin
2025-07-08 22:15:02,210 [INFO] IPUIPlugin:80 - create IPUIPlugin
2025-07-08 22:15:02,210 [INFO] IPUIPlugin:80 - create IPUIPlugin
2025-07-08 22:15:02,210 [INFO] IPUIPlugin:80 - create IPUIPlugin
2025-07-08 22:15:02,210 [INFO] IPUIPlugin:80 - create IPUIPlugin
2025-07-08 22:15:02,210 [INFO] IPUIPlugin:80 - create IPUIPlugin
2025-07-08 22:15:02,210 [INFO] IPUIPlugin:80 - create IPUIPlugin
2025-07-08 22:15:02,210 [INFO] IPUIPlugin:80 - create IPUIPlugin
2025-07-08 22:15:02,210 [INFO] IPUIPlugin:80 - create IPUIPlugin
2025-07-08 22:15:02,210 [INFO] IPUIPlugin:80 - create IPUIPlugin
2025-07-08 22:15:02,210 [INFO] IPUIPlugin:80 - create IPUIPlugin
2025-07-08 22:15:02,210 [INFO] IPUIPlugin:80 - create IPUIPlugin
2025-07-08 22:15:02,210 [INFO] IPUIPlugin:80 - create IPUIPlugin
2025-07-08 22:15:02,210 [INFO] IPUIPlugin:80 - create IPUIPlugin
2025-07-08 22:15:02,210 [INFO] IPUIPlugin:80 - create IPUIPlugin
2025-07-08 22:15:02,210 [INFO] IPUIPlugin:80 - create IPUIPlugin
2025-07-08 22:15:02,210 [INFO] IPUIPlugin:80 - create IPUIPlugin
2025-07-08 22:15:02,210 [INFO] IPUIPlugin:80 - create IPUIPlugin
2025-07-08 22:15:02,211 [INFO] IPUIPlugin:80 - create IPUIPlugin
2025-07-08 22:15:02,211 [INFO] IPUIPlugin:80 - create IPUIPlugin
2025-07-08 22:15:02,211 [INFO] IPUIPlugin:80 - create IPUIPlugin
2025-07-08 22:15:02,211 [INFO] IPUIPlugin:80 - create IPUIPlugin
2025-07-08 22:15:02,211 [INFO] IPUIPlugin:80 - create IPUIPlugin
2025-07-08 22:15:02,211 [INFO] IPUIPlugin:80 - create IPUIPlugin
2025-07-08 22:15:02,211 [INFO] IPUIPlugin:80 - create IPUIPlugin
2025-07-08 22:15:02,213 [INFO] ApiDbMcu:508 - Load IP Config File for PDM2PCM
2025-07-08 22:15:02,213 [WARN] IP:2250 - I2C_Coeff_DF not found: check if there is a RefParameter without a condition.
2025-07-08 22:15:02,213 [WARN] IP:2250 - Analog_Filter not found: check if there is a RefParameter without a condition.
2025-07-08 22:15:02,238 [INFO] CADModel:165 - CPN selected for project levelSTM32F411CEU6
2025-07-08 22:15:02,238 [INFO] CADModel:114 - Register for checkConnection events
2025-07-08 22:15:02,275 [INFO] OpenFileManager:385 - Restore cursor
2025-07-08 22:15:02,388 [WARN] IP:2250 - I2C_Coeff_DF not found: check if there is a RefParameter without a condition.
2025-07-08 22:15:02,388 [WARN] IP:2250 - Analog_Filter not found: check if there is a RefParameter without a condition.
2025-07-08 22:15:02,388 [WARN] IP:2250 - I2C_Coeff_DF not found: check if there is a RefParameter without a condition.
2025-07-08 22:15:02,388 [WARN] IP:2250 - Analog_Filter not found: check if there is a RefParameter without a condition.
2025-07-08 22:15:21,017 [INFO] NvicIntPanel:101 - NVIC parent = com.st.microxplorer.plugins.ip.nvic.MultiNvicIntPanel[,0,0,0x0,invalid,layout=javax.swing.BoxLayout,alignmentX=0.0,alignmentY=0.0,border=,flags=9,maximumSize=,minimumSize=,preferredSize=]
2025-07-08 22:15:30,868 [INFO] UtilMem:75 - End SaveConfig() Used Memory: 898374672 Bytes (1073741824)
2025-07-08 22:15:31,181 [INFO] LogOutputStream:77 - [STDOUT_REDIRECT] This download action requires prior login. To proceed, please use the 'login' command with your my.st.com account email and password.
2025-07-08 22:15:31,181 [INFO] LogOutputStream:77 - [STDOUT_REDIRECT] Run 'login <email> <password> <remember_me>' for example 'login john.smith@st.com mypassword y'.
2025-07-08 22:15:31,181 [INFO] LogOutputStream:77 - [STDOUT_REDIRECT] If you do not have a my.st.com account, please visit https://st.com website to create one.
2025-07-08 22:16:28,470 [INFO] NvicIntPanel:101 - NVIC parent = com.st.microxplorer.plugins.ip.nvic.MultiNvicIntPanel[,0,0,0x0,invalid,layout=javax.swing.BoxLayout,alignmentX=0.0,alignmentY=0.0,border=,flags=9,maximumSize=,minimumSize=,preferredSize=]
2025-07-08 22:16:30,284 [INFO] UtilMem:75 - End SaveConfig() Used Memory: 938999808 Bytes (1073741824)
2025-07-08 22:16:30,538 [INFO] LogOutputStream:77 - [STDOUT_REDIRECT] This download action requires prior login. To proceed, please use the 'login' command with your my.st.com account email and password.
2025-07-08 22:16:30,538 [INFO] LogOutputStream:77 - [STDOUT_REDIRECT] Run 'login <email> <password> <remember_me>' for example 'login john.smith@st.com mypassword y'.
2025-07-08 22:16:30,538 [INFO] LogOutputStream:77 - [STDOUT_REDIRECT] If you do not have a my.st.com account, please visit https://st.com website to create one.
2025-07-08 22:19:25,525 [INFO] NvicIntPanel:101 - NVIC parent = com.st.microxplorer.plugins.ip.nvic.MultiNvicIntPanel[,0,0,0x0,invalid,layout=javax.swing.BoxLayout,alignmentX=0.0,alignmentY=0.0,border=,flags=9,maximumSize=,minimumSize=,preferredSize=]
2025-07-08 22:19:26,646 [INFO] UtilMem:75 - End SaveConfig() Used Memory: 629489112 Bytes (1073741824)
2025-07-08 22:19:27,825 [INFO] UtilMem:75 - End SaveConfig() Used Memory: 647837144 Bytes (1073741824)
2025-07-08 22:19:28,141 [INFO] LogOutputStream:77 - [STDOUT_REDIRECT] This download action requires prior login. To proceed, please use the 'login' command with your my.st.com account email and password.
2025-07-08 22:19:28,141 [INFO] LogOutputStream:77 - [STDOUT_REDIRECT] Run 'login <email> <password> <remember_me>' for example 'login john.smith@st.com mypassword y'.
2025-07-08 22:19:28,141 [INFO] LogOutputStream:77 - [STDOUT_REDIRECT] If you do not have a my.st.com account, please visit https://st.com website to create one.
2025-07-08 22:23:28,722 [INFO] LogOutputStream:77 - [STDOUT_REDIRECT] This download action requires prior login. To proceed, please use the 'login' command with your my.st.com account email and password.
2025-07-08 22:23:28,722 [INFO] LogOutputStream:77 - [STDOUT_REDIRECT] Run 'login <email> <password> <remember_me>' for example 'login john.smith@st.com mypassword y'.
2025-07-08 22:23:28,722 [INFO] LogOutputStream:77 - [STDOUT_REDIRECT] If you do not have a my.st.com account, please visit https://st.com website to create one.
2025-07-08 22:23:33,481 [INFO] LogOutputStream:77 - [STDOUT_REDIRECT] This download action requires prior login. To proceed, please use the 'login' command with your my.st.com account email and password.
2025-07-08 22:23:33,482 [INFO] LogOutputStream:77 - [STDOUT_REDIRECT] Run 'login <email> <password> <remember_me>' for example 'login john.smith@st.com mypassword y'.
2025-07-08 22:23:33,482 [INFO] LogOutputStream:77 - [STDOUT_REDIRECT] If you do not have a my.st.com account, please visit https://st.com website to create one.
2025-07-08 22:23:34,183 [INFO] LogOutputStream:77 - [STDOUT_REDIRECT] This download action requires prior login. To proceed, please use the 'login' command with your my.st.com account email and password.
2025-07-08 22:23:34,183 [INFO] LogOutputStream:77 - [STDOUT_REDIRECT] Run 'login <email> <password> <remember_me>' for example 'login john.smith@st.com mypassword y'.
2025-07-08 22:23:34,183 [INFO] LogOutputStream:77 - [STDOUT_REDIRECT] If you do not have a my.st.com account, please visit https://st.com website to create one.
2025-07-08 22:23:34,732 [INFO] LogOutputStream:77 - [STDOUT_REDIRECT] This download action requires prior login. To proceed, please use the 'login' command with your my.st.com account email and password.
2025-07-08 22:23:34,732 [INFO] LogOutputStream:77 - [STDOUT_REDIRECT] Run 'login <email> <password> <remember_me>' for example 'login john.smith@st.com mypassword y'.
2025-07-08 22:23:34,732 [INFO] LogOutputStream:77 - [STDOUT_REDIRECT] If you do not have a my.st.com account, please visit https://st.com website to create one.
2025-07-08 22:23:35,281 [INFO] LogOutputStream:77 - [STDOUT_REDIRECT] This download action requires prior login. To proceed, please use the 'login' command with your my.st.com account email and password.
2025-07-08 22:23:35,281 [INFO] LogOutputStream:77 - [STDOUT_REDIRECT] Run 'login <email> <password> <remember_me>' for example 'login john.smith@st.com mypassword y'.
2025-07-08 22:23:35,281 [INFO] LogOutputStream:77 - [STDOUT_REDIRECT] If you do not have a my.st.com account, please visit https://st.com website to create one.
2025-07-08 22:23:35,811 [INFO] LogOutputStream:77 - [STDOUT_REDIRECT] This download action requires prior login. To proceed, please use the 'login' command with your my.st.com account email and password.
2025-07-08 22:23:35,811 [INFO] LogOutputStream:77 - [STDOUT_REDIRECT] Run 'login <email> <password> <remember_me>' for example 'login john.smith@st.com mypassword y'.
2025-07-08 22:23:35,811 [INFO] LogOutputStream:77 - [STDOUT_REDIRECT] If you do not have a my.st.com account, please visit https://st.com website to create one.
2025-07-08 22:23:36,361 [INFO] LogOutputStream:77 - [STDOUT_REDIRECT] This download action requires prior login. To proceed, please use the 'login' command with your my.st.com account email and password.
2025-07-08 22:23:36,361 [INFO] LogOutputStream:77 - [STDOUT_REDIRECT] Run 'login <email> <password> <remember_me>' for example 'login john.smith@st.com mypassword y'.
2025-07-08 22:23:36,361 [INFO] LogOutputStream:77 - [STDOUT_REDIRECT] If you do not have a my.st.com account, please visit https://st.com website to create one.
2025-07-08 22:23:36,911 [INFO] LogOutputStream:77 - [STDOUT_REDIRECT] This download action requires prior login. To proceed, please use the 'login' command with your my.st.com account email and password.
2025-07-08 22:23:36,911 [INFO] LogOutputStream:77 - [STDOUT_REDIRECT] Run 'login <email> <password> <remember_me>' for example 'login john.smith@st.com mypassword y'.
2025-07-08 22:23:36,911 [INFO] LogOutputStream:77 - [STDOUT_REDIRECT] If you do not have a my.st.com account, please visit https://st.com website to create one.
2025-07-08 22:23:37,511 [INFO] LogOutputStream:77 - [STDOUT_REDIRECT] This download action requires prior login. To proceed, please use the 'login' command with your my.st.com account email and password.
2025-07-08 22:23:37,511 [INFO] LogOutputStream:77 - [STDOUT_REDIRECT] Run 'login <email> <password> <remember_me>' for example 'login john.smith@st.com mypassword y'.
2025-07-08 22:23:37,511 [INFO] LogOutputStream:77 - [STDOUT_REDIRECT] If you do not have a my.st.com account, please visit https://st.com website to create one.
2025-07-08 22:23:38,110 [INFO] LogOutputStream:77 - [STDOUT_REDIRECT] This download action requires prior login. To proceed, please use the 'login' command with your my.st.com account email and password.
2025-07-08 22:23:38,110 [INFO] LogOutputStream:77 - [STDOUT_REDIRECT] Run 'login <email> <password> <remember_me>' for example 'login john.smith@st.com mypassword y'.
2025-07-08 22:23:38,110 [INFO] LogOutputStream:77 - [STDOUT_REDIRECT] If you do not have a my.st.com account, please visit https://st.com website to create one.
2025-07-08 22:23:38,830 [INFO] LogOutputStream:77 - [STDOUT_REDIRECT] This download action requires prior login. To proceed, please use the 'login' command with your my.st.com account email and password.
2025-07-08 22:23:38,830 [INFO] LogOutputStream:77 - [STDOUT_REDIRECT] Run 'login <email> <password> <remember_me>' for example 'login john.smith@st.com mypassword y'.
2025-07-08 22:23:38,830 [INFO] LogOutputStream:77 - [STDOUT_REDIRECT] If you do not have a my.st.com account, please visit https://st.com website to create one.
2025-07-08 22:23:39,713 [INFO] LogOutputStream:77 - [STDOUT_REDIRECT] This download action requires prior login. To proceed, please use the 'login' command with your my.st.com account email and password.
2025-07-08 22:23:39,713 [INFO] LogOutputStream:77 - [STDOUT_REDIRECT] Run 'login <email> <password> <remember_me>' for example 'login john.smith@st.com mypassword y'.
2025-07-08 22:23:39,714 [INFO] LogOutputStream:77 - [STDOUT_REDIRECT] If you do not have a my.st.com account, please visit https://st.com website to create one.
2025-07-08 22:23:40,645 [INFO] LogOutputStream:77 - [STDOUT_REDIRECT] This download action requires prior login. To proceed, please use the 'login' command with your my.st.com account email and password.
2025-07-08 22:23:40,645 [INFO] LogOutputStream:77 - [STDOUT_REDIRECT] Run 'login <email> <password> <remember_me>' for example 'login john.smith@st.com mypassword y'.
2025-07-08 22:23:40,645 [INFO] LogOutputStream:77 - [STDOUT_REDIRECT] If you do not have a my.st.com account, please visit https://st.com website to create one.
2025-07-08 22:24:03,254 [INFO] MainUpdater:2872 - connection check result : 10
2025-07-08 22:24:03,255 [INFO] MainUpdater:2872 - connection check result : 10
2025-07-08 22:24:03,265 [INFO] MicroXplorer:468 - Change Database Path : 
2025-07-08 22:24:03,265 [INFO] MicroXplorer:498 - Change Database Version : DB.6.0.141
2025-07-08 22:24:03,271 [ERROR] ProjectManagerView:395 - 
java.lang.NullPointerException: Cannot invoke "javax.swing.JTextField.getText()" because the return value of "java.util.List.get(int)" is null
	at com.st.microxplorer.plugins.projectmanager.gui.ProjectChoiceTab$9.caretUpdate(ProjectChoiceTab.java:2678) ~[filemanager.jar:?]
	at javax.swing.text.JTextComponent.fireCaretUpdate(JTextComponent.java:408) ~[?:?]
	at javax.swing.text.JTextComponent$MutableCaretEvent.fire(JTextComponent.java:4484) ~[?:?]
	at javax.swing.text.JTextComponent$MutableCaretEvent.stateChanged(JTextComponent.java:4506) ~[?:?]
	at javax.swing.text.DefaultCaret.fireStateChanged(DefaultCaret.java:857) ~[?:?]
	at javax.swing.text.DefaultCaret.changeCaretPosition(DefaultCaret.java:1343) ~[?:?]
	at javax.swing.text.DefaultCaret.handleSetDot(DefaultCaret.java:1242) ~[?:?]
	at javax.swing.text.DefaultCaret.setDot(DefaultCaret.java:1223) ~[?:?]
	at javax.swing.text.DefaultCaret$Handler.insertUpdate(DefaultCaret.java:1819) ~[?:?]
	at javax.swing.text.AbstractDocument.fireInsertUpdate(AbstractDocument.java:227) ~[?:?]
	at javax.swing.text.AbstractDocument.handleInsertString(AbstractDocument.java:781) ~[?:?]
	at javax.swing.text.AbstractDocument.insertString(AbstractDocument.java:740) ~[?:?]
	at javax.swing.text.PlainDocument.insertString(PlainDocument.java:131) ~[?:?]
	at javax.swing.text.AbstractDocument.replace(AbstractDocument.java:699) ~[?:?]
	at javax.swing.text.JTextComponent.setText(JTextComponent.java:1725) ~[?:?]
	at com.st.microxplorer.plugins.projectmanager.gui.ProjectChoiceTab.createHeapStackFields(ProjectChoiceTab.java:979) ~[filemanager.jar:?]
	at com.st.microxplorer.plugins.projectmanager.gui.ProjectChoiceTab.buildLinkSettingsPanel(ProjectChoiceTab.java:3766) ~[filemanager.jar:?]
	at com.st.microxplorer.plugins.projectmanager.gui.ProjectChoiceTab.defineWindowsFields(ProjectChoiceTab.java:1962) ~[filemanager.jar:?]
	at com.st.microxplorer.plugins.projectmanager.gui.ProjectChoiceTab.updateSettings(ProjectChoiceTab.java:555) ~[filemanager.jar:?]
	at com.st.microxplorer.plugins.projectmanager.gui.ProjectSettingsPanel.UpdateDialog(ProjectSettingsPanel.java:245) ~[filemanager.jar:?]
	at com.st.microxplorer.plugins.projectmanager.ProjectManagerView.propertyChange(ProjectManagerView.java:392) ~[filemanager.jar:?]
	at java.beans.PropertyChangeSupport.fire(PropertyChangeSupport.java:343) ~[?:?]
	at java.beans.PropertyChangeSupport.firePropertyChange(PropertyChangeSupport.java:335) ~[?:?]
	at java.beans.PropertyChangeSupport.firePropertyChange(PropertyChangeSupport.java:268) ~[?:?]
	at com.st.microxplorer.util.MXPropertyChangeSupport.firePropertyChange(MXPropertyChangeSupport.java:54) ~[STM32CubeMX.jar:?]
	at com.st.microxplorer.mxsystem.MxSystem.closeConfig(MxSystem.java:899) ~[STM32CubeMX.jar:?]
	at com.st.microxplorer.maingui.MainPanel.closeConfig(MainPanel.java:789) ~[STM32CubeMX.jar:?]
	at com.st.microxplorer.plugins.filemanager.engine.OpenFileManager.loadConfigurationFile(OpenFileManager.java:287) ~[filemanager.jar:?]
	at com.st.microxplorer.plugins.filemanager.engine.MainFileManager.userLoadConfig(MainFileManager.java:341) ~[filemanager.jar:?]
	at com.st.microxplorer.plugins.filemanager.engine.MainFileManager.userLoadConfig(MainFileManager.java:319) ~[filemanager.jar:?]
	at com.st.microxplorer.plugins.filemanager.FileManagerView.getSpecificTask(FileManagerView.java:246) ~[filemanager.jar:?]
	at com.st.stm32cube.common.mx.editor.CubeMxEditor.getMxTabbedPaneInstance(CubeMxEditor.java:1198) ~[com.st.stm32cube.common.mx_6.14.1.202504091515/:?]
	at com.st.stm32cube.common.mx.editor.CubeMxEditor$12$1.createSwingComponent(CubeMxEditor.java:1068) ~[com.st.stm32cube.common.mx_6.14.1.202504091515/:?]
	at com.st.stm32cube.common.mx.oss.core.awtswtbridge.EmbeddedSwingComposite.doComponentCreation(EmbeddedSwingComposite.java:492) ~[com.st.stm32cube.common.mx.oss_6.14.1.202504091515/:?]
	at com.st.stm32cube.common.mx.oss.core.awtswtbridge.EmbeddedSwingComposite$4.run(EmbeddedSwingComposite.java:291) ~[com.st.stm32cube.common.mx.oss_6.14.1.202504091515/:?]
	at com.st.stm32cube.common.mx.oss.core.awtswtbridge.AwtEnvironment$2.run(AwtEnvironment.java:166) ~[com.st.stm32cube.common.mx.oss_6.14.1.202504091515/:?]
	at java.awt.event.InvocationEvent.dispatch(InvocationEvent.java:318) ~[?:?]
	at java.awt.EventQueue.dispatchEventImpl(EventQueue.java:773) ~[?:?]
	at java.awt.EventQueue$4.run(EventQueue.java:720) ~[?:?]
	at java.awt.EventQueue$4.run(EventQueue.java:714) ~[?:?]
	at java.security.AccessController.doPrivileged(AccessController.java:400) ~[?:?]
	at java.security.ProtectionDomain$JavaSecurityAccessImpl.doIntersectionPrivilege(ProtectionDomain.java:87) ~[?:?]
	at java.awt.EventQueue.dispatchEvent(EventQueue.java:742) ~[?:?]
	at java.awt.EventDispatchThread.pumpOneEventForFilters(EventDispatchThread.java:203) ~[?:?]
	at java.awt.EventDispatchThread.pumpEventsForFilter(EventDispatchThread.java:124) ~[?:?]
	at java.awt.EventDispatchThread.pumpEventsForHierarchy(EventDispatchThread.java:113) ~[?:?]
	at java.awt.EventDispatchThread.pumpEvents(EventDispatchThread.java:109) ~[?:?]
	at java.awt.EventDispatchThread.pumpEvents(EventDispatchThread.java:101) ~[?:?]
	at java.awt.EventDispatchThread.run(EventDispatchThread.java:90) ~[?:?]
2025-07-08 22:24:03,272 [WARN] ThirdParty:871 - waiting for thirdparty lock release [close project]
2025-07-08 22:24:03,272 [INFO] ThirdParty:873 - entering critical section [close project]
2025-07-08 22:24:03,272 [INFO] ThirdParty:883 - exiting critical section [close project]
2025-07-08 22:24:03,273 [INFO] PinOutPanel:1589 - setPackage(No Configuration,No Configuration)
2025-07-08 22:24:03,276 [WARN] IpParametersView:155 - Warning: This peripheral hasn't parameters
2025-07-08 22:24:03,278 [WARN] MainPanel:289 - <html><b><center>Warning: This peripheral has no parameters to be configured<br></b></html>
2025-07-08 22:24:03,279 [INFO] UtilMem:75 - Begin LoadConfig() Used Memory: 762531608 Bytes (1073741824)
2025-07-08 22:24:03,280 [INFO] MicroXplorer:468 - Change Database Path : 
2025-07-08 22:24:03,280 [INFO] MicroXplorer:498 - Change Database Version : DB.6.0.141
2025-07-08 22:24:03,280 [INFO] OpenFileManager:354 - Change cursor
2025-07-08 22:24:03,290 [INFO] RulesReader:64 - Compatibility file has been processed (302 Rules)
2025-07-08 22:24:03,292 [INFO] Mcu:2011 - Initializing MCU STM32F411C(C-E)Ux STM32F411CEUx STM32F411CEU6
2025-07-08 22:24:03,589 [INFO] Context:756 - Trying to add GPIOservice into a context  which must be forbidden
2025-07-08 22:24:03,766 [INFO] ImportTextPane:218 - (OptionalMessage_ERROR) Pin25 (VP_RIF_VS_RIF1) cannot be retrieved for this MCU
2025-07-08 22:24:03,777 [INFO] RtosManager:558 - Registered RTOS mode: class=CMSIS, group=RTOS, mode=CMSIS_V1, owner=FREERTOS
2025-07-08 22:24:03,777 [INFO] RtosManager:558 - Registered RTOS mode: class=CMSIS, group=RTOS2, mode=CMSIS_V2, owner=FREERTOS
2025-07-08 22:24:03,777 [INFO] RtosManager:558 - Registered RTOS mode: class=RTOS, group=Core, mode=CMSIS_V1, owner=FREERTOS
2025-07-08 22:24:03,777 [INFO] RtosManager:558 - Registered RTOS mode: class=RTOS, group=Core, mode=CMSIS_V2, owner=FREERTOS
2025-07-08 22:24:03,777 [WARN] ModelIntegratedComponent:184 - Missing modes for component STMicroelectronics:FreeRTOS:0.0.1:STMicroelectronics:RTOS:FreeRTOS:Core:::10.2.0:
2025-07-08 22:24:03,779 [WARN] ModelIntegratedComponent:182 - Modes not found for component STMicroelectronics:USB_HOST:1.0.0:STMicroelectronics:USB::USB Host:Audio HS::1.0:USB_HOST_1_0_RESTRICTED_HS
2025-07-08 22:24:03,779 [WARN] ModelIntegratedComponent:188 - Modes not found for component STMicroelectronics:USB_HOST:1.0.0:STMicroelectronics:USB::USB Host:Audio HS::1.0:USB_HOST_1_0_RESTRICTED_HS
2025-07-08 22:24:03,779 [WARN] ModelIntegratedComponent:182 - Modes not found for component STMicroelectronics:USB_HOST:1.0.0:STMicroelectronics:USB::USB Host:CDC HS::1.0:USB_HOST_1_0_RESTRICTED_HS
2025-07-08 22:24:03,779 [WARN] ModelIntegratedComponent:188 - Modes not found for component STMicroelectronics:USB_HOST:1.0.0:STMicroelectronics:USB::USB Host:CDC HS::1.0:USB_HOST_1_0_RESTRICTED_HS
2025-07-08 22:24:03,779 [WARN] ModelIntegratedComponent:182 - Modes not found for component STMicroelectronics:USB_HOST:1.0.0:STMicroelectronics:USB::USB Host:MSC HS::1.0:USB_HOST_1_0_RESTRICTED_HS
2025-07-08 22:24:03,779 [WARN] ModelIntegratedComponent:188 - Modes not found for component STMicroelectronics:USB_HOST:1.0.0:STMicroelectronics:USB::USB Host:MSC HS::1.0:USB_HOST_1_0_RESTRICTED_HS
2025-07-08 22:24:03,779 [WARN] ModelIntegratedComponent:182 - Modes not found for component STMicroelectronics:USB_HOST:1.0.0:STMicroelectronics:USB::USB Host:HID HS::1.0:USB_HOST_1_0_RESTRICTED_HS
2025-07-08 22:24:03,779 [WARN] ModelIntegratedComponent:188 - Modes not found for component STMicroelectronics:USB_HOST:1.0.0:STMicroelectronics:USB::USB Host:HID HS::1.0:USB_HOST_1_0_RESTRICTED_HS
2025-07-08 22:24:03,779 [WARN] ModelIntegratedComponent:182 - Modes not found for component STMicroelectronics:USB_HOST:1.0.0:STMicroelectronics:USB::USB Host:MTP HS::1.0:USB_HOST_1_0_RESTRICTED_HS
2025-07-08 22:24:03,779 [WARN] ModelIntegratedComponent:188 - Modes not found for component STMicroelectronics:USB_HOST:1.0.0:STMicroelectronics:USB::USB Host:MTP HS::1.0:USB_HOST_1_0_RESTRICTED_HS
2025-07-08 22:24:03,782 [WARN] ModelIntegratedComponent:63 - No mode defined for component null
2025-07-08 22:24:03,782 [WARN] ModelIntegratedComponent:63 - No mode defined for component null
2025-07-08 22:24:03,782 [WARN] ModelIntegratedComponent:63 - No mode defined for component null
2025-07-08 22:24:03,782 [WARN] ModelIntegratedComponent:63 - No mode defined for component null
2025-07-08 22:24:03,782 [WARN] ModelIntegratedComponent:63 - No mode defined for component null
2025-07-08 22:24:03,782 [WARN] ModelIntegratedComponent:63 - No mode defined for component null
2025-07-08 22:24:03,782 [WARN] ModelIntegratedComponent:63 - No mode defined for component null
2025-07-08 22:24:03,782 [WARN] ModelIntegratedComponent:63 - No mode defined for component null
2025-07-08 22:24:03,782 [WARN] ModelIntegratedComponent:63 - No mode defined for component null
2025-07-08 22:24:03,782 [WARN] ModelIntegratedComponent:63 - No mode defined for component null
2025-07-08 22:24:03,782 [WARN] ModelIntegratedComponent:63 - No mode defined for component null
2025-07-08 22:24:03,782 [WARN] ModelIntegratedComponent:63 - No mode defined for component null
2025-07-08 22:24:03,782 [WARN] ModelIntegratedComponent:63 - No mode defined for component null
2025-07-08 22:24:03,782 [WARN] ModelIntegratedComponent:63 - No mode defined for component null
2025-07-08 22:24:03,782 [WARN] ModelIntegratedComponent:63 - No mode defined for component null
2025-07-08 22:24:03,783 [WARN] ModelIntegratedComponent:63 - No mode defined for component null
2025-07-08 22:24:03,783 [WARN] ModelIntegratedComponent:63 - No mode defined for component null
2025-07-08 22:24:03,783 [WARN] ModelIntegratedComponent:63 - No mode defined for component null
2025-07-08 22:24:03,783 [WARN] ModelIntegratedComponent:63 - No mode defined for component null
2025-07-08 22:24:03,783 [WARN] ModelIntegratedComponent:63 - No mode defined for component null
2025-07-08 22:24:03,783 [WARN] ModelIntegratedComponent:63 - No mode defined for component null
2025-07-08 22:24:03,783 [WARN] ModelIntegratedComponent:63 - No mode defined for component null
2025-07-08 22:24:03,783 [WARN] ModelIntegratedComponent:63 - No mode defined for component null
2025-07-08 22:24:03,783 [WARN] ModelIntegratedComponent:63 - No mode defined for component null
2025-07-08 22:24:03,783 [WARN] ModelIntegratedComponent:63 - No mode defined for component null
2025-07-08 22:24:03,783 [WARN] ModelIntegratedComponent:63 - No mode defined for component null
2025-07-08 22:24:03,783 [WARN] ModelIntegratedComponent:63 - No mode defined for component null
2025-07-08 22:24:03,783 [WARN] ModelIntegratedComponent:63 - No mode defined for component null
2025-07-08 22:24:03,783 [WARN] ModelIntegratedComponent:63 - No mode defined for component null
2025-07-08 22:24:03,783 [WARN] ModelIntegratedComponent:63 - No mode defined for component null
2025-07-08 22:24:03,783 [WARN] ModelIntegratedComponent:63 - No mode defined for component null
2025-07-08 22:24:03,783 [WARN] ModelIntegratedComponent:63 - No mode defined for component null
2025-07-08 22:24:03,783 [WARN] ModelIntegratedComponent:63 - No mode defined for component null
2025-07-08 22:24:03,783 [WARN] ModelIntegratedComponent:63 - No mode defined for component null
2025-07-08 22:24:03,783 [WARN] ModelIntegratedComponent:63 - No mode defined for component null
2025-07-08 22:24:03,783 [WARN] ModelPack:524 - Component already loaded: STMicroelectronics:HAL Drivers:0.0.0:STMicroelectronics:Device:STMicro_Driver:XSPI:HAL::0.0.1:HAL_XSPI
2025-07-08 22:24:03,822 [WARN] ModelIntegratedComponent:182 - Modes not found for component STMicroelectronics:USB_DEVICE:1.0.0:STMicroelectronics:USB::USB Device:Audio HS::1.0:USB_DEVICE_1_0_RESTRICTED_HS
2025-07-08 22:24:03,822 [WARN] ModelIntegratedComponent:188 - Modes not found for component STMicroelectronics:USB_DEVICE:1.0.0:STMicroelectronics:USB::USB Device:Audio HS::1.0:USB_DEVICE_1_0_RESTRICTED_HS
2025-07-08 22:24:03,822 [WARN] ModelIntegratedComponent:182 - Modes not found for component STMicroelectronics:USB_DEVICE:1.0.0:STMicroelectronics:USB::USB Device:CDC HS::1.0:USB_DEVICE_1_0_RESTRICTED_HS
2025-07-08 22:24:03,822 [WARN] ModelIntegratedComponent:188 - Modes not found for component STMicroelectronics:USB_DEVICE:1.0.0:STMicroelectronics:USB::USB Device:CDC HS::1.0:USB_DEVICE_1_0_RESTRICTED_HS
2025-07-08 22:24:03,822 [WARN] ModelIntegratedComponent:182 - Modes not found for component STMicroelectronics:USB_DEVICE:1.0.0:STMicroelectronics:USB::USB Device:DFU HS::1.0:USB_DEVICE_1_0_RESTRICTED_HS
2025-07-08 22:24:03,822 [WARN] ModelIntegratedComponent:188 - Modes not found for component STMicroelectronics:USB_DEVICE:1.0.0:STMicroelectronics:USB::USB Device:DFU HS::1.0:USB_DEVICE_1_0_RESTRICTED_HS
2025-07-08 22:24:03,822 [WARN] ModelIntegratedComponent:182 - Modes not found for component STMicroelectronics:USB_DEVICE:1.0.0:STMicroelectronics:USB::USB Device:HID HS::1.0:USB_DEVICE_1_0_RESTRICTED_HS
2025-07-08 22:24:03,822 [WARN] ModelIntegratedComponent:188 - Modes not found for component STMicroelectronics:USB_DEVICE:1.0.0:STMicroelectronics:USB::USB Device:HID HS::1.0:USB_DEVICE_1_0_RESTRICTED_HS
2025-07-08 22:24:03,822 [WARN] ModelIntegratedComponent:182 - Modes not found for component STMicroelectronics:USB_DEVICE:1.0.0:STMicroelectronics:USB::USB Device:Custom HID HS::1.0:USB_DEVICE_1_0_RESTRICTED_HS
2025-07-08 22:24:03,822 [WARN] ModelIntegratedComponent:188 - Modes not found for component STMicroelectronics:USB_DEVICE:1.0.0:STMicroelectronics:USB::USB Device:Custom HID HS::1.0:USB_DEVICE_1_0_RESTRICTED_HS
2025-07-08 22:24:03,822 [WARN] ModelIntegratedComponent:182 - Modes not found for component STMicroelectronics:USB_DEVICE:1.0.0:STMicroelectronics:USB::USB Device:MSC HS::1.0:USB_DEVICE_1_0_RESTRICTED_HS
2025-07-08 22:24:03,822 [WARN] ModelIntegratedComponent:188 - Modes not found for component STMicroelectronics:USB_DEVICE:1.0.0:STMicroelectronics:USB::USB Device:MSC HS::1.0:USB_DEVICE_1_0_RESTRICTED_HS
2025-07-08 22:24:03,828 [INFO] ThirdPartyModel:298 - Start build external matchings
2025-07-08 22:24:04,043 [INFO] ThirdPartyModel:316 - End build external matchings
2025-07-08 22:24:04,049 [INFO] ImportTextPane:218 - (OptionalMessage_ERROR) IP (DMA) : Parameter (Instance) has Id (I2C1_TX) currently not set
2025-07-08 22:24:04,049 [INFO] ImportTextPane:218 - (OptionalMessage_ERROR) IP (DMA) : Parameter (Channel) has Id (I2C1_TX) currently not set
2025-07-08 22:24:04,049 [INFO] ImportTextPane:218 - (OptionalMessage_ERROR) IP (DMA) : Parameter (Direction) has Id (I2C1_TX) currently not set
2025-07-08 22:24:04,049 [INFO] ImportTextPane:218 - (OptionalMessage_ERROR) IP (DMA) : Parameter (PeriphInc) has Id (I2C1_TX) currently not set
2025-07-08 22:24:04,049 [INFO] ImportTextPane:218 - (OptionalMessage_ERROR) IP (DMA) : Parameter (MemInc) has Id (I2C1_TX) currently not set
2025-07-08 22:24:04,049 [INFO] ImportTextPane:218 - (OptionalMessage_ERROR) IP (DMA) : Parameter (PeriphDataAlignment) has Id (I2C1_TX) currently not set
2025-07-08 22:24:04,050 [INFO] ImportTextPane:218 - (OptionalMessage_ERROR) IP (DMA) : Parameter (MemDataAlignment) has Id (I2C1_TX) currently not set
2025-07-08 22:24:04,050 [INFO] ImportTextPane:218 - (OptionalMessage_ERROR) IP (DMA) : Parameter (Mode) has Id (I2C1_TX) currently not set
2025-07-08 22:24:04,050 [INFO] ImportTextPane:218 - (OptionalMessage_ERROR) IP (DMA) : Parameter (Priority) has Id (I2C1_TX) currently not set
2025-07-08 22:24:04,050 [INFO] ImportTextPane:218 - (OptionalMessage_ERROR) IP (DMA) : Parameter (FIFOMode) has Id (I2C1_TX) currently not set
2025-07-08 22:24:04,050 [INFO] ImportTextPane:218 - (OptionalMessage_ERROR) IP (DMA) : Parameter (Instance) has Id (USART1_RX) currently not set
2025-07-08 22:24:04,050 [INFO] ImportTextPane:218 - (OptionalMessage_ERROR) IP (DMA) : Parameter (Channel) has Id (USART1_RX) currently not set
2025-07-08 22:24:04,050 [INFO] ImportTextPane:218 - (OptionalMessage_ERROR) IP (DMA) : Parameter (Direction) has Id (USART1_RX) currently not set
2025-07-08 22:24:04,050 [INFO] ImportTextPane:218 - (OptionalMessage_ERROR) IP (DMA) : Parameter (PeriphInc) has Id (USART1_RX) currently not set
2025-07-08 22:24:04,050 [INFO] ImportTextPane:218 - (OptionalMessage_ERROR) IP (DMA) : Parameter (MemInc) has Id (USART1_RX) currently not set
2025-07-08 22:24:04,050 [INFO] ImportTextPane:218 - (OptionalMessage_ERROR) IP (DMA) : Parameter (PeriphDataAlignment) has Id (USART1_RX) currently not set
2025-07-08 22:24:04,050 [INFO] ImportTextPane:218 - (OptionalMessage_ERROR) IP (DMA) : Parameter (MemDataAlignment) has Id (USART1_RX) currently not set
2025-07-08 22:24:04,050 [INFO] ImportTextPane:218 - (OptionalMessage_ERROR) IP (DMA) : Parameter (Mode) has Id (USART1_RX) currently not set
2025-07-08 22:24:04,050 [INFO] ImportTextPane:218 - (OptionalMessage_ERROR) IP (DMA) : Parameter (Priority) has Id (USART1_RX) currently not set
2025-07-08 22:24:04,050 [INFO] ImportTextPane:218 - (OptionalMessage_ERROR) IP (DMA) : Parameter (FIFOMode) has Id (USART1_RX) currently not set
2025-07-08 22:24:04,050 [INFO] ImportTextPane:218 - (OptionalMessage_ERROR) IP (DMA) : Parameter (Instance) has Id (USART1_TX) currently not set
2025-07-08 22:24:04,050 [INFO] ImportTextPane:218 - (OptionalMessage_ERROR) IP (DMA) : Parameter (Channel) has Id (USART1_TX) currently not set
2025-07-08 22:24:04,050 [INFO] ImportTextPane:218 - (OptionalMessage_ERROR) IP (DMA) : Parameter (Direction) has Id (USART1_TX) currently not set
2025-07-08 22:24:04,050 [INFO] ImportTextPane:218 - (OptionalMessage_ERROR) IP (DMA) : Parameter (PeriphInc) has Id (USART1_TX) currently not set
2025-07-08 22:24:04,050 [INFO] ImportTextPane:218 - (OptionalMessage_ERROR) IP (DMA) : Parameter (MemInc) has Id (USART1_TX) currently not set
2025-07-08 22:24:04,050 [INFO] ImportTextPane:218 - (OptionalMessage_ERROR) IP (DMA) : Parameter (PeriphDataAlignment) has Id (USART1_TX) currently not set
2025-07-08 22:24:04,050 [INFO] ImportTextPane:218 - (OptionalMessage_ERROR) IP (DMA) : Parameter (MemDataAlignment) has Id (USART1_TX) currently not set
2025-07-08 22:24:04,050 [INFO] ImportTextPane:218 - (OptionalMessage_ERROR) IP (DMA) : Parameter (Mode) has Id (USART1_TX) currently not set
2025-07-08 22:24:04,050 [INFO] ImportTextPane:218 - (OptionalMessage_ERROR) IP (DMA) : Parameter (Priority) has Id (USART1_TX) currently not set
2025-07-08 22:24:04,050 [INFO] ImportTextPane:218 - (OptionalMessage_ERROR) IP (DMA) : Parameter (FIFOMode) has Id (USART1_TX) currently not set
2025-07-08 22:24:04,050 [WARN] IP:2250 - I2C_Coeff_DF not found: check if there is a RefParameter without a condition.
2025-07-08 22:24:04,050 [WARN] IP:2250 - Analog_Filter not found: check if there is a RefParameter without a condition.
2025-07-08 22:24:04,050 [INFO] ImportTextPane:218 - (OptionalMessage_ERROR) IP (RCC) : Parameter (48MHZClocksFreq_Value) has invalid value (50000000)
2025-07-08 22:24:04,051 [INFO] ImportTextPane:218 - (OptionalMessage_ERROR) IP (RCC) : Parameter (RTCHSEDivFreq_Value) has invalid value (12500000)
2025-07-08 22:24:04,143 [INFO] UtilMem:75 - End LoadConfig() Used Memory: 824491704 Bytes (1073741824)
2025-07-08 22:24:04,148 [WARN] ThirdParty:833 - waiting for thirdparty lock release [change project]
2025-07-08 22:24:04,149 [INFO] ThirdParty:835 - entering critical section [change project]
2025-07-08 22:24:04,149 [INFO] ThirdParty:1030 - CMSIS Pack Vendor :STMicroelectronics X-CUBE-PM33A1 1.0.0
2025-07-08 22:24:04,149 [INFO] ThirdParty:1030 - CMSIS Pack Vendor :STMicroelectronics USBPD 4.1
2025-07-08 22:24:04,149 [INFO] ThirdParty:1030 - CMSIS Pack Vendor :STMicroelectronics X-CUBE-AZRTOS-H7 3.3.0
2025-07-08 22:24:04,149 [INFO] ThirdParty:1030 - CMSIS Pack Vendor :STMicroelectronics X-CUBE-NFC9 1.0.0
2025-07-08 22:24:04,149 [INFO] ThirdParty:1030 - CMSIS Pack Vendor :wolfSSL I-CUBE-wolfSSL 5.8.0
2025-07-08 22:24:04,149 [INFO] ThirdParty:1030 - CMSIS Pack Vendor :STMicroelectronics USB_HOST 2.0.0
2025-07-08 22:24:04,149 [INFO] ThirdParty:1030 - CMSIS Pack Vendor :STMicroelectronics FP-SNS-MOTENVWB1 1.4.0
2025-07-08 22:24:04,149 [INFO] ThirdParty:1030 - CMSIS Pack Vendor :STMicroelectronics X-CUBE-AZRTOS-F4 1.1.0
2025-07-08 22:24:04,149 [INFO] ThirdParty:1030 - CMSIS Pack Vendor :STMicroelectronics LIBJPEG 8.0.0
2025-07-08 22:24:04,149 [INFO] ThirdParty:1030 - CMSIS Pack Vendor :STMicroelectronics FP-ATR-ASTRA1 2.0.2
2025-07-08 22:24:04,149 [INFO] ThirdParty:1030 - CMSIS Pack Vendor :STMicroelectronics X-CUBE-BLE1 7.1.0
2025-07-08 22:24:04,149 [INFO] ThirdParty:1030 - CMSIS Pack Vendor :Avnet-IotConnect X-CUBE-IoTC-DA16k-PMOD 1.0.0
2025-07-08 22:24:04,149 [INFO] ThirdParty:1030 - CMSIS Pack Vendor :STMicroelectronics X-CUBE-SMBUS 2.1.0
2025-07-08 22:24:04,149 [INFO] ThirdParty:1030 - CMSIS Pack Vendor :wolfSSL I-CUBE-wolfMQTT 1.19.2
2025-07-08 22:24:04,149 [INFO] ThirdParty:1030 - CMSIS Pack Vendor :STMicroelectronics USB_DEVICE 3.0.0
2025-07-08 22:24:04,149 [INFO] ThirdParty:1030 - CMSIS Pack Vendor :STMicroelectronics X-CUBE-ISPU 2.1.0
2025-07-08 22:24:04,149 [INFO] ThirdParty:1030 - CMSIS Pack Vendor :STMicroelectronics X-CUBE-AZRTOS-WB 2.0.0
2025-07-08 22:24:04,149 [INFO] ThirdParty:1030 - CMSIS Pack Vendor :STMicroelectronics X-CUBE-ST60 1.0.0
2025-07-08 22:24:04,149 [INFO] ThirdParty:1030 - CMSIS Pack Vendor :STMicroelectronics X-CUBE-GNSS1 7.0.1
2025-07-08 22:24:04,149 [INFO] ThirdParty:1030 - CMSIS Pack Vendor :STMicroelectronics X-CUBE-AZRTOS-F7 1.1.0
2025-07-08 22:24:04,149 [INFO] ThirdParty:1030 - CMSIS Pack Vendor :STMicroelectronics X-CUBE-AZRTOS-L5 2.0.0
2025-07-08 22:24:04,149 [INFO] ThirdParty:1030 - CMSIS Pack Vendor :STMicroelectronics X-CUBE-TOUCHGFX 4.25.0
2025-07-08 22:24:04,149 [INFO] ThirdParty:1030 - CMSIS Pack Vendor :STMicroelectronics USB_DEVICE 2.0.0
2025-07-08 22:24:04,149 [INFO] ThirdParty:1030 - CMSIS Pack Vendor :STMicroelectronics X-CUBE-NFC6 3.1.0
2025-07-08 22:24:04,149 [INFO] ThirdParty:1030 - CMSIS Pack Vendor :STMicroelectronics X-CUBE-AI 10.1.0
2025-07-08 22:24:04,149 [INFO] ThirdParty:1030 - CMSIS Pack Vendor :STMicroelectronics FP-SNS-STBOX1 2.0.0
2025-07-08 22:24:04,149 [INFO] ThirdParty:1030 - CMSIS Pack Vendor :STMicroelectronics FreeRTOS 0.0.1
2025-07-08 22:24:04,149 [INFO] ThirdParty:1030 - CMSIS Pack Vendor :STMicroelectronics X-CUBE-AZRTOS-G0 1.1.0
2025-07-08 22:24:04,149 [INFO] ThirdParty:1030 - CMSIS Pack Vendor :STMicroelectronics X-CUBE-SAFEA1 1.2.2
2025-07-08 22:24:04,149 [INFO] ThirdParty:1030 - CMSIS Pack Vendor :STMicroelectronics X-CUBE-NFC4 3.0.0
2025-07-08 22:24:04,149 [INFO] ThirdParty:1030 - CMSIS Pack Vendor :STMicroelectronics X-CUBE-SUBG2 5.0.0
2025-07-08 22:24:04,149 [INFO] ThirdParty:1030 - CMSIS Pack Vendor :STMicroelectronics X-CUBE-AZRTOS-H7RS 1.1.0
2025-07-08 22:24:04,149 [INFO] ThirdParty:1030 - CMSIS Pack Vendor :STMicroelectronics STM32_WPAN 1.0.0
2025-07-08 22:24:04,149 [INFO] ThirdParty:1030 - CMSIS Pack Vendor :EmbeddedOffice I-CUBE-FS-RTOS 1.0.1
2025-07-08 22:24:04,149 [INFO] ThirdParty:1030 - CMSIS Pack Vendor :STMicroelectronics lwIP 2.0.3
2025-07-08 22:24:04,149 [INFO] ThirdParty:1030 - CMSIS Pack Vendor :Cesanta I-CUBE-Mongoose 7.13.0
2025-07-08 22:24:04,149 [INFO] ThirdParty:1030 - CMSIS Pack Vendor :STMicroelectronics USB_HOST 1.0.0
2025-07-08 22:24:04,149 [INFO] ThirdParty:1030 - CMSIS Pack Vendor :Infineon AIROC-Wi-Fi-Bluetooth-STM32 1.7.0
2025-07-08 22:24:04,149 [INFO] ThirdParty:1030 - CMSIS Pack Vendor :STMicroelectronics X-CUBE-AZRTOS-G4 2.0.0
2025-07-08 22:24:04,149 [INFO] ThirdParty:1030 - CMSIS Pack Vendor :STMicroelectronics X-CUBE-WB05N 2.0.0
2025-07-08 22:24:04,149 [INFO] ThirdParty:1030 - CMSIS Pack Vendor :STMicroelectronics PDM2PCM 3.1.0
2025-07-08 22:24:04,149 [INFO] ThirdParty:1030 - CMSIS Pack Vendor :STMicroelectronics PDM2PCM 3.3.0
2025-07-08 22:24:04,149 [INFO] ThirdParty:1030 - CMSIS Pack Vendor :wolfSSL I-CUBE-wolfTPM 3.8.0
2025-07-08 22:24:04,149 [INFO] ThirdParty:1030 - CMSIS Pack Vendor :STMicroelectronics X-CUBE-AZRTOS-H7 3.4.0
2025-07-08 22:24:04,149 [INFO] ThirdParty:1030 - CMSIS Pack Vendor :STMicroelectronics X-CUBE-DISPLAY 3.0.0
2025-07-08 22:24:04,149 [INFO] ThirdParty:1030 - CMSIS Pack Vendor :wolfSSL I-CUBE-wolfSSH 1.4.20
2025-07-08 22:24:04,149 [INFO] ThirdParty:1030 - CMSIS Pack Vendor :STMicroelectronics X-CUBE-NFC7 2.0.0
2025-07-08 22:24:04,149 [INFO] ThirdParty:1030 - CMSIS Pack Vendor :STMicroelectronics X-CUBE-TCPP 4.2.0
2025-07-08 22:24:04,149 [INFO] ThirdParty:1030 - CMSIS Pack Vendor :RealThread X-CUBE-RT-Thread_Nano 4.1.1
2025-07-08 22:24:04,149 [INFO] ThirdParty:1030 - CMSIS Pack Vendor :STMicroelectronics FP-ATR-SIGFOX1 3.2.0
2025-07-08 22:24:04,149 [INFO] ThirdParty:1030 - CMSIS Pack Vendor :STMicroelectronics X-CUBE-NFC10 1.0.0
2025-07-08 22:24:04,149 [INFO] ThirdParty:1030 - CMSIS Pack Vendor :STMicroelectronics X-CUBE-BLEMGR 4.0.0
2025-07-08 22:24:04,149 [INFO] ThirdParty:1030 - CMSIS Pack Vendor :STMicroelectronics X-CUBE-EEPRMA1 5.1.0
2025-07-08 22:24:04,149 [INFO] ThirdParty:1030 - CMSIS Pack Vendor :STMicroelectronics X-CUBE-FREERTOS 1.3.1
2025-07-08 22:24:04,149 [INFO] ThirdParty:1030 - CMSIS Pack Vendor :STMicroelectronics HAL Drivers 0.0.0
2025-07-08 22:24:04,149 [INFO] ThirdParty:1030 - CMSIS Pack Vendor :STMicroelectronics MBEDTLS 2.16.2
2025-07-08 22:24:04,149 [INFO] ThirdParty:1030 - CMSIS Pack Vendor :STMicroelectronics X-CUBE-IPS 3.1.0
2025-07-08 22:24:04,149 [INFO] ThirdParty:1030 - CMSIS Pack Vendor :STMicroelectronics X-CUBE-ALS 1.0.2
2025-07-08 22:24:04,149 [INFO] ThirdParty:1030 - CMSIS Pack Vendor :emotas I-CUBE-CANOPEN 1.3.0
2025-07-08 22:24:04,149 [INFO] ThirdParty:1030 - CMSIS Pack Vendor :STMicroelectronics MBEDTLS 2.14.1
2025-07-08 22:24:04,150 [INFO] ThirdParty:1030 - CMSIS Pack Vendor :ITTIA_DB I-CUBE-ITTIADB 8.9.0
2025-07-08 22:24:04,150 [INFO] ThirdParty:1030 - CMSIS Pack Vendor :portGmbH I-Cube-SoM-uGOAL 1.1.0
2025-07-08 22:24:04,150 [INFO] ThirdParty:1030 - CMSIS Pack Vendor :quantropi X-CUBE-qispace-sdk-base 2.0.0
2025-07-08 22:24:04,150 [INFO] ThirdParty:1030 - CMSIS Pack Vendor :STMicroelectronics X-CUBE-ST67W61 1.0.0
2025-07-08 22:24:04,150 [INFO] ThirdParty:1030 - CMSIS Pack Vendor :STMicroelectronics FP-SNS-STAIOTCFT 1.0.0
2025-07-08 22:24:04,150 [INFO] ThirdParty:1030 - CMSIS Pack Vendor :STMicroelectronics ThreadX 1.0.0
2025-07-08 22:24:04,150 [INFO] ThirdParty:1030 - CMSIS Pack Vendor :STMicroelectronics FP-SNS-SMARTAG2 1.2.0
2025-07-08 22:24:04,150 [INFO] ThirdParty:1030 - CMSIS Pack Vendor :STMicroelectronics FP-SNS-FLIGHT1 5.1.0
2025-07-08 22:24:04,150 [INFO] ThirdParty:1030 - CMSIS Pack Vendor :STMicroelectronics X-CUBE-AZRTOS-WL 2.0.0
2025-07-08 22:24:04,150 [INFO] ThirdParty:1030 - CMSIS Pack Vendor :SEGGER I-CUBE-embOS 1.3.1
2025-07-08 22:24:04,150 [INFO] ThirdParty:1030 - CMSIS Pack Vendor :STMicroelectronics X-CUBE-ALGOBUILD 1.4.0
2025-07-08 22:24:04,150 [INFO] ThirdParty:1030 - CMSIS Pack Vendor :STMicroelectronics X-CUBE-DPower 1.3.0
2025-07-08 22:24:04,150 [INFO] ThirdParty:1030 - CMSIS Pack Vendor :STMicroelectronics X-CUBE-MEMS1 11.3.0
2025-07-08 22:24:04,150 [INFO] ThirdParty:1030 - CMSIS Pack Vendor :STMicroelectronics FP-SNS-MOTENV1 5.0.0
2025-07-08 22:24:04,150 [INFO] ThirdParty:1030 - CMSIS Pack Vendor :STMicroelectronics USB_DEVICE 1.0.0
2025-07-08 22:24:04,150 [INFO] ThirdParty:1030 - CMSIS Pack Vendor :STMicroelectronics X-CUBE-AZRTOS-L4 2.0.0
2025-07-08 22:24:04,150 [INFO] ThirdParty:1030 - CMSIS Pack Vendor :STMicroelectronics ThreadX 0.0.2
2025-07-08 22:24:04,150 [INFO] ThirdParty:1030 - CMSIS Pack Vendor :WES I-CUBE-Cesium 1.3.0
2025-07-08 22:24:04,150 [INFO] ThirdParty:1030 - CMSIS Pack Vendor :STMicroelectronics lwIP 2.1.2
2025-07-08 22:24:04,150 [INFO] ThirdParty:1030 - CMSIS Pack Vendor :STMicroelectronics X-CUBE-SFXS2LP1 4.0.0
2025-07-08 22:24:04,150 [INFO] ThirdParty:1030 - CMSIS Pack Vendor :STMicroelectronics X-CUBE-BLE2 3.3.0
2025-07-08 22:24:04,150 [INFO] ThirdParty:1030 - CMSIS Pack Vendor :STMicroelectronics X-CUBE-TOF1 3.4.3
2025-07-08 22:24:04,150 [INFO] ThirdParty:1030 - CMSIS Pack Vendor :STMicroelectronics PDM2PCM 3.2.0
2025-07-08 22:24:04,150 [INFO] ThirdParty:841 - exiting critical section [change project]
2025-07-08 22:24:04,257 [INFO] PinOutPanel:1589 - setPackage(No Configuration,No Configuration)
2025-07-08 22:24:04,258 [INFO] PinOutPanel:1589 - setPackage(STM32F411CEUx,UFQFPN48)
2025-07-08 22:24:04,395 [INFO] UtilMem:75 - Before build in PCC Used Memory: 703596544 Bytes (1073741824)
2025-07-08 22:24:04,487 [INFO] UtilMem:75 - After build in PCC Used Memory: 746588160 Bytes (1073741824)
2025-07-08 22:24:04,499 [INFO] IPUIPlugin:80 - create IPUIPlugin
2025-07-08 22:24:04,499 [INFO] IPUIPlugin:80 - create IPUIPlugin
2025-07-08 22:24:04,499 [INFO] IPUIPlugin:80 - create IPUIPlugin
2025-07-08 22:24:04,499 [INFO] IPUIPlugin:80 - create IPUIPlugin
2025-07-08 22:24:04,499 [INFO] IPUIPlugin:80 - create IPUIPlugin
2025-07-08 22:24:04,499 [INFO] IPUIPlugin:80 - create IPUIPlugin
2025-07-08 22:24:04,499 [INFO] IPUIPlugin:80 - create IPUIPlugin
2025-07-08 22:24:04,499 [INFO] IPUIPlugin:80 - create IPUIPlugin
2025-07-08 22:24:04,499 [INFO] IPUIPlugin:80 - create IPUIPlugin
2025-07-08 22:24:04,499 [INFO] IPUIPlugin:80 - create IPUIPlugin
2025-07-08 22:24:04,499 [INFO] IPUIPlugin:80 - create IPUIPlugin
2025-07-08 22:24:04,499 [INFO] IPUIPlugin:80 - create IPUIPlugin
2025-07-08 22:24:04,499 [INFO] IPUIPlugin:80 - create IPUIPlugin
2025-07-08 22:24:04,499 [INFO] IPUIPlugin:80 - create IPUIPlugin
2025-07-08 22:24:04,499 [INFO] IPUIPlugin:80 - create IPUIPlugin
2025-07-08 22:24:04,499 [INFO] IPUIPlugin:80 - create IPUIPlugin
2025-07-08 22:24:04,500 [INFO] IPUIPlugin:80 - create IPUIPlugin
2025-07-08 22:24:04,500 [INFO] IPUIPlugin:80 - create IPUIPlugin
2025-07-08 22:24:04,500 [INFO] IPUIPlugin:80 - create IPUIPlugin
2025-07-08 22:24:04,500 [INFO] IPUIPlugin:80 - create IPUIPlugin
2025-07-08 22:24:04,500 [INFO] IPUIPlugin:80 - create IPUIPlugin
2025-07-08 22:24:04,500 [INFO] IPUIPlugin:80 - create IPUIPlugin
2025-07-08 22:24:04,500 [INFO] IPUIPlugin:80 - create IPUIPlugin
2025-07-08 22:24:04,500 [INFO] IPUIPlugin:80 - create IPUIPlugin
2025-07-08 22:24:04,500 [INFO] IPUIPlugin:80 - create IPUIPlugin
2025-07-08 22:24:04,500 [INFO] IPUIPlugin:80 - create IPUIPlugin
2025-07-08 22:24:04,500 [INFO] IPUIPlugin:80 - create IPUIPlugin
2025-07-08 22:24:04,500 [INFO] IPUIPlugin:80 - create IPUIPlugin
2025-07-08 22:24:04,501 [INFO] IPUIPlugin:80 - create IPUIPlugin
2025-07-08 22:24:04,501 [INFO] IPUIPlugin:80 - create IPUIPlugin
2025-07-08 22:24:04,501 [INFO] IPUIPlugin:80 - create IPUIPlugin
2025-07-08 22:24:04,501 [INFO] IPUIPlugin:80 - create IPUIPlugin
2025-07-08 22:24:04,501 [INFO] IPUIPlugin:80 - create IPUIPlugin
2025-07-08 22:24:04,501 [INFO] IPUIPlugin:80 - create IPUIPlugin
2025-07-08 22:24:04,501 [INFO] IPUIPlugin:80 - create IPUIPlugin
2025-07-08 22:24:04,501 [INFO] IPUIPlugin:80 - create IPUIPlugin
2025-07-08 22:24:04,501 [INFO] IPUIPlugin:80 - create IPUIPlugin
2025-07-08 22:24:04,501 [INFO] IPUIPlugin:80 - create IPUIPlugin
2025-07-08 22:24:04,501 [INFO] IPUIPlugin:80 - create IPUIPlugin
2025-07-08 22:24:04,501 [INFO] IPUIPlugin:80 - create IPUIPlugin
2025-07-08 22:24:04,501 [INFO] IPUIPlugin:80 - create IPUIPlugin
2025-07-08 22:24:04,501 [INFO] IPUIPlugin:80 - create IPUIPlugin
2025-07-08 22:24:04,502 [INFO] IPUIPlugin:80 - create IPUIPlugin
2025-07-08 22:24:04,503 [INFO] ApiDbMcu:508 - Load IP Config File for PDM2PCM
2025-07-08 22:24:04,504 [WARN] IP:2250 - I2C_Coeff_DF not found: check if there is a RefParameter without a condition.
2025-07-08 22:24:04,504 [WARN] IP:2250 - Analog_Filter not found: check if there is a RefParameter without a condition.
2025-07-08 22:24:04,555 [INFO] CADModel:165 - CPN selected for project levelSTM32F411CEU6
2025-07-08 22:24:04,555 [INFO] CADModel:114 - Register for checkConnection events
2025-07-08 22:24:04,592 [INFO] OpenFileManager:385 - Restore cursor
2025-07-08 22:24:04,703 [WARN] IP:2250 - I2C_Coeff_DF not found: check if there is a RefParameter without a condition.
2025-07-08 22:24:04,703 [WARN] IP:2250 - Analog_Filter not found: check if there is a RefParameter without a condition.
2025-07-08 22:24:04,703 [WARN] IP:2250 - I2C_Coeff_DF not found: check if there is a RefParameter without a condition.
2025-07-08 22:24:04,703 [WARN] IP:2250 - Analog_Filter not found: check if there is a RefParameter without a condition.
2025-07-08 22:24:23,969 [INFO] NvicIntPanel:101 - NVIC parent = com.st.microxplorer.plugins.ip.nvic.MultiNvicIntPanel[,0,0,0x0,invalid,layout=javax.swing.BoxLayout,alignmentX=0.0,alignmentY=0.0,border=,flags=9,maximumSize=,minimumSize=,preferredSize=]
2025-07-08 22:24:25,210 [INFO] NvicIntPanel:101 - NVIC parent = com.st.microxplorer.plugins.ip.nvic.MultiNvicIntPanel[,0,0,0x0,invalid,layout=javax.swing.BoxLayout,alignmentX=0.0,alignmentY=0.0,border=,flags=9,maximumSize=,minimumSize=,preferredSize=]
2025-07-08 22:24:26,885 [INFO] UtilMem:75 - End SaveConfig() Used Memory: 770179072 Bytes (1073741824)
2025-07-08 22:24:28,679 [INFO] UtilMem:75 - End SaveConfig() Used Memory: 789053440 Bytes (1073741824)
2025-07-08 22:24:28,993 [INFO] LogOutputStream:77 - [STDOUT_REDIRECT] This download action requires prior login. To proceed, please use the 'login' command with your my.st.com account email and password.
2025-07-08 22:24:28,993 [INFO] LogOutputStream:77 - [STDOUT_REDIRECT] Run 'login <email> <password> <remember_me>' for example 'login john.smith@st.com mypassword y'.
2025-07-08 22:24:28,993 [INFO] LogOutputStream:77 - [STDOUT_REDIRECT] If you do not have a my.st.com account, please visit https://st.com website to create one.
2025-07-08 22:25:05,161 [INFO] McuFinderGlobals:63 - Set McuFinder mode to 2 (CubeIDE integrated)
2025-07-08 22:25:05,163 [INFO] McuFinderGlobals:76 - Set McuFinderConnectedMode to true
2025-07-08 22:25:05,163 [INFO] MainUpdater:2872 - connection check result : 10
2025-07-08 22:25:05,169 [INFO] MenuBar:473 - Manual Refresh Data
2025-07-08 22:25:05,170 [INFO] FinderAction:103 - Refresh Data: download all database files
2025-07-08 22:25:05,682 [INFO] ServerAccessManage:473 - Download File mcusAds.json._tmp_
2025-07-08 22:25:05,785 [INFO] LoadUrlFilesThread:156 - End of LoadUrlFiles Thread
2025-07-08 22:25:06,151 [INFO] ServerAccessManage:473 - Download File cube-finder-db.zip
2025-07-08 22:25:10,363 [INFO] FileExtend:242 - Unzip File : cube-finder-db.zip
2025-07-08 22:25:10,363 [INFO] FileExtend:257 - Standard Zip Deflate
2025-07-08 22:25:10,887 [INFO] LoadUrlFilesThread:156 - End of LoadUrlFiles Thread
2025-07-08 22:25:12,439 [INFO] ServerAccessManage:473 - Download File crdb.zip
2025-07-08 22:25:13,536 [INFO] FileExtend:242 - Unzip File : crdb.zip
2025-07-08 22:25:13,536 [INFO] FileExtend:257 - Standard Zip Deflate
2025-07-08 22:25:13,690 [INFO] LoadUrlFilesThread:156 - End of LoadUrlFiles Thread
2025-07-08 22:25:13,995 [INFO] ServerAccessManage:473 - Download File tutoVideoDB.zip
2025-07-08 22:25:14,001 [INFO] FileExtend:242 - Unzip File : tutoVideoDB.zip
2025-07-08 22:25:14,001 [INFO] FileExtend:257 - Standard Zip Deflate
2025-07-08 22:25:14,104 [INFO] LoadUrlFilesThread:156 - End of LoadUrlFiles Thread
2025-07-08 22:25:14,106 [WARN] DbFile:41 - Overriding database path with different value: /home/adrian/.stmcufinder/plugins/mcufinder/ => /home/adrian/.stmcufinder/plugins/mcufinder
2025-07-08 22:25:14,834 [INFO] ServerAccessManage:473 - Download File api_config.json
2025-07-08 22:25:14,936 [INFO] LoadUrlFilesThread:156 - End of LoadUrlFiles Thread
2025-07-08 22:25:14,937 [INFO] DbMcusAds:53 - JSON generation date=Tue Jul 08 02:14:23 CST 2025 (1751962463582)
2025-07-08 22:25:14,940 [INFO] ApiDb:448 - Save user favorites file /home/adrian/.stm32cubeide/favorites.mcus.txt: 0 item(s)
2025-07-08 22:25:14,940 [INFO] ApiDb:452 - User favorites MCUs=[]
2025-07-08 22:25:14,941 [INFO] ApiDb:581 - Connected to CubeFinder SQLite database (/home/adrian/.stmcufinder/plugins/mcufinder/mcu/cube-finder-db.db)
2025-07-08 22:25:14,983 [INFO] ApiDb:668 - CubeFinder database Data Model version=2.1
2025-07-08 22:25:14,983 [INFO] ApiDb:669 - CubeFinder database Configuration version=3.0.39
2025-07-08 22:25:14,983 [INFO] ApiDb:670 - CubeFinder database generation date=2025-06-24 (1750757100)
2025-07-08 22:25:14,983 [INFO] ApiDb:671 - CubeFinder database FW Pack versions=[FP-ATR-ASTRA1_V2.0.0, FP-SNS-FLIGHT1_V5.1.0, FP-SNS-MOTENV1_V5.0.0, FP-SNS-MOTENVWB1_V1.4.0, FP-SNS-SMARTAG2_V1.2.0, FP-SNS-STBOX1_V2.0.0, STM32Cube_FW_C0_V1.4.0, STM32Cube_FW_F4_V1.28.2, STM32Cube_FW_F7_V1.17.3, STM32Cube_FW_G0_V1.6.2, STM32Cube_FW_G4_V1.6.1, STM32Cube_FW_H5_V1.5.0, STM32Cube_FW_H7RS_V1.2.0, STM32Cube_FW_H7_V1.12.1, STM32Cube_FW_L0_V1.12.2, STM32Cube_FW_L4_V1.18.1, STM32Cube_FW_L5_V1.5.1, STM32Cube_FW_N6_V1.2.0, STM32Cube_FW_U0_V1.3.0, STM32Cube_FW_U3_V1.2.0, STM32Cube_FW_U5_V1.8.0, STM32Cube_FW_WB0_V1.3.0, STM32Cube_FW_WBA_V1.7.0, STM32Cube_FW_WB_V1.23.0, STM32Cube_FW_WL3_V1.2.0, STM32Cube_FW_WL_V1.3.1, X-CUBE-ALGOBUILD_V1.4.0, X-CUBE-ALS_V1.0.2, X-CUBE-AZRTOS-F4_V1.1.0, X-CUBE-AZRTOS-F7_V1.1.0, X-CUBE-AZRTOS-G0_V1.1.0, X-CUBE-AZRTOS-G4_V2.0.0, X-CUBE-AZRTOS-H7RS_V1.1.0, X-CUBE-AZRTOS-H7_V3.3.0, X-CUBE-AZRTOS-L4_V2.0.0, X-CUBE-AZRTOS-L5_V2.0.0, X-CUBE-AZRTOS-WB_V2.0.0, X-CUBE-AZRTOS-WL_V2.0.0, X-CUBE-BLE1_V7.1.0, X-CUBE-BLE2_V3.3.0, X-CUBE-BLEMGR_V4.0.0, X-CUBE-EEPRMA1_V5.1.0, X-CUBE-FREERTOS_V1.3.1, X-CUBE-GNSS1_V6.0.0, X-CUBE-MEMS1_V11.3.0, X-CUBE-NFC4_V3.0.0, X-CUBE-NFC7_V2.0.0, X-CUBE-SFXS2LP1_V4.0.0, X-CUBE-SUBG2_V5.0.0, X-CUBE-TOF1_V3.4.3]
2025-07-08 22:25:16,999 [INFO] ApiDb:240 - Found 895 in-development CPN: [B-G473E-ZEST1S, B-WB1M-WPAN1, B-WBA5M-WPAN, B-WL5M-SUBG1, NUCLEO-C031C6, NUCLEO-C051C8, NUCLEO-C071RB, NUCLEO-C092RC, NUCLEO-H503RB, NUCLEO-H533RE, NUCLEO-H563ZI, NUCLEO-H7S3L8, NUCLEO-N657X0-Q, NUCLEO-U031R8, NUCLEO-U083RC, NUCLEO-U385RG-Q, NUCLEO-U545RE-Q, NUCLEO-U5A5ZJ-Q, NUCLEO-WB05KZ, NUCLEO-WB07CC, NUCLEO-WB09KE, NUCLEO-WBA52CG, NUCLEO-WBA55CG, NUCLEO-WBA65RI, NUCLEO-WL33CC1, NUCLEO-WL33CC2, STEVAL-PROTEUS1, STEVAL-SMARTAG2, STEVAL-STWINBX1, STM320518-EVAL, STM32C0116-DK, STM32C011D6Y3TR, STM32C011D6Y6TR, STM32C011F4P3, STM32C011F4P6, STM32C011F4U3, STM32C011F4U6TR, STM32C011F6P3, STM32C011F6P6, STM32C011F6U3, STM32C011F6U6TR, STM32C011J4M3, STM32C011J4M6, STM32C011J6M3, STM32C011J6M6, STM32C0316-DK, STM32C031C4T3, STM32C031C4T6, STM32C031C4U3, STM32C031C4U6, STM32C031C6T3, STM32C031C6T6, STM32C031C6U3, STM32C031C6U6, STM32C031F4P3, STM32C031F4P6, STM32C031F6P3, STM32C031F6P6, STM32C031G4U3, STM32C031G4U6, STM32C031G6U3, STM32C031G6U6, STM32C031K4T3, STM32C031K4T6, STM32C031K4U3, STM32C031K4U6, STM32C031K6T3, STM32C031K6T6, STM32C031K6U3, STM32C031K6U6, STM32C051C6T6, STM32C051C6U6, STM32C051C8T6, STM32C051C8U6, STM32C051D8Y6TR, STM32C051F6P6, STM32C051F8P6, STM32C051G6U6, STM32C051G8U6, STM32C051K6T6, STM32C051K6U6, STM32C051K8T6, STM32C071C8T6, STM32C071C8T6N, STM32C071C8U6, STM32C071C8U6N, STM32C071CBT6, STM32C071CBT6N, STM32C071CBU6, STM32C071CBU6N, STM32C071F8P6, STM32C071F8P6N, STM32C071FBP6, STM32C071FBP6N, STM32C071FBY6TR, STM32C071G8U6, STM32C071G8U6N, STM32C071GBU6, STM32C071GBU6N, STM32C071K8T6, STM32C071K8T6N, STM32C071K8U6, STM32C071K8U6N, STM32C071KBT6, STM32C071KBT6N, STM32C071KBU6, STM32C071KBU6N, STM32C071R8T6, STM32C071R8T6N, STM32C071RBI6N, STM32C071RBT6, STM32C071RBT6N, STM32C091CBT6, STM32C091CBU6, STM32C091CCT6, STM32C091CCU6, STM32C091ECY6TR, STM32C091FBP6, STM32C091FCP6, STM32C091GBU6, STM32C091GCU6, STM32C091KBT6, STM32C091KBU6, STM32C091KCT6, STM32C091KCU6, STM32C091RBT6, STM32C091RCI6, STM32C091RCT6, STM32C092CBT6, STM32C092CBU6, STM32C092CCT6, STM32C092CCU6, STM32C092ECY6TR, STM32C092FBP6, STM32C092FCP6, STM32C092GBU6, STM32C092GCU6, STM32C092KBT6, STM32C092KBU6, STM32C092KCT6, STM32C092KCU6, STM32C092RBT6, STM32C092RCI6, STM32C092RCT6, STM32G071K8TXN, STM32G071K8UXN, STM32G081GBU6N, STM32G081KBT6N, STM32G081KBUXN, STM32G0B1CCT6N, STM32G0B1KCT6, STM32G0B1NEY6TR, STM32G0B1RCT6N, STM32G0C1CCT6, STM32G0C1CCT6N, STM32G0C1CCU6N, STM32G0C1CET6N, STM32G0C1CEU6N, STM32G0C1KCT6, STM32G0C1NEY6TR, STM32G0C1RCI6N, STM32G0C1RCT6N, STM32G0C1REI6N, STM32G0C1RET6N, STM32G0C1VCI6, STM32G0C1VEI6, STM32G411C6T3, STM32G411C6T6, STM32G411C6U3, STM32G411C6U6, STM32G411C8T3, STM32G411C8T6, STM32G411C8U3, STM32G411C8U6, STM32G411CBT3, STM32G411CBT6, STM32G411CBU3, STM32G411CBU6, STM32G411CCT3, STM32G411CCT6, STM32G411CCU3, STM32G411CCU6, STM32G411K6T3, STM32G411K6T6, STM32G411K6U3, STM32G411K6U6, STM32G411K8T3, STM32G411K8T6, STM32G411K8U3, STM32G411K8U6, STM32G411KBT3, STM32G411KBT6, STM32G411KBU3, STM32G411KBU6, STM32G411M6T3, STM32G411M6T6, STM32G411M8T3, STM32G411M8T6, STM32G411MBT3, STM32G411MBT6, STM32G411MCT3, STM32G411MCT6, STM32G411R6T3, STM32G411R6T6, STM32G411R8T3, STM32G411R8T6, STM32G411RBT3, STM32G411RBT6, STM32G411RCT3, STM32G411RCT6, STM32G414CBT3, STM32G414CBT6, STM32G414CBU3, STM32G414CBU6, STM32G414CCT3, STM32G414CCT6, STM32G414CCU3, STM32G414CCU6, STM32G414MBT3, STM32G414MBT6, STM32G414MCT3, STM32G414MCT6, STM32G414RBT3, STM32G414RBT6, STM32G414RCT3, STM32G414RCT6, STM32G414VBT3, STM32G414VBT6, STM32G414VCT3, STM32G414VCT6, STM32G431CBT3Z, STM32G431RBT3Z, STM32G471CCT6, STM32G471CCU6, STM32G471CET3, STM32G471CET6, STM32G471CEU3, STM32G471CEU6, STM32G471MCT6, STM32G471MET3, STM32G471MET6, STM32G471MEY6TR, STM32G471QCT6, STM32G471QET3, STM32G471RCT6, STM32G471RET3, STM32G471RET6, STM32G471VCH6, STM32G471VCI6, STM32G471VCT6, STM32G471VEH3, STM32G471VEH6, STM32G471VEI3, STM32G471VEI6, STM32G471VET3, STM32G471VET6, STM32G473QET3Z, STM32G473RET3Z, STM32G474CCT6, STM32G491RET3Z, STM32H503CBT6, STM32H503CBU6, STM32H503EBY6TR, STM32H503KBU6, STM32H503RBT6, STM32H523CCT6, STM32H523CCU6, STM32H523CET6, STM32H523CEU6, STM32H523HEY6TR, STM32H523RCT6, STM32H523RET6, STM32H523VCI6, STM32H523VCT6, STM32H523VEI6, STM32H523VET6, STM32H523ZCJ6, STM32H523ZCT6, STM32H523ZEJ6, STM32H523ZET6, STM32H533CET6, STM32H533CEU6, STM32H533HEY6TR, STM32H533RET6, STM32H533VEI6, STM32H533VET6, STM32H533ZEJ6, STM32H533ZET6, STM32H562AGI6, STM32H562AII6, STM32H562IGK6, STM32H562IGT6, STM32H562IIK6, STM32H562IIT6, STM32H562RGT6, STM32H562RGV6, STM32H562RIT6, STM32H562RIV6, STM32H562VGT6, STM32H562VIT6, STM32H562ZGT6, STM32H562ZIT6, STM32H563AGI6, STM32H563AII3Q, STM32H563AII6, STM32H563IGK6, STM32H563IGT6, STM32H563IIK3Q, STM32H563IIK6, STM32H563IIT3Q, STM32H563IIT6, STM32H563MIY3QTR, STM32H563RGT6, STM32H563RGV6, STM32H563RIT6, STM32H563RIV6, STM32H563VGT6, STM32H563VIT3Q, STM32H563VIT6, STM32H563ZGT6, STM32H563ZIT3Q, STM32H563ZIT6, STM32H573AII3Q, STM32H573AII6, STM32H573I-DK, STM32H573IIK3Q, STM32H573IIK6, STM32H573IIT3Q, STM32H573IIT6, STM32H573MIY3QTR, STM32H573RIT6, STM32H573RIV6, STM32H573VIT3Q, STM32H573VIT6, STM32H573ZIT3Q, STM32H573ZIT6, STM32H7R3A8I6, STM32H7R3I8K6, STM32H7R3I8T6, STM32H7R3L8H6, STM32H7R3L8H6H, STM32H7R3R8V6, STM32H7R3V8H6, STM32H7R3V8T6, STM32H7R3V8Y6TR, STM32H7R3Z8J6, STM32H7R3Z8T6, STM32H7R7A8I6, STM32H7R7I8K6, STM32H7R7I8T6, STM32H7R7L8H6, STM32H7R7L8H6H, STM32H7R7Z8J6, STM32H7S3A8I6, STM32H7S3I8K6, STM32H7S3I8T6, STM32H7S3L8H6, STM32H7S3L8H6H, STM32H7S3R8V6, STM32H7S3V8H6, STM32H7S3V8T6, STM32H7S3V8Y6TR, STM32H7S3Z8J6, STM32H7S3Z8T6, STM32H7S78-DK, STM32H7S7A8I6, STM32H7S7I8K6, STM32H7S7I8T6, STM32H7S7L8H6, STM32H7S7L8H6H, STM32H7S7Z8J6, STM32L4R5QGI6STR, STM32MP131AAE3, STM32MP131AAF3, STM32MP131AAG3, STM32MP131CAE3, STM32MP131CAF3, STM32MP131CAG3, STM32MP131DAE7, STM32MP131DAF7, STM32MP131DAG7, STM32MP131FAE7, STM32MP131FAF7, STM32MP131FAG7, STM32MP133AAE3, STM32MP133AAF3, STM32MP133AAG3, STM32MP133CAE3, STM32MP133CAF3, STM32MP133CAG3, STM32MP133DAE7, STM32MP133DAF7, STM32MP133DAG7, STM32MP133FAE7, STM32MP133FAF7, STM32MP133FAG7, STM32MP135AAE3, STM32MP135AAF3, STM32MP135AAG3, STM32MP135CAE3, STM32MP135CAF3, STM32MP135CAG3, STM32MP135DAE7, STM32MP135DAF7, STM32MP135DAG7, STM32MP135F-DK, STM32MP135FAE7, STM32MP135FAF7, STM32MP135FAF7T, STM32MP135FAF7U, STM32MP135FAG7, STM32MP231AAJ3, STM32MP231AAK3, STM32MP231AAL3, STM32MP231CAJ3, STM32MP231CAK3, STM32MP231CAL3, STM32MP231DAJ3, STM32MP231DAK3, STM32MP231DAL3, STM32MP231FAJ3, STM32MP231FAK3, STM32MP231FAL3, STM32MP233AAJ3, STM32MP233AAK3, STM32MP233AAL3, STM32MP233CAJ3, STM32MP233CAK3, STM32MP233CAL3, STM32MP233DAJ3, STM32MP233DAK3, STM32MP233DAL3, STM32MP233FAJ3, STM32MP233FAK3, STM32MP233FAL3, STM32MP235AAJ3, STM32MP235AAK3, STM32MP235AAL3, STM32MP235CAJ3, STM32MP235CAK3, STM32MP235CAL3, STM32MP235DAJ3, STM32MP235DAK3, STM32MP235DAL3, STM32MP235FAJ3, STM32MP235FAK3, STM32MP235FAL3, STM32MP251AAI3, STM32MP251AAJ3, STM32MP251AAK3, STM32MP251AAL3, STM32MP251CAI3, STM32MP251CAJ3, STM32MP251CAK3, STM32MP251CAL3, STM32MP251DAI3, STM32MP251DAJ3, STM32MP251DAK3, STM32MP251DAL3, STM32MP251FAI3, STM32MP251FAJ3, STM32MP251FAK3, STM32MP251FAL3, STM32MP253AAI3, STM32MP253AAJ3, STM32MP253AAK3, STM32MP253AAL3, STM32MP253CAI3, STM32MP253CAJ3, STM32MP253CAK3, STM32MP253CAL3, STM32MP253DAI3, STM32MP253DAJ3, STM32MP253DAK3, STM32MP253DAL3, STM32MP253FAI3, STM32MP253FAJ3, STM32MP253FAK3, STM32MP253FAL3, STM32MP255AAI3, STM32MP255AAJ3, STM32MP255AAK3, STM32MP255AAL3, STM32MP255CAI3, STM32MP255CAJ3, STM32MP255CAK3, STM32MP255CAL3, STM32MP255DAI3, STM32MP255DAJ3, STM32MP255DAK3, STM32MP255DAL3, STM32MP255FAI3, STM32MP255FAJ3, STM32MP255FAK3, STM32MP255FAL3, STM32MP257AAI3, STM32MP257AAJ3, STM32MP257AAK3, STM32MP257AAL3, STM32MP257CAI3, STM32MP257CAJ3, STM32MP257CAK3, STM32MP257CAL3, STM32MP257DAI3, STM32MP257DAJ3, STM32MP257DAK3, STM32MP257DAL3, STM32MP257F-DK, STM32MP257F-EV1, STM32MP257FAI3, STM32MP257FAJ3, STM32MP257FAK3, STM32MP257FAL3, STM32N645A0H3Q, STM32N645B0H3Q, STM32N645I0H3Q, STM32N645L0H3Q, STM32N645X0H3Q, STM32N645Z0H3Q, STM32N647A0H3Q, STM32N647B0H3Q, STM32N647I0H3Q, STM32N647L0H3Q, STM32N647X0H3Q, STM32N647Z0H3Q, STM32N655A0H3Q, STM32N655B0H3Q, STM32N655I0H3Q, STM32N655L0H3Q, STM32N655X0H3Q, STM32N655Z0H3Q, STM32N6570-DK, STM32N657A0H3Q, STM32N657B0H3Q, STM32N657I0H3Q, STM32N657L0H3Q, STM32N657X0H3Q, STM32N657Z0H3Q, STM32U031C6T6, STM32U031C6U6, STM32U031C8T6, STM32U031C8U6, STM32U031F4P6, STM32U031F6P6, STM32U031F8P6, STM32U031G6Y6TR, STM32U031G8Y6TR, STM32U031K4U6, STM32U031K6U6, STM32U031K8U6, STM32U031R6I6, STM32U031R6T6, STM32U031R8I6, STM32U031R8T6, STM32U073C8T6, STM32U073C8U6, STM32U073CBT6, STM32U073CBU6, STM32U073CCT6, STM32U073CCU6, STM32U073H8Y6TR, STM32U073HBY6TR, STM32U073HCY6TR, STM32U073K8U6, STM32U073KBU6, STM32U073KCU6, STM32U073M8I6, STM32U073M8T6, STM32U073MBI6, STM32U073MBT6, STM32U073MCI6, STM32U073MCT6, STM32U073R8I6, STM32U073R8T6, STM32U073RBI6, STM32U073RBT6, STM32U073RCI6, STM32U073RCT6, STM32U083C-DK, STM32U083CCT6, STM32U083CCU6, STM32U083HCY6TR, STM32U083KCU6, STM32U083MCI6, STM32U083MCT6, STM32U083RCI6, STM32U083RCT6, STM32U375CET6, STM32U375CET6Q, STM32U375CEU6, STM32U375CEU6Q, STM32U375CEY6QTR, STM32U375CGT6, STM32U375CGT6Q, STM32U375CGU6, STM32U375CGU6Q, STM32U375CGY6QTR, STM32U375KEU6, STM32U375KGU6, STM32U375REI6, STM32U375REI6Q, STM32U375RET6, STM32U375RET6Q, STM32U375REY6GTR, STM32U375REY6QTR, STM32U375RGI6, STM32U375RGI6Q, STM32U375RGT6, STM32U375RGT6Q, STM32U375RGY6GTR, STM32U375RGY6QTR, STM32U375VEI6, STM32U375VEI6Q, STM32U375VET6, STM32U375VET6Q, STM32U375VGI6, STM32U375VGI6Q, STM32U375VGT6, STM32U375VGT6Q, STM32U385CGT6, STM32U385CGT6Q, STM32U385CGU6, STM32U385CGU6Q, STM32U385CGY6QTR, STM32U385KGU6, STM32U385RGI6, STM32U385RGI6Q, STM32U385RGT6, STM32U385RGT6Q, STM32U385RGY6GTR, STM32U385RGY6QTR, STM32U385VGI6, STM32U385VGI6Q, STM32U385VGT6, STM32U385VGT6Q, STM32U535CBT6, STM32U535CBT6Q, STM32U535CBU6, STM32U535CBU6Q, STM32U535CCT6, STM32U535CCT6Q, STM32U535CCU6, STM32U535CCU6Q, STM32U535CET6, STM32U535CET6Q, STM32U535CEU6, STM32U535CEU6Q, STM32U535JEY6QTR, STM32U535NCY6QTR, STM32U535NEY6QTR, STM32U535RBI6, STM32U535RBI6Q, STM32U535RBT6, STM32U535RBT6Q, STM32U535RCI6, STM32U535RCI6Q, STM32U535RCT6, STM32U535RCT6Q, STM32U535REI6, STM32U535REI6Q, STM32U535RET6, STM32U535RET6Q, STM32U535VCI6, STM32U535VCI6Q, STM32U535VCT6, STM32U535VCT6Q, STM32U535VEI6, STM32U535VEI6Q, STM32U535VET6, STM32U535VET6Q, STM32U545CET6, STM32U545CET6Q, STM32U545CEU6, STM32U545CEU6Q, STM32U545JEY6QTR, STM32U545NEY6QTR, STM32U545REI6, STM32U545REI6Q, STM32U545RET6, STM32U545RET6Q, STM32U545VEI6, STM32U545VEI6Q, STM32U545VET6, STM32U545VET6Q, STM32U595AIH6, STM32U595AIH6Q, STM32U595AJH6, STM32U595AJH6Q, STM32U595QII6, STM32U595QII6Q, STM32U595QJI6, STM32U595QJI6Q, STM32U595RIT6, STM32U595RIT6Q, STM32U595RJT6, STM32U595RJT6Q, STM32U595VIT6, STM32U595VIT6Q, STM32U595VJT6, STM32U595VJT6Q, STM32U595ZIT6, STM32U595ZIT6Q, STM32U595ZIY6QTR, STM32U595ZJT6, STM32U595ZJT6Q, STM32U595ZJY6QTR, STM32U599BJY6QTR, STM32U599NIH6Q, STM32U599NJH6Q, STM32U599VIT6Q, STM32U599VJT6, STM32U599VJT6Q, STM32U599ZIT6Q, STM32U599ZIY6QTR, STM32U599ZJT6Q, STM32U599ZJY6QTR, STM32U5A5AJH6, STM32U5A5AJH6Q, STM32U5A5QII3Q , STM32U5A5QJI6, STM32U5A5QJI6Q, STM32U5A5RJT6, STM32U5A5RJT6Q, STM32U5A5VJT6, STM32U5A5VJT6Q, STM32U5A5ZJT6, STM32U5A5ZJT6Q, STM32U5A5ZJY6QTR, STM32U5A9BJY6QTR, STM32U5A9J-DK, STM32U5A9NJH6Q, STM32U5A9VJT6Q, STM32U5A9ZJT6Q, STM32U5A9ZJY6QTR, STM32U5F7VIT6, STM32U5F7VIT6Q, STM32U5F7VJT6, STM32U5F7VJT6Q, STM32U5F9BJY6QTR, STM32U5F9NJH6Q, STM32U5F9VIT6Q, STM32U5F9VJT6Q, STM32U5F9ZIJ6QTR, STM32U5F9ZIT6Q, STM32U5F9ZJJ6QTR, STM32U5F9ZJT6Q, STM32U5G7VJT6, STM32U5G7VJT6Q, STM32U5G9BJY6QTR, STM32U5G9J-DK1, STM32U5G9J-DK2, STM32U5G9NJH6Q, STM32U5G9VJT6Q, STM32U5G9ZJJ6QTR, STM32U5G9ZJT6Q, STM32WB05KZV6TR, STM32WB05KZV7TR, STM32WB05TZF6TR, STM32WB05TZF7TR, STM32WB06CCF6TR, STM32WB06CCF7TR, STM32WB06CCV6TR, STM32WB06CCV7TR, STM32WB06KCV6TR, STM32WB06KCV7TR, STM32WB07CCF6TR, STM32WB07CCF7TR, STM32WB07CCV6TR, STM32WB07CCV7TR, STM32WB07KCV6TR, STM32WB07KCV7TR, STM32WB09KEV6TR, STM32WB09KEV7TR, STM32WB09TEF6TR, STM32WB09TEF7TR, STM32WB1MMCH6, STM32WBA50KGU6, STM32WBA50KGU6TR, STM32WBA52CEU6, STM32WBA52CEU6TR, STM32WBA52CEU7, STM32WBA52CEU7TR, STM32WBA52CGU6, STM32WBA52CGU6TR, STM32WBA52CGU6U, STM32WBA52CGU7, STM32WBA52CGU7TR, STM32WBA52KEU6, STM32WBA52KEU6TR, STM32WBA52KGU6, STM32WBA52KGU6TR, STM32WBA54CEU6, STM32WBA54CEU6TR, STM32WBA54CEU7, STM32WBA54CEU7TR, STM32WBA54CGU6, STM32WBA54CGU6TR, STM32WBA54CGU7, STM32WBA54CGU7TR, STM32WBA54KEU6, STM32WBA54KEU6TR, STM32WBA54KEU7, STM32WBA54KEU7TR, STM32WBA54KGU6, STM32WBA54KGU6TR, STM32WBA54KGU7, STM32WBA54KGU7TR, STM32WBA55CEU6, STM32WBA55CEU6TR, STM32WBA55CEU7, STM32WBA55CEU7TR, STM32WBA55CGU6, STM32WBA55CGU6TR, STM32WBA55CGU6U, STM32WBA55CGU7, STM32WBA55CGU7TR, STM32WBA55G-DK1, STM32WBA55HEF6, STM32WBA55HEF7, STM32WBA55HGF6, STM32WBA55HGF7, STM32WBA55UEI6, STM32WBA55UEI6TR, STM32WBA55UEI7, STM32WBA55UEI7TR, STM32WBA55UGI6, STM32WBA55UGI6TR, STM32WBA55UGI7, STM32WBA55UGI7TR, STM32WBA5MJGH6TR, STM32WBA62CGU6, STM32WBA62CIU6, STM32WBA62MGF6, STM32WBA62MIF6, STM32WBA62PGI6, STM32WBA62PII6, STM32WBA63CGU6, STM32WBA63CGU7, STM32WBA63CIU6, STM32WBA63CIU7, STM32WBA64CGU6, STM32WBA64CGU7, STM32WBA64CIU6, STM32WBA64CIU7, STM32WBA65CGU6, STM32WBA65CGU7, STM32WBA65CIU6, STM32WBA65CIU7, STM32WBA65I-DK1, STM32WBA65MGF6, STM32WBA65MGF7, STM32WBA65MIF6, STM32WBA65MIF7, STM32WBA65PGI6, STM32WBA65PGI7, STM32WBA65PII6, STM32WBA65PII7, STM32WBA65RGV6, STM32WBA65RGV7, STM32WBA65RIV6, STM32WBA65RIV7, STM32WL30K8V6, STM32WL30KBV6, STM32WL31C8V6, STM32WL31CBV6, STM32WL31K8V6, STM32WL31KBV6, STM32WL33C8V6, STM32WL33C8V6TR, STM32WL33C8V7, STM32WL33C8V7TR, STM32WL33CBV6, STM32WL33CBV6TR, STM32WL33CBV7, STM32WL33CBV7TR, STM32WL33CCV6, STM32WL33CCV6TR, STM32WL33CCV7, STM32WL33CCV7A, STM32WL33CCV7ATR, STM32WL33CCV7TR, STM32WL33K8V6, STM32WL33K8V6TR, STM32WL33K8V7, STM32WL33K8V7TR, STM32WL33KBV6, STM32WL33KBV6TR, STM32WL33KBV7, STM32WL33KBV7TR, STM32WL33KCV6, STM32WL33KCV6TR, STM32WL33KCV7, STM32WL33KCV7TR, STM32WL5MOCH6, STM32WL5MOCH6TR]
2025-07-08 22:25:17,001 [INFO] DbMcus:218 - Found 4747 MCUs, 4747 are supported
2025-07-08 22:25:17,002 [INFO] ApiDb:423 - Load user favorites file /home/adrian/.stm32cubeide/favorites.mcus.txt: 0 item(s)
2025-07-08 22:25:17,002 [INFO] ApiDb:427 - User favorites MCUs=[]
2025-07-08 22:25:17,002 [INFO] DbMcus:224 - Set 0 / 0 favorites MCUs
2025-07-08 22:25:17,363 [INFO] ApiDb:448 - Save user favorites file /home/adrian/.stm32cubeide/favorites.boards.txt: 0 item(s)
2025-07-08 22:25:17,363 [INFO] ApiDb:452 - User favorites Boards=[]
2025-07-08 22:25:17,364 [INFO] ApiDb:581 - Connected to CubeFinder SQLite database (/home/adrian/.stmcufinder/plugins/mcufinder/mcu/cube-finder-db.db)
2025-07-08 22:25:17,404 [INFO] ApiDb:668 - CubeFinder database Data Model version=2.1
2025-07-08 22:25:17,404 [INFO] ApiDb:669 - CubeFinder database Configuration version=3.0.39
2025-07-08 22:25:17,404 [INFO] ApiDb:670 - CubeFinder database generation date=2025-06-24 (1750757100)
2025-07-08 22:25:17,404 [INFO] ApiDb:671 - CubeFinder database FW Pack versions=[FP-ATR-ASTRA1_V2.0.0, FP-SNS-FLIGHT1_V5.1.0, FP-SNS-MOTENV1_V5.0.0, FP-SNS-MOTENVWB1_V1.4.0, FP-SNS-SMARTAG2_V1.2.0, FP-SNS-STBOX1_V2.0.0, STM32Cube_FW_C0_V1.4.0, STM32Cube_FW_F4_V1.28.2, STM32Cube_FW_F7_V1.17.3, STM32Cube_FW_G0_V1.6.2, STM32Cube_FW_G4_V1.6.1, STM32Cube_FW_H5_V1.5.0, STM32Cube_FW_H7RS_V1.2.0, STM32Cube_FW_H7_V1.12.1, STM32Cube_FW_L0_V1.12.2, STM32Cube_FW_L4_V1.18.1, STM32Cube_FW_L5_V1.5.1, STM32Cube_FW_N6_V1.2.0, STM32Cube_FW_U0_V1.3.0, STM32Cube_FW_U3_V1.2.0, STM32Cube_FW_U5_V1.8.0, STM32Cube_FW_WB0_V1.3.0, STM32Cube_FW_WBA_V1.7.0, STM32Cube_FW_WB_V1.23.0, STM32Cube_FW_WL3_V1.2.0, STM32Cube_FW_WL_V1.3.1, X-CUBE-ALGOBUILD_V1.4.0, X-CUBE-ALS_V1.0.2, X-CUBE-AZRTOS-F4_V1.1.0, X-CUBE-AZRTOS-F7_V1.1.0, X-CUBE-AZRTOS-G0_V1.1.0, X-CUBE-AZRTOS-G4_V2.0.0, X-CUBE-AZRTOS-H7RS_V1.1.0, X-CUBE-AZRTOS-H7_V3.3.0, X-CUBE-AZRTOS-L4_V2.0.0, X-CUBE-AZRTOS-L5_V2.0.0, X-CUBE-AZRTOS-WB_V2.0.0, X-CUBE-AZRTOS-WL_V2.0.0, X-CUBE-BLE1_V7.1.0, X-CUBE-BLE2_V3.3.0, X-CUBE-BLEMGR_V4.0.0, X-CUBE-EEPRMA1_V5.1.0, X-CUBE-FREERTOS_V1.3.1, X-CUBE-GNSS1_V6.0.0, X-CUBE-MEMS1_V11.3.0, X-CUBE-NFC4_V3.0.0, X-CUBE-NFC7_V2.0.0, X-CUBE-SFXS2LP1_V4.0.0, X-CUBE-SUBG2_V5.0.0, X-CUBE-TOF1_V3.4.3]
2025-07-08 22:25:17,437 [INFO] DbBoardsSqlite:226 - include board P-NUCLEO-WB55-NUCLEO as a kit item of type 'Nucleo-64'
2025-07-08 22:25:17,437 [INFO] DbBoardsSqlite:226 - include board P-NUCLEO-WB55-USBDONGLE as a kit item of type 'Nucleo USB Dongle'
2025-07-08 22:25:17,437 [INFO] DbBoardsSqlite:226 - include board STEVAL-IDP005V1 as a kit item of type 'Evaluation Board'
2025-07-08 22:25:17,438 [INFO] DbBoardsSqlite:226 - include board STEVAL-IDP005V2 as a kit item of type 'Evaluation Board'
2025-07-08 22:25:17,471 [INFO] ApiDb:240 - Found 895 in-development CPN: [B-G473E-ZEST1S, B-WB1M-WPAN1, B-WBA5M-WPAN, B-WL5M-SUBG1, NUCLEO-C031C6, NUCLEO-C051C8, NUCLEO-C071RB, NUCLEO-C092RC, NUCLEO-H503RB, NUCLEO-H533RE, NUCLEO-H563ZI, NUCLEO-H7S3L8, NUCLEO-N657X0-Q, NUCLEO-U031R8, NUCLEO-U083RC, NUCLEO-U385RG-Q, NUCLEO-U545RE-Q, NUCLEO-U5A5ZJ-Q, NUCLEO-WB05KZ, NUCLEO-WB07CC, NUCLEO-WB09KE, NUCLEO-WBA52CG, NUCLEO-WBA55CG, NUCLEO-WBA65RI, NUCLEO-WL33CC1, NUCLEO-WL33CC2, STEVAL-PROTEUS1, STEVAL-SMARTAG2, STEVAL-STWINBX1, STM320518-EVAL, STM32C0116-DK, STM32C011D6Y3TR, STM32C011D6Y6TR, STM32C011F4P3, STM32C011F4P6, STM32C011F4U3, STM32C011F4U6TR, STM32C011F6P3, STM32C011F6P6, STM32C011F6U3, STM32C011F6U6TR, STM32C011J4M3, STM32C011J4M6, STM32C011J6M3, STM32C011J6M6, STM32C0316-DK, STM32C031C4T3, STM32C031C4T6, STM32C031C4U3, STM32C031C4U6, STM32C031C6T3, STM32C031C6T6, STM32C031C6U3, STM32C031C6U6, STM32C031F4P3, STM32C031F4P6, STM32C031F6P3, STM32C031F6P6, STM32C031G4U3, STM32C031G4U6, STM32C031G6U3, STM32C031G6U6, STM32C031K4T3, STM32C031K4T6, STM32C031K4U3, STM32C031K4U6, STM32C031K6T3, STM32C031K6T6, STM32C031K6U3, STM32C031K6U6, STM32C051C6T6, STM32C051C6U6, STM32C051C8T6, STM32C051C8U6, STM32C051D8Y6TR, STM32C051F6P6, STM32C051F8P6, STM32C051G6U6, STM32C051G8U6, STM32C051K6T6, STM32C051K6U6, STM32C051K8T6, STM32C071C8T6, STM32C071C8T6N, STM32C071C8U6, STM32C071C8U6N, STM32C071CBT6, STM32C071CBT6N, STM32C071CBU6, STM32C071CBU6N, STM32C071F8P6, STM32C071F8P6N, STM32C071FBP6, STM32C071FBP6N, STM32C071FBY6TR, STM32C071G8U6, STM32C071G8U6N, STM32C071GBU6, STM32C071GBU6N, STM32C071K8T6, STM32C071K8T6N, STM32C071K8U6, STM32C071K8U6N, STM32C071KBT6, STM32C071KBT6N, STM32C071KBU6, STM32C071KBU6N, STM32C071R8T6, STM32C071R8T6N, STM32C071RBI6N, STM32C071RBT6, STM32C071RBT6N, STM32C091CBT6, STM32C091CBU6, STM32C091CCT6, STM32C091CCU6, STM32C091ECY6TR, STM32C091FBP6, STM32C091FCP6, STM32C091GBU6, STM32C091GCU6, STM32C091KBT6, STM32C091KBU6, STM32C091KCT6, STM32C091KCU6, STM32C091RBT6, STM32C091RCI6, STM32C091RCT6, STM32C092CBT6, STM32C092CBU6, STM32C092CCT6, STM32C092CCU6, STM32C092ECY6TR, STM32C092FBP6, STM32C092FCP6, STM32C092GBU6, STM32C092GCU6, STM32C092KBT6, STM32C092KBU6, STM32C092KCT6, STM32C092KCU6, STM32C092RBT6, STM32C092RCI6, STM32C092RCT6, STM32G071K8TXN, STM32G071K8UXN, STM32G081GBU6N, STM32G081KBT6N, STM32G081KBUXN, STM32G0B1CCT6N, STM32G0B1KCT6, STM32G0B1NEY6TR, STM32G0B1RCT6N, STM32G0C1CCT6, STM32G0C1CCT6N, STM32G0C1CCU6N, STM32G0C1CET6N, STM32G0C1CEU6N, STM32G0C1KCT6, STM32G0C1NEY6TR, STM32G0C1RCI6N, STM32G0C1RCT6N, STM32G0C1REI6N, STM32G0C1RET6N, STM32G0C1VCI6, STM32G0C1VEI6, STM32G411C6T3, STM32G411C6T6, STM32G411C6U3, STM32G411C6U6, STM32G411C8T3, STM32G411C8T6, STM32G411C8U3, STM32G411C8U6, STM32G411CBT3, STM32G411CBT6, STM32G411CBU3, STM32G411CBU6, STM32G411CCT3, STM32G411CCT6, STM32G411CCU3, STM32G411CCU6, STM32G411K6T3, STM32G411K6T6, STM32G411K6U3, STM32G411K6U6, STM32G411K8T3, STM32G411K8T6, STM32G411K8U3, STM32G411K8U6, STM32G411KBT3, STM32G411KBT6, STM32G411KBU3, STM32G411KBU6, STM32G411M6T3, STM32G411M6T6, STM32G411M8T3, STM32G411M8T6, STM32G411MBT3, STM32G411MBT6, STM32G411MCT3, STM32G411MCT6, STM32G411R6T3, STM32G411R6T6, STM32G411R8T3, STM32G411R8T6, STM32G411RBT3, STM32G411RBT6, STM32G411RCT3, STM32G411RCT6, STM32G414CBT3, STM32G414CBT6, STM32G414CBU3, STM32G414CBU6, STM32G414CCT3, STM32G414CCT6, STM32G414CCU3, STM32G414CCU6, STM32G414MBT3, STM32G414MBT6, STM32G414MCT3, STM32G414MCT6, STM32G414RBT3, STM32G414RBT6, STM32G414RCT3, STM32G414RCT6, STM32G414VBT3, STM32G414VBT6, STM32G414VCT3, STM32G414VCT6, STM32G431CBT3Z, STM32G431RBT3Z, STM32G471CCT6, STM32G471CCU6, STM32G471CET3, STM32G471CET6, STM32G471CEU3, STM32G471CEU6, STM32G471MCT6, STM32G471MET3, STM32G471MET6, STM32G471MEY6TR, STM32G471QCT6, STM32G471QET3, STM32G471RCT6, STM32G471RET3, STM32G471RET6, STM32G471VCH6, STM32G471VCI6, STM32G471VCT6, STM32G471VEH3, STM32G471VEH6, STM32G471VEI3, STM32G471VEI6, STM32G471VET3, STM32G471VET6, STM32G473QET3Z, STM32G473RET3Z, STM32G474CCT6, STM32G491RET3Z, STM32H503CBT6, STM32H503CBU6, STM32H503EBY6TR, STM32H503KBU6, STM32H503RBT6, STM32H523CCT6, STM32H523CCU6, STM32H523CET6, STM32H523CEU6, STM32H523HEY6TR, STM32H523RCT6, STM32H523RET6, STM32H523VCI6, STM32H523VCT6, STM32H523VEI6, STM32H523VET6, STM32H523ZCJ6, STM32H523ZCT6, STM32H523ZEJ6, STM32H523ZET6, STM32H533CET6, STM32H533CEU6, STM32H533HEY6TR, STM32H533RET6, STM32H533VEI6, STM32H533VET6, STM32H533ZEJ6, STM32H533ZET6, STM32H562AGI6, STM32H562AII6, STM32H562IGK6, STM32H562IGT6, STM32H562IIK6, STM32H562IIT6, STM32H562RGT6, STM32H562RGV6, STM32H562RIT6, STM32H562RIV6, STM32H562VGT6, STM32H562VIT6, STM32H562ZGT6, STM32H562ZIT6, STM32H563AGI6, STM32H563AII3Q, STM32H563AII6, STM32H563IGK6, STM32H563IGT6, STM32H563IIK3Q, STM32H563IIK6, STM32H563IIT3Q, STM32H563IIT6, STM32H563MIY3QTR, STM32H563RGT6, STM32H563RGV6, STM32H563RIT6, STM32H563RIV6, STM32H563VGT6, STM32H563VIT3Q, STM32H563VIT6, STM32H563ZGT6, STM32H563ZIT3Q, STM32H563ZIT6, STM32H573AII3Q, STM32H573AII6, STM32H573I-DK, STM32H573IIK3Q, STM32H573IIK6, STM32H573IIT3Q, STM32H573IIT6, STM32H573MIY3QTR, STM32H573RIT6, STM32H573RIV6, STM32H573VIT3Q, STM32H573VIT6, STM32H573ZIT3Q, STM32H573ZIT6, STM32H7R3A8I6, STM32H7R3I8K6, STM32H7R3I8T6, STM32H7R3L8H6, STM32H7R3L8H6H, STM32H7R3R8V6, STM32H7R3V8H6, STM32H7R3V8T6, STM32H7R3V8Y6TR, STM32H7R3Z8J6, STM32H7R3Z8T6, STM32H7R7A8I6, STM32H7R7I8K6, STM32H7R7I8T6, STM32H7R7L8H6, STM32H7R7L8H6H, STM32H7R7Z8J6, STM32H7S3A8I6, STM32H7S3I8K6, STM32H7S3I8T6, STM32H7S3L8H6, STM32H7S3L8H6H, STM32H7S3R8V6, STM32H7S3V8H6, STM32H7S3V8T6, STM32H7S3V8Y6TR, STM32H7S3Z8J6, STM32H7S3Z8T6, STM32H7S78-DK, STM32H7S7A8I6, STM32H7S7I8K6, STM32H7S7I8T6, STM32H7S7L8H6, STM32H7S7L8H6H, STM32H7S7Z8J6, STM32L4R5QGI6STR, STM32MP131AAE3, STM32MP131AAF3, STM32MP131AAG3, STM32MP131CAE3, STM32MP131CAF3, STM32MP131CAG3, STM32MP131DAE7, STM32MP131DAF7, STM32MP131DAG7, STM32MP131FAE7, STM32MP131FAF7, STM32MP131FAG7, STM32MP133AAE3, STM32MP133AAF3, STM32MP133AAG3, STM32MP133CAE3, STM32MP133CAF3, STM32MP133CAG3, STM32MP133DAE7, STM32MP133DAF7, STM32MP133DAG7, STM32MP133FAE7, STM32MP133FAF7, STM32MP133FAG7, STM32MP135AAE3, STM32MP135AAF3, STM32MP135AAG3, STM32MP135CAE3, STM32MP135CAF3, STM32MP135CAG3, STM32MP135DAE7, STM32MP135DAF7, STM32MP135DAG7, STM32MP135F-DK, STM32MP135FAE7, STM32MP135FAF7, STM32MP135FAF7T, STM32MP135FAF7U, STM32MP135FAG7, STM32MP231AAJ3, STM32MP231AAK3, STM32MP231AAL3, STM32MP231CAJ3, STM32MP231CAK3, STM32MP231CAL3, STM32MP231DAJ3, STM32MP231DAK3, STM32MP231DAL3, STM32MP231FAJ3, STM32MP231FAK3, STM32MP231FAL3, STM32MP233AAJ3, STM32MP233AAK3, STM32MP233AAL3, STM32MP233CAJ3, STM32MP233CAK3, STM32MP233CAL3, STM32MP233DAJ3, STM32MP233DAK3, STM32MP233DAL3, STM32MP233FAJ3, STM32MP233FAK3, STM32MP233FAL3, STM32MP235AAJ3, STM32MP235AAK3, STM32MP235AAL3, STM32MP235CAJ3, STM32MP235CAK3, STM32MP235CAL3, STM32MP235DAJ3, STM32MP235DAK3, STM32MP235DAL3, STM32MP235FAJ3, STM32MP235FAK3, STM32MP235FAL3, STM32MP251AAI3, STM32MP251AAJ3, STM32MP251AAK3, STM32MP251AAL3, STM32MP251CAI3, STM32MP251CAJ3, STM32MP251CAK3, STM32MP251CAL3, STM32MP251DAI3, STM32MP251DAJ3, STM32MP251DAK3, STM32MP251DAL3, STM32MP251FAI3, STM32MP251FAJ3, STM32MP251FAK3, STM32MP251FAL3, STM32MP253AAI3, STM32MP253AAJ3, STM32MP253AAK3, STM32MP253AAL3, STM32MP253CAI3, STM32MP253CAJ3, STM32MP253CAK3, STM32MP253CAL3, STM32MP253DAI3, STM32MP253DAJ3, STM32MP253DAK3, STM32MP253DAL3, STM32MP253FAI3, STM32MP253FAJ3, STM32MP253FAK3, STM32MP253FAL3, STM32MP255AAI3, STM32MP255AAJ3, STM32MP255AAK3, STM32MP255AAL3, STM32MP255CAI3, STM32MP255CAJ3, STM32MP255CAK3, STM32MP255CAL3, STM32MP255DAI3, STM32MP255DAJ3, STM32MP255DAK3, STM32MP255DAL3, STM32MP255FAI3, STM32MP255FAJ3, STM32MP255FAK3, STM32MP255FAL3, STM32MP257AAI3, STM32MP257AAJ3, STM32MP257AAK3, STM32MP257AAL3, STM32MP257CAI3, STM32MP257CAJ3, STM32MP257CAK3, STM32MP257CAL3, STM32MP257DAI3, STM32MP257DAJ3, STM32MP257DAK3, STM32MP257DAL3, STM32MP257F-DK, STM32MP257F-EV1, STM32MP257FAI3, STM32MP257FAJ3, STM32MP257FAK3, STM32MP257FAL3, STM32N645A0H3Q, STM32N645B0H3Q, STM32N645I0H3Q, STM32N645L0H3Q, STM32N645X0H3Q, STM32N645Z0H3Q, STM32N647A0H3Q, STM32N647B0H3Q, STM32N647I0H3Q, STM32N647L0H3Q, STM32N647X0H3Q, STM32N647Z0H3Q, STM32N655A0H3Q, STM32N655B0H3Q, STM32N655I0H3Q, STM32N655L0H3Q, STM32N655X0H3Q, STM32N655Z0H3Q, STM32N6570-DK, STM32N657A0H3Q, STM32N657B0H3Q, STM32N657I0H3Q, STM32N657L0H3Q, STM32N657X0H3Q, STM32N657Z0H3Q, STM32U031C6T6, STM32U031C6U6, STM32U031C8T6, STM32U031C8U6, STM32U031F4P6, STM32U031F6P6, STM32U031F8P6, STM32U031G6Y6TR, STM32U031G8Y6TR, STM32U031K4U6, STM32U031K6U6, STM32U031K8U6, STM32U031R6I6, STM32U031R6T6, STM32U031R8I6, STM32U031R8T6, STM32U073C8T6, STM32U073C8U6, STM32U073CBT6, STM32U073CBU6, STM32U073CCT6, STM32U073CCU6, STM32U073H8Y6TR, STM32U073HBY6TR, STM32U073HCY6TR, STM32U073K8U6, STM32U073KBU6, STM32U073KCU6, STM32U073M8I6, STM32U073M8T6, STM32U073MBI6, STM32U073MBT6, STM32U073MCI6, STM32U073MCT6, STM32U073R8I6, STM32U073R8T6, STM32U073RBI6, STM32U073RBT6, STM32U073RCI6, STM32U073RCT6, STM32U083C-DK, STM32U083CCT6, STM32U083CCU6, STM32U083HCY6TR, STM32U083KCU6, STM32U083MCI6, STM32U083MCT6, STM32U083RCI6, STM32U083RCT6, STM32U375CET6, STM32U375CET6Q, STM32U375CEU6, STM32U375CEU6Q, STM32U375CEY6QTR, STM32U375CGT6, STM32U375CGT6Q, STM32U375CGU6, STM32U375CGU6Q, STM32U375CGY6QTR, STM32U375KEU6, STM32U375KGU6, STM32U375REI6, STM32U375REI6Q, STM32U375RET6, STM32U375RET6Q, STM32U375REY6GTR, STM32U375REY6QTR, STM32U375RGI6, STM32U375RGI6Q, STM32U375RGT6, STM32U375RGT6Q, STM32U375RGY6GTR, STM32U375RGY6QTR, STM32U375VEI6, STM32U375VEI6Q, STM32U375VET6, STM32U375VET6Q, STM32U375VGI6, STM32U375VGI6Q, STM32U375VGT6, STM32U375VGT6Q, STM32U385CGT6, STM32U385CGT6Q, STM32U385CGU6, STM32U385CGU6Q, STM32U385CGY6QTR, STM32U385KGU6, STM32U385RGI6, STM32U385RGI6Q, STM32U385RGT6, STM32U385RGT6Q, STM32U385RGY6GTR, STM32U385RGY6QTR, STM32U385VGI6, STM32U385VGI6Q, STM32U385VGT6, STM32U385VGT6Q, STM32U535CBT6, STM32U535CBT6Q, STM32U535CBU6, STM32U535CBU6Q, STM32U535CCT6, STM32U535CCT6Q, STM32U535CCU6, STM32U535CCU6Q, STM32U535CET6, STM32U535CET6Q, STM32U535CEU6, STM32U535CEU6Q, STM32U535JEY6QTR, STM32U535NCY6QTR, STM32U535NEY6QTR, STM32U535RBI6, STM32U535RBI6Q, STM32U535RBT6, STM32U535RBT6Q, STM32U535RCI6, STM32U535RCI6Q, STM32U535RCT6, STM32U535RCT6Q, STM32U535REI6, STM32U535REI6Q, STM32U535RET6, STM32U535RET6Q, STM32U535VCI6, STM32U535VCI6Q, STM32U535VCT6, STM32U535VCT6Q, STM32U535VEI6, STM32U535VEI6Q, STM32U535VET6, STM32U535VET6Q, STM32U545CET6, STM32U545CET6Q, STM32U545CEU6, STM32U545CEU6Q, STM32U545JEY6QTR, STM32U545NEY6QTR, STM32U545REI6, STM32U545REI6Q, STM32U545RET6, STM32U545RET6Q, STM32U545VEI6, STM32U545VEI6Q, STM32U545VET6, STM32U545VET6Q, STM32U595AIH6, STM32U595AIH6Q, STM32U595AJH6, STM32U595AJH6Q, STM32U595QII6, STM32U595QII6Q, STM32U595QJI6, STM32U595QJI6Q, STM32U595RIT6, STM32U595RIT6Q, STM32U595RJT6, STM32U595RJT6Q, STM32U595VIT6, STM32U595VIT6Q, STM32U595VJT6, STM32U595VJT6Q, STM32U595ZIT6, STM32U595ZIT6Q, STM32U595ZIY6QTR, STM32U595ZJT6, STM32U595ZJT6Q, STM32U595ZJY6QTR, STM32U599BJY6QTR, STM32U599NIH6Q, STM32U599NJH6Q, STM32U599VIT6Q, STM32U599VJT6, STM32U599VJT6Q, STM32U599ZIT6Q, STM32U599ZIY6QTR, STM32U599ZJT6Q, STM32U599ZJY6QTR, STM32U5A5AJH6, STM32U5A5AJH6Q, STM32U5A5QII3Q , STM32U5A5QJI6, STM32U5A5QJI6Q, STM32U5A5RJT6, STM32U5A5RJT6Q, STM32U5A5VJT6, STM32U5A5VJT6Q, STM32U5A5ZJT6, STM32U5A5ZJT6Q, STM32U5A5ZJY6QTR, STM32U5A9BJY6QTR, STM32U5A9J-DK, STM32U5A9NJH6Q, STM32U5A9VJT6Q, STM32U5A9ZJT6Q, STM32U5A9ZJY6QTR, STM32U5F7VIT6, STM32U5F7VIT6Q, STM32U5F7VJT6, STM32U5F7VJT6Q, STM32U5F9BJY6QTR, STM32U5F9NJH6Q, STM32U5F9VIT6Q, STM32U5F9VJT6Q, STM32U5F9ZIJ6QTR, STM32U5F9ZIT6Q, STM32U5F9ZJJ6QTR, STM32U5F9ZJT6Q, STM32U5G7VJT6, STM32U5G7VJT6Q, STM32U5G9BJY6QTR, STM32U5G9J-DK1, STM32U5G9J-DK2, STM32U5G9NJH6Q, STM32U5G9VJT6Q, STM32U5G9ZJJ6QTR, STM32U5G9ZJT6Q, STM32WB05KZV6TR, STM32WB05KZV7TR, STM32WB05TZF6TR, STM32WB05TZF7TR, STM32WB06CCF6TR, STM32WB06CCF7TR, STM32WB06CCV6TR, STM32WB06CCV7TR, STM32WB06KCV6TR, STM32WB06KCV7TR, STM32WB07CCF6TR, STM32WB07CCF7TR, STM32WB07CCV6TR, STM32WB07CCV7TR, STM32WB07KCV6TR, STM32WB07KCV7TR, STM32WB09KEV6TR, STM32WB09KEV7TR, STM32WB09TEF6TR, STM32WB09TEF7TR, STM32WB1MMCH6, STM32WBA50KGU6, STM32WBA50KGU6TR, STM32WBA52CEU6, STM32WBA52CEU6TR, STM32WBA52CEU7, STM32WBA52CEU7TR, STM32WBA52CGU6, STM32WBA52CGU6TR, STM32WBA52CGU6U, STM32WBA52CGU7, STM32WBA52CGU7TR, STM32WBA52KEU6, STM32WBA52KEU6TR, STM32WBA52KGU6, STM32WBA52KGU6TR, STM32WBA54CEU6, STM32WBA54CEU6TR, STM32WBA54CEU7, STM32WBA54CEU7TR, STM32WBA54CGU6, STM32WBA54CGU6TR, STM32WBA54CGU7, STM32WBA54CGU7TR, STM32WBA54KEU6, STM32WBA54KEU6TR, STM32WBA54KEU7, STM32WBA54KEU7TR, STM32WBA54KGU6, STM32WBA54KGU6TR, STM32WBA54KGU7, STM32WBA54KGU7TR, STM32WBA55CEU6, STM32WBA55CEU6TR, STM32WBA55CEU7, STM32WBA55CEU7TR, STM32WBA55CGU6, STM32WBA55CGU6TR, STM32WBA55CGU6U, STM32WBA55CGU7, STM32WBA55CGU7TR, STM32WBA55G-DK1, STM32WBA55HEF6, STM32WBA55HEF7, STM32WBA55HGF6, STM32WBA55HGF7, STM32WBA55UEI6, STM32WBA55UEI6TR, STM32WBA55UEI7, STM32WBA55UEI7TR, STM32WBA55UGI6, STM32WBA55UGI6TR, STM32WBA55UGI7, STM32WBA55UGI7TR, STM32WBA5MJGH6TR, STM32WBA62CGU6, STM32WBA62CIU6, STM32WBA62MGF6, STM32WBA62MIF6, STM32WBA62PGI6, STM32WBA62PII6, STM32WBA63CGU6, STM32WBA63CGU7, STM32WBA63CIU6, STM32WBA63CIU7, STM32WBA64CGU6, STM32WBA64CGU7, STM32WBA64CIU6, STM32WBA64CIU7, STM32WBA65CGU6, STM32WBA65CGU7, STM32WBA65CIU6, STM32WBA65CIU7, STM32WBA65I-DK1, STM32WBA65MGF6, STM32WBA65MGF7, STM32WBA65MIF6, STM32WBA65MIF7, STM32WBA65PGI6, STM32WBA65PGI7, STM32WBA65PII6, STM32WBA65PII7, STM32WBA65RGV6, STM32WBA65RGV7, STM32WBA65RIV6, STM32WBA65RIV7, STM32WL30K8V6, STM32WL30KBV6, STM32WL31C8V6, STM32WL31CBV6, STM32WL31K8V6, STM32WL31KBV6, STM32WL33C8V6, STM32WL33C8V6TR, STM32WL33C8V7, STM32WL33C8V7TR, STM32WL33CBV6, STM32WL33CBV6TR, STM32WL33CBV7, STM32WL33CBV7TR, STM32WL33CCV6, STM32WL33CCV6TR, STM32WL33CCV7, STM32WL33CCV7A, STM32WL33CCV7ATR, STM32WL33CCV7TR, STM32WL33K8V6, STM32WL33K8V6TR, STM32WL33K8V7, STM32WL33K8V7TR, STM32WL33KBV6, STM32WL33KBV6TR, STM32WL33KBV7, STM32WL33KBV7TR, STM32WL33KCV6, STM32WL33KCV6TR, STM32WL33KCV7, STM32WL33KCV7TR, STM32WL5MOCH6, STM32WL5MOCH6TR]
2025-07-08 22:25:17,544 [INFO] BoardInfo:889 - No configuration file found for board P-NUCLEO-WB55
2025-07-08 22:25:17,545 [INFO] DbBoards:161 - Kit is not supported: P-NUCLEO-WB55
2025-07-08 22:25:17,547 [INFO] BoardInfo:889 - No configuration file found for board STEVAL-BFA001V1B
2025-07-08 22:25:17,547 [INFO] DbBoards:161 - Kit is not supported: STEVAL-BFA001V1B
2025-07-08 22:25:17,548 [INFO] BoardInfo:889 - No configuration file found for board STEVAL-BFA001V2B
2025-07-08 22:25:17,548 [INFO] DbBoards:161 - Kit is not supported: STEVAL-BFA001V2B
2025-07-08 22:25:17,627 [INFO] DbBoards:168 - Found 211 boards, 208 are supported
2025-07-08 22:25:17,627 [INFO] DbBoards:169 - Found 211 boards, 43 of them is supported for  Bsp
2025-07-08 22:25:17,629 [INFO] ApiDb:423 - Load user favorites file /home/adrian/.stm32cubeide/favorites.boards.txt: 0 item(s)
2025-07-08 22:25:17,629 [INFO] ApiDb:427 - User favorites Boards=[]
2025-07-08 22:25:17,629 [INFO] DbBoards:198 - Set 0 / 0 favorites Boards
2025-07-08 22:25:18,227 [INFO] ServerAccessManage:473 - Download File 
2025-07-08 22:25:18,255 [INFO] LoadUrlFilesThread:185 - End of LoadServerUrlFiles without Thread
2025-07-08 22:25:18,256 [INFO] FinderAction:114 - Refresh all data is successful
2025-07-08 22:25:37,156 [INFO] McuFinderGlobals:63 - Set McuFinder mode to 2 (CubeIDE integrated)
2025-07-08 22:25:37,156 [INFO] UserAuth:171 - activating auth plugin
2025-07-08 22:25:37,157 [INFO] UserAuth:484 - Internet connection configuration mode: 1
2025-07-08 22:26:50,714 [INFO] WebApp:650 - userauth.ini created with success
2025-07-08 22:26:58,658 [INFO] MainUpdater:2872 - connection check result : 10
2025-07-08 22:26:59,048 [INFO] CheckServerUpdateThread:120 - End of CheckServer Thread
2025-07-08 22:28:59,272 [INFO] MainUpdater:2872 - connection check result : 10
2025-07-08 22:28:59,273 [INFO] MainUpdater:2872 - connection check result : 10
2025-07-08 22:28:59,285 [INFO] MicroXplorer:468 - Change Database Path : 
2025-07-08 22:28:59,286 [INFO] MicroXplorer:498 - Change Database Version : DB.6.0.141
2025-07-08 22:28:59,292 [ERROR] ProjectManagerView:395 - 
java.lang.NullPointerException: Cannot invoke "javax.swing.JTextField.getText()" because the return value of "java.util.List.get(int)" is null
	at com.st.microxplorer.plugins.projectmanager.gui.ProjectChoiceTab$9.caretUpdate(ProjectChoiceTab.java:2678) ~[filemanager.jar:?]
	at javax.swing.text.JTextComponent.fireCaretUpdate(JTextComponent.java:408) ~[?:?]
	at javax.swing.text.JTextComponent$MutableCaretEvent.fire(JTextComponent.java:4484) ~[?:?]
	at javax.swing.text.JTextComponent$MutableCaretEvent.stateChanged(JTextComponent.java:4506) ~[?:?]
	at javax.swing.text.DefaultCaret.fireStateChanged(DefaultCaret.java:857) ~[?:?]
	at javax.swing.text.DefaultCaret.changeCaretPosition(DefaultCaret.java:1343) ~[?:?]
	at javax.swing.text.DefaultCaret.handleSetDot(DefaultCaret.java:1242) ~[?:?]
	at javax.swing.text.DefaultCaret.setDot(DefaultCaret.java:1223) ~[?:?]
	at javax.swing.text.DefaultCaret$Handler.insertUpdate(DefaultCaret.java:1819) ~[?:?]
	at javax.swing.text.AbstractDocument.fireInsertUpdate(AbstractDocument.java:227) ~[?:?]
	at javax.swing.text.AbstractDocument.handleInsertString(AbstractDocument.java:781) ~[?:?]
	at javax.swing.text.AbstractDocument.insertString(AbstractDocument.java:740) ~[?:?]
	at javax.swing.text.PlainDocument.insertString(PlainDocument.java:131) ~[?:?]
	at javax.swing.text.AbstractDocument.replace(AbstractDocument.java:699) ~[?:?]
	at javax.swing.text.JTextComponent.setText(JTextComponent.java:1725) ~[?:?]
	at com.st.microxplorer.plugins.projectmanager.gui.ProjectChoiceTab.createHeapStackFields(ProjectChoiceTab.java:979) ~[filemanager.jar:?]
	at com.st.microxplorer.plugins.projectmanager.gui.ProjectChoiceTab.buildLinkSettingsPanel(ProjectChoiceTab.java:3766) ~[filemanager.jar:?]
	at com.st.microxplorer.plugins.projectmanager.gui.ProjectChoiceTab.defineWindowsFields(ProjectChoiceTab.java:1962) ~[filemanager.jar:?]
	at com.st.microxplorer.plugins.projectmanager.gui.ProjectChoiceTab.updateSettings(ProjectChoiceTab.java:555) ~[filemanager.jar:?]
	at com.st.microxplorer.plugins.projectmanager.gui.ProjectSettingsPanel.UpdateDialog(ProjectSettingsPanel.java:245) ~[filemanager.jar:?]
	at com.st.microxplorer.plugins.projectmanager.ProjectManagerView.propertyChange(ProjectManagerView.java:392) ~[filemanager.jar:?]
	at java.beans.PropertyChangeSupport.fire(PropertyChangeSupport.java:343) ~[?:?]
	at java.beans.PropertyChangeSupport.firePropertyChange(PropertyChangeSupport.java:335) ~[?:?]
	at java.beans.PropertyChangeSupport.firePropertyChange(PropertyChangeSupport.java:268) ~[?:?]
	at com.st.microxplorer.util.MXPropertyChangeSupport.firePropertyChange(MXPropertyChangeSupport.java:54) ~[STM32CubeMX.jar:?]
	at com.st.microxplorer.mxsystem.MxSystem.closeConfig(MxSystem.java:899) ~[STM32CubeMX.jar:?]
	at com.st.microxplorer.maingui.MainPanel.closeConfig(MainPanel.java:789) ~[STM32CubeMX.jar:?]
	at com.st.microxplorer.plugins.filemanager.engine.OpenFileManager.loadConfigurationFile(OpenFileManager.java:287) ~[filemanager.jar:?]
	at com.st.microxplorer.plugins.filemanager.engine.MainFileManager.userLoadConfig(MainFileManager.java:341) ~[filemanager.jar:?]
	at com.st.microxplorer.plugins.filemanager.engine.MainFileManager.userLoadConfig(MainFileManager.java:319) ~[filemanager.jar:?]
	at com.st.microxplorer.plugins.filemanager.FileManagerView.getSpecificTask(FileManagerView.java:246) ~[filemanager.jar:?]
	at com.st.stm32cube.common.mx.editor.CubeMxEditor.getMxTabbedPaneInstance(CubeMxEditor.java:1198) ~[com.st.stm32cube.common.mx_6.14.1.202504091515/:?]
	at com.st.stm32cube.common.mx.editor.CubeMxEditor$12$1.createSwingComponent(CubeMxEditor.java:1068) ~[com.st.stm32cube.common.mx_6.14.1.202504091515/:?]
	at com.st.stm32cube.common.mx.oss.core.awtswtbridge.EmbeddedSwingComposite.doComponentCreation(EmbeddedSwingComposite.java:492) ~[com.st.stm32cube.common.mx.oss_6.14.1.202504091515/:?]
	at com.st.stm32cube.common.mx.oss.core.awtswtbridge.EmbeddedSwingComposite$4.run(EmbeddedSwingComposite.java:291) ~[com.st.stm32cube.common.mx.oss_6.14.1.202504091515/:?]
	at com.st.stm32cube.common.mx.oss.core.awtswtbridge.AwtEnvironment$2.run(AwtEnvironment.java:166) ~[com.st.stm32cube.common.mx.oss_6.14.1.202504091515/:?]
	at java.awt.event.InvocationEvent.dispatch(InvocationEvent.java:318) ~[?:?]
	at java.awt.EventQueue.dispatchEventImpl(EventQueue.java:773) ~[?:?]
	at java.awt.EventQueue$4.run(EventQueue.java:720) ~[?:?]
	at java.awt.EventQueue$4.run(EventQueue.java:714) ~[?:?]
	at java.security.AccessController.doPrivileged(AccessController.java:400) ~[?:?]
	at java.security.ProtectionDomain$JavaSecurityAccessImpl.doIntersectionPrivilege(ProtectionDomain.java:87) ~[?:?]
	at java.awt.EventQueue.dispatchEvent(EventQueue.java:742) ~[?:?]
	at java.awt.EventDispatchThread.pumpOneEventForFilters(EventDispatchThread.java:203) ~[?:?]
	at java.awt.EventDispatchThread.pumpEventsForFilter(EventDispatchThread.java:124) ~[?:?]
	at java.awt.EventDispatchThread.pumpEventsForHierarchy(EventDispatchThread.java:113) ~[?:?]
	at java.awt.EventDispatchThread.pumpEvents(EventDispatchThread.java:109) ~[?:?]
	at java.awt.EventDispatchThread.pumpEvents(EventDispatchThread.java:101) ~[?:?]
	at java.awt.EventDispatchThread.run(EventDispatchThread.java:90) ~[?:?]
2025-07-08 22:28:59,293 [WARN] ThirdParty:871 - waiting for thirdparty lock release [close project]
2025-07-08 22:28:59,293 [INFO] ThirdParty:873 - entering critical section [close project]
2025-07-08 22:28:59,293 [INFO] ThirdParty:883 - exiting critical section [close project]
2025-07-08 22:28:59,294 [INFO] PinOutPanel:1589 - setPackage(No Configuration,No Configuration)
2025-07-08 22:28:59,298 [WARN] IpParametersView:155 - Warning: This peripheral hasn't parameters
2025-07-08 22:28:59,300 [WARN] MainPanel:289 - <html><b><center>Warning: This peripheral has no parameters to be configured<br></b></html>
2025-07-08 22:28:59,302 [INFO] UtilMem:75 - Begin LoadConfig() Used Memory: 919601152 Bytes (1073741824)
2025-07-08 22:28:59,302 [INFO] MicroXplorer:468 - Change Database Path : 
2025-07-08 22:28:59,302 [INFO] MicroXplorer:498 - Change Database Version : DB.6.0.141
2025-07-08 22:28:59,302 [INFO] OpenFileManager:354 - Change cursor
2025-07-08 22:28:59,308 [INFO] RulesReader:64 - Compatibility file has been processed (302 Rules)
2025-07-08 22:28:59,310 [INFO] Mcu:2011 - Initializing MCU STM32F411C(C-E)Ux STM32F411CEUx STM32F411CEU6
2025-07-08 22:28:59,699 [INFO] Context:756 - Trying to add GPIOservice into a context  which must be forbidden
2025-07-08 22:28:59,814 [INFO] ImportTextPane:218 - (OptionalMessage_ERROR) Pin25 (VP_RIF_VS_RIF1) cannot be retrieved for this MCU
2025-07-08 22:28:59,826 [INFO] RtosManager:558 - Registered RTOS mode: class=CMSIS, group=RTOS, mode=CMSIS_V1, owner=FREERTOS
2025-07-08 22:28:59,826 [INFO] RtosManager:558 - Registered RTOS mode: class=CMSIS, group=RTOS2, mode=CMSIS_V2, owner=FREERTOS
2025-07-08 22:28:59,826 [INFO] RtosManager:558 - Registered RTOS mode: class=RTOS, group=Core, mode=CMSIS_V1, owner=FREERTOS
2025-07-08 22:28:59,826 [INFO] RtosManager:558 - Registered RTOS mode: class=RTOS, group=Core, mode=CMSIS_V2, owner=FREERTOS
2025-07-08 22:28:59,826 [WARN] ModelIntegratedComponent:184 - Missing modes for component STMicroelectronics:FreeRTOS:0.0.1:STMicroelectronics:RTOS:FreeRTOS:Core:::10.2.0:
2025-07-08 22:28:59,828 [WARN] ModelIntegratedComponent:182 - Modes not found for component STMicroelectronics:USB_HOST:1.0.0:STMicroelectronics:USB::USB Host:Audio HS::1.0:USB_HOST_1_0_RESTRICTED_HS
2025-07-08 22:28:59,828 [WARN] ModelIntegratedComponent:188 - Modes not found for component STMicroelectronics:USB_HOST:1.0.0:STMicroelectronics:USB::USB Host:Audio HS::1.0:USB_HOST_1_0_RESTRICTED_HS
2025-07-08 22:28:59,828 [WARN] ModelIntegratedComponent:182 - Modes not found for component STMicroelectronics:USB_HOST:1.0.0:STMicroelectronics:USB::USB Host:CDC HS::1.0:USB_HOST_1_0_RESTRICTED_HS
2025-07-08 22:28:59,828 [WARN] ModelIntegratedComponent:188 - Modes not found for component STMicroelectronics:USB_HOST:1.0.0:STMicroelectronics:USB::USB Host:CDC HS::1.0:USB_HOST_1_0_RESTRICTED_HS
2025-07-08 22:28:59,828 [WARN] ModelIntegratedComponent:182 - Modes not found for component STMicroelectronics:USB_HOST:1.0.0:STMicroelectronics:USB::USB Host:MSC HS::1.0:USB_HOST_1_0_RESTRICTED_HS
2025-07-08 22:28:59,828 [WARN] ModelIntegratedComponent:188 - Modes not found for component STMicroelectronics:USB_HOST:1.0.0:STMicroelectronics:USB::USB Host:MSC HS::1.0:USB_HOST_1_0_RESTRICTED_HS
2025-07-08 22:28:59,828 [WARN] ModelIntegratedComponent:182 - Modes not found for component STMicroelectronics:USB_HOST:1.0.0:STMicroelectronics:USB::USB Host:HID HS::1.0:USB_HOST_1_0_RESTRICTED_HS
2025-07-08 22:28:59,828 [WARN] ModelIntegratedComponent:188 - Modes not found for component STMicroelectronics:USB_HOST:1.0.0:STMicroelectronics:USB::USB Host:HID HS::1.0:USB_HOST_1_0_RESTRICTED_HS
2025-07-08 22:28:59,828 [WARN] ModelIntegratedComponent:182 - Modes not found for component STMicroelectronics:USB_HOST:1.0.0:STMicroelectronics:USB::USB Host:MTP HS::1.0:USB_HOST_1_0_RESTRICTED_HS
2025-07-08 22:28:59,828 [WARN] ModelIntegratedComponent:188 - Modes not found for component STMicroelectronics:USB_HOST:1.0.0:STMicroelectronics:USB::USB Host:MTP HS::1.0:USB_HOST_1_0_RESTRICTED_HS
2025-07-08 22:28:59,830 [WARN] ModelIntegratedComponent:63 - No mode defined for component null
2025-07-08 22:28:59,830 [WARN] ModelIntegratedComponent:63 - No mode defined for component null
2025-07-08 22:28:59,830 [WARN] ModelIntegratedComponent:63 - No mode defined for component null
2025-07-08 22:28:59,830 [WARN] ModelIntegratedComponent:63 - No mode defined for component null
2025-07-08 22:28:59,830 [WARN] ModelIntegratedComponent:63 - No mode defined for component null
2025-07-08 22:28:59,831 [WARN] ModelIntegratedComponent:63 - No mode defined for component null
2025-07-08 22:28:59,831 [WARN] ModelIntegratedComponent:63 - No mode defined for component null
2025-07-08 22:28:59,831 [WARN] ModelIntegratedComponent:63 - No mode defined for component null
2025-07-08 22:28:59,831 [WARN] ModelIntegratedComponent:63 - No mode defined for component null
2025-07-08 22:28:59,831 [WARN] ModelIntegratedComponent:63 - No mode defined for component null
2025-07-08 22:28:59,831 [WARN] ModelIntegratedComponent:63 - No mode defined for component null
2025-07-08 22:28:59,831 [WARN] ModelIntegratedComponent:63 - No mode defined for component null
2025-07-08 22:28:59,831 [WARN] ModelIntegratedComponent:63 - No mode defined for component null
2025-07-08 22:28:59,831 [WARN] ModelIntegratedComponent:63 - No mode defined for component null
2025-07-08 22:28:59,831 [WARN] ModelIntegratedComponent:63 - No mode defined for component null
2025-07-08 22:28:59,831 [WARN] ModelIntegratedComponent:63 - No mode defined for component null
2025-07-08 22:28:59,831 [WARN] ModelIntegratedComponent:63 - No mode defined for component null
2025-07-08 22:28:59,831 [WARN] ModelIntegratedComponent:63 - No mode defined for component null
2025-07-08 22:28:59,831 [WARN] ModelIntegratedComponent:63 - No mode defined for component null
2025-07-08 22:28:59,831 [WARN] ModelIntegratedComponent:63 - No mode defined for component null
2025-07-08 22:28:59,831 [WARN] ModelIntegratedComponent:63 - No mode defined for component null
2025-07-08 22:28:59,831 [WARN] ModelIntegratedComponent:63 - No mode defined for component null
2025-07-08 22:28:59,831 [WARN] ModelIntegratedComponent:63 - No mode defined for component null
2025-07-08 22:28:59,831 [WARN] ModelIntegratedComponent:63 - No mode defined for component null
2025-07-08 22:28:59,831 [WARN] ModelIntegratedComponent:63 - No mode defined for component null
2025-07-08 22:28:59,831 [WARN] ModelIntegratedComponent:63 - No mode defined for component null
2025-07-08 22:28:59,831 [WARN] ModelIntegratedComponent:63 - No mode defined for component null
2025-07-08 22:28:59,831 [WARN] ModelIntegratedComponent:63 - No mode defined for component null
2025-07-08 22:28:59,831 [WARN] ModelIntegratedComponent:63 - No mode defined for component null
2025-07-08 22:28:59,831 [WARN] ModelIntegratedComponent:63 - No mode defined for component null
2025-07-08 22:28:59,831 [WARN] ModelIntegratedComponent:63 - No mode defined for component null
2025-07-08 22:28:59,831 [WARN] ModelIntegratedComponent:63 - No mode defined for component null
2025-07-08 22:28:59,831 [WARN] ModelIntegratedComponent:63 - No mode defined for component null
2025-07-08 22:28:59,831 [WARN] ModelIntegratedComponent:63 - No mode defined for component null
2025-07-08 22:28:59,831 [WARN] ModelIntegratedComponent:63 - No mode defined for component null
2025-07-08 22:28:59,831 [WARN] ModelPack:524 - Component already loaded: STMicroelectronics:HAL Drivers:0.0.0:STMicroelectronics:Device:STMicro_Driver:XSPI:HAL::0.0.1:HAL_XSPI
2025-07-08 22:28:59,871 [WARN] ModelIntegratedComponent:182 - Modes not found for component STMicroelectronics:USB_DEVICE:1.0.0:STMicroelectronics:USB::USB Device:Audio HS::1.0:USB_DEVICE_1_0_RESTRICTED_HS
2025-07-08 22:28:59,871 [WARN] ModelIntegratedComponent:188 - Modes not found for component STMicroelectronics:USB_DEVICE:1.0.0:STMicroelectronics:USB::USB Device:Audio HS::1.0:USB_DEVICE_1_0_RESTRICTED_HS
2025-07-08 22:28:59,871 [WARN] ModelIntegratedComponent:182 - Modes not found for component STMicroelectronics:USB_DEVICE:1.0.0:STMicroelectronics:USB::USB Device:CDC HS::1.0:USB_DEVICE_1_0_RESTRICTED_HS
2025-07-08 22:28:59,871 [WARN] ModelIntegratedComponent:188 - Modes not found for component STMicroelectronics:USB_DEVICE:1.0.0:STMicroelectronics:USB::USB Device:CDC HS::1.0:USB_DEVICE_1_0_RESTRICTED_HS
2025-07-08 22:28:59,871 [WARN] ModelIntegratedComponent:182 - Modes not found for component STMicroelectronics:USB_DEVICE:1.0.0:STMicroelectronics:USB::USB Device:DFU HS::1.0:USB_DEVICE_1_0_RESTRICTED_HS
2025-07-08 22:28:59,871 [WARN] ModelIntegratedComponent:188 - Modes not found for component STMicroelectronics:USB_DEVICE:1.0.0:STMicroelectronics:USB::USB Device:DFU HS::1.0:USB_DEVICE_1_0_RESTRICTED_HS
2025-07-08 22:28:59,871 [WARN] ModelIntegratedComponent:182 - Modes not found for component STMicroelectronics:USB_DEVICE:1.0.0:STMicroelectronics:USB::USB Device:HID HS::1.0:USB_DEVICE_1_0_RESTRICTED_HS
2025-07-08 22:28:59,871 [WARN] ModelIntegratedComponent:188 - Modes not found for component STMicroelectronics:USB_DEVICE:1.0.0:STMicroelectronics:USB::USB Device:HID HS::1.0:USB_DEVICE_1_0_RESTRICTED_HS
2025-07-08 22:28:59,871 [WARN] ModelIntegratedComponent:182 - Modes not found for component STMicroelectronics:USB_DEVICE:1.0.0:STMicroelectronics:USB::USB Device:Custom HID HS::1.0:USB_DEVICE_1_0_RESTRICTED_HS
2025-07-08 22:28:59,871 [WARN] ModelIntegratedComponent:188 - Modes not found for component STMicroelectronics:USB_DEVICE:1.0.0:STMicroelectronics:USB::USB Device:Custom HID HS::1.0:USB_DEVICE_1_0_RESTRICTED_HS
2025-07-08 22:28:59,871 [WARN] ModelIntegratedComponent:182 - Modes not found for component STMicroelectronics:USB_DEVICE:1.0.0:STMicroelectronics:USB::USB Device:MSC HS::1.0:USB_DEVICE_1_0_RESTRICTED_HS
2025-07-08 22:28:59,871 [WARN] ModelIntegratedComponent:188 - Modes not found for component STMicroelectronics:USB_DEVICE:1.0.0:STMicroelectronics:USB::USB Device:MSC HS::1.0:USB_DEVICE_1_0_RESTRICTED_HS
2025-07-08 22:28:59,877 [INFO] ThirdPartyModel:298 - Start build external matchings
2025-07-08 22:29:00,094 [INFO] ThirdPartyModel:316 - End build external matchings
2025-07-08 22:29:00,101 [INFO] ImportTextPane:218 - (OptionalMessage_ERROR) IP (DMA) : Parameter (Instance) has Id (I2C1_TX) currently not set
2025-07-08 22:29:00,101 [INFO] ImportTextPane:218 - (OptionalMessage_ERROR) IP (DMA) : Parameter (Channel) has Id (I2C1_TX) currently not set
2025-07-08 22:29:00,101 [INFO] ImportTextPane:218 - (OptionalMessage_ERROR) IP (DMA) : Parameter (Direction) has Id (I2C1_TX) currently not set
2025-07-08 22:29:00,101 [INFO] ImportTextPane:218 - (OptionalMessage_ERROR) IP (DMA) : Parameter (PeriphInc) has Id (I2C1_TX) currently not set
2025-07-08 22:29:00,101 [INFO] ImportTextPane:218 - (OptionalMessage_ERROR) IP (DMA) : Parameter (MemInc) has Id (I2C1_TX) currently not set
2025-07-08 22:29:00,101 [INFO] ImportTextPane:218 - (OptionalMessage_ERROR) IP (DMA) : Parameter (PeriphDataAlignment) has Id (I2C1_TX) currently not set
2025-07-08 22:29:00,101 [INFO] ImportTextPane:218 - (OptionalMessage_ERROR) IP (DMA) : Parameter (MemDataAlignment) has Id (I2C1_TX) currently not set
2025-07-08 22:29:00,101 [INFO] ImportTextPane:218 - (OptionalMessage_ERROR) IP (DMA) : Parameter (Mode) has Id (I2C1_TX) currently not set
2025-07-08 22:29:00,101 [INFO] ImportTextPane:218 - (OptionalMessage_ERROR) IP (DMA) : Parameter (Priority) has Id (I2C1_TX) currently not set
2025-07-08 22:29:00,101 [INFO] ImportTextPane:218 - (OptionalMessage_ERROR) IP (DMA) : Parameter (FIFOMode) has Id (I2C1_TX) currently not set
2025-07-08 22:29:00,101 [INFO] ImportTextPane:218 - (OptionalMessage_ERROR) IP (DMA) : Parameter (Instance) has Id (USART1_RX) currently not set
2025-07-08 22:29:00,101 [INFO] ImportTextPane:218 - (OptionalMessage_ERROR) IP (DMA) : Parameter (Channel) has Id (USART1_RX) currently not set
2025-07-08 22:29:00,101 [INFO] ImportTextPane:218 - (OptionalMessage_ERROR) IP (DMA) : Parameter (Direction) has Id (USART1_RX) currently not set
2025-07-08 22:29:00,101 [INFO] ImportTextPane:218 - (OptionalMessage_ERROR) IP (DMA) : Parameter (PeriphInc) has Id (USART1_RX) currently not set
2025-07-08 22:29:00,101 [INFO] ImportTextPane:218 - (OptionalMessage_ERROR) IP (DMA) : Parameter (MemInc) has Id (USART1_RX) currently not set
2025-07-08 22:29:00,101 [INFO] ImportTextPane:218 - (OptionalMessage_ERROR) IP (DMA) : Parameter (PeriphDataAlignment) has Id (USART1_RX) currently not set
2025-07-08 22:29:00,101 [INFO] ImportTextPane:218 - (OptionalMessage_ERROR) IP (DMA) : Parameter (MemDataAlignment) has Id (USART1_RX) currently not set
2025-07-08 22:29:00,102 [INFO] ImportTextPane:218 - (OptionalMessage_ERROR) IP (DMA) : Parameter (Mode) has Id (USART1_RX) currently not set
2025-07-08 22:29:00,102 [INFO] ImportTextPane:218 - (OptionalMessage_ERROR) IP (DMA) : Parameter (Priority) has Id (USART1_RX) currently not set
2025-07-08 22:29:00,102 [INFO] ImportTextPane:218 - (OptionalMessage_ERROR) IP (DMA) : Parameter (FIFOMode) has Id (USART1_RX) currently not set
2025-07-08 22:29:00,102 [INFO] ImportTextPane:218 - (OptionalMessage_ERROR) IP (DMA) : Parameter (Instance) has Id (USART1_TX) currently not set
2025-07-08 22:29:00,102 [INFO] ImportTextPane:218 - (OptionalMessage_ERROR) IP (DMA) : Parameter (Channel) has Id (USART1_TX) currently not set
2025-07-08 22:29:00,102 [INFO] ImportTextPane:218 - (OptionalMessage_ERROR) IP (DMA) : Parameter (Direction) has Id (USART1_TX) currently not set
2025-07-08 22:29:00,102 [INFO] ImportTextPane:218 - (OptionalMessage_ERROR) IP (DMA) : Parameter (PeriphInc) has Id (USART1_TX) currently not set
2025-07-08 22:29:00,102 [INFO] ImportTextPane:218 - (OptionalMessage_ERROR) IP (DMA) : Parameter (MemInc) has Id (USART1_TX) currently not set
2025-07-08 22:29:00,102 [INFO] ImportTextPane:218 - (OptionalMessage_ERROR) IP (DMA) : Parameter (PeriphDataAlignment) has Id (USART1_TX) currently not set
2025-07-08 22:29:00,102 [INFO] ImportTextPane:218 - (OptionalMessage_ERROR) IP (DMA) : Parameter (MemDataAlignment) has Id (USART1_TX) currently not set
2025-07-08 22:29:00,102 [INFO] ImportTextPane:218 - (OptionalMessage_ERROR) IP (DMA) : Parameter (Mode) has Id (USART1_TX) currently not set
2025-07-08 22:29:00,102 [INFO] ImportTextPane:218 - (OptionalMessage_ERROR) IP (DMA) : Parameter (Priority) has Id (USART1_TX) currently not set
2025-07-08 22:29:00,102 [INFO] ImportTextPane:218 - (OptionalMessage_ERROR) IP (DMA) : Parameter (FIFOMode) has Id (USART1_TX) currently not set
2025-07-08 22:29:00,102 [WARN] IP:2250 - I2C_Coeff_DF not found: check if there is a RefParameter without a condition.
2025-07-08 22:29:00,102 [WARN] IP:2250 - Analog_Filter not found: check if there is a RefParameter without a condition.
2025-07-08 22:29:00,102 [INFO] ImportTextPane:218 - (OptionalMessage_ERROR) IP (RCC) : Parameter (48MHZClocksFreq_Value) has invalid value (50000000)
2025-07-08 22:29:00,102 [INFO] ImportTextPane:218 - (OptionalMessage_ERROR) IP (RCC) : Parameter (RTCHSEDivFreq_Value) has invalid value (12500000)
2025-07-08 22:29:00,204 [INFO] UtilMem:75 - End LoadConfig() Used Memory: 723865720 Bytes (1073741824)
2025-07-08 22:29:00,289 [WARN] ThirdParty:833 - waiting for thirdparty lock release [change project]
2025-07-08 22:29:00,289 [INFO] ThirdParty:835 - entering critical section [change project]
2025-07-08 22:29:00,289 [INFO] ThirdParty:1030 - CMSIS Pack Vendor :STMicroelectronics X-CUBE-PM33A1 1.0.0
2025-07-08 22:29:00,289 [INFO] ThirdParty:1030 - CMSIS Pack Vendor :STMicroelectronics USBPD 4.1
2025-07-08 22:29:00,289 [INFO] ThirdParty:1030 - CMSIS Pack Vendor :STMicroelectronics X-CUBE-AZRTOS-H7 3.3.0
2025-07-08 22:29:00,289 [INFO] ThirdParty:1030 - CMSIS Pack Vendor :STMicroelectronics X-CUBE-NFC9 1.0.0
2025-07-08 22:29:00,289 [INFO] ThirdParty:1030 - CMSIS Pack Vendor :wolfSSL I-CUBE-wolfSSL 5.8.0
2025-07-08 22:29:00,289 [INFO] ThirdParty:1030 - CMSIS Pack Vendor :STMicroelectronics USB_HOST 2.0.0
2025-07-08 22:29:00,289 [INFO] ThirdParty:1030 - CMSIS Pack Vendor :STMicroelectronics FP-SNS-MOTENVWB1 1.4.0
2025-07-08 22:29:00,289 [INFO] ThirdParty:1030 - CMSIS Pack Vendor :STMicroelectronics X-CUBE-AZRTOS-F4 1.1.0
2025-07-08 22:29:00,289 [INFO] ThirdParty:1030 - CMSIS Pack Vendor :STMicroelectronics LIBJPEG 8.0.0
2025-07-08 22:29:00,289 [INFO] ThirdParty:1030 - CMSIS Pack Vendor :STMicroelectronics FP-ATR-ASTRA1 2.0.2
2025-07-08 22:29:00,289 [INFO] ThirdParty:1030 - CMSIS Pack Vendor :STMicroelectronics X-CUBE-BLE1 7.1.0
2025-07-08 22:29:00,289 [INFO] ThirdParty:1030 - CMSIS Pack Vendor :Avnet-IotConnect X-CUBE-IoTC-DA16k-PMOD 1.0.0
2025-07-08 22:29:00,289 [INFO] ThirdParty:1030 - CMSIS Pack Vendor :STMicroelectronics X-CUBE-SMBUS 2.1.0
2025-07-08 22:29:00,289 [INFO] ThirdParty:1030 - CMSIS Pack Vendor :wolfSSL I-CUBE-wolfMQTT 1.19.2
2025-07-08 22:29:00,289 [INFO] ThirdParty:1030 - CMSIS Pack Vendor :STMicroelectronics USB_DEVICE 3.0.0
2025-07-08 22:29:00,289 [INFO] ThirdParty:1030 - CMSIS Pack Vendor :STMicroelectronics X-CUBE-ISPU 2.1.0
2025-07-08 22:29:00,289 [INFO] ThirdParty:1030 - CMSIS Pack Vendor :STMicroelectronics X-CUBE-AZRTOS-WB 2.0.0
2025-07-08 22:29:00,289 [INFO] ThirdParty:1030 - CMSIS Pack Vendor :STMicroelectronics X-CUBE-ST60 1.0.0
2025-07-08 22:29:00,289 [INFO] ThirdParty:1030 - CMSIS Pack Vendor :STMicroelectronics X-CUBE-GNSS1 7.0.1
2025-07-08 22:29:00,289 [INFO] ThirdParty:1030 - CMSIS Pack Vendor :STMicroelectronics X-CUBE-AZRTOS-F7 1.1.0
2025-07-08 22:29:00,289 [INFO] ThirdParty:1030 - CMSIS Pack Vendor :STMicroelectronics X-CUBE-AZRTOS-L5 2.0.0
2025-07-08 22:29:00,289 [INFO] ThirdParty:1030 - CMSIS Pack Vendor :STMicroelectronics X-CUBE-TOUCHGFX 4.25.0
2025-07-08 22:29:00,289 [INFO] ThirdParty:1030 - CMSIS Pack Vendor :STMicroelectronics USB_DEVICE 2.0.0
2025-07-08 22:29:00,289 [INFO] ThirdParty:1030 - CMSIS Pack Vendor :STMicroelectronics X-CUBE-NFC6 3.1.0
2025-07-08 22:29:00,289 [INFO] ThirdParty:1030 - CMSIS Pack Vendor :STMicroelectronics X-CUBE-AI 10.1.0
2025-07-08 22:29:00,289 [INFO] ThirdParty:1030 - CMSIS Pack Vendor :STMicroelectronics FP-SNS-STBOX1 2.0.0
2025-07-08 22:29:00,289 [INFO] ThirdParty:1030 - CMSIS Pack Vendor :STMicroelectronics FreeRTOS 0.0.1
2025-07-08 22:29:00,289 [INFO] ThirdParty:1030 - CMSIS Pack Vendor :STMicroelectronics X-CUBE-AZRTOS-G0 1.1.0
2025-07-08 22:29:00,289 [INFO] ThirdParty:1030 - CMSIS Pack Vendor :STMicroelectronics X-CUBE-SAFEA1 1.2.2
2025-07-08 22:29:00,289 [INFO] ThirdParty:1030 - CMSIS Pack Vendor :STMicroelectronics X-CUBE-NFC4 3.0.0
2025-07-08 22:29:00,289 [INFO] ThirdParty:1030 - CMSIS Pack Vendor :STMicroelectronics X-CUBE-SUBG2 5.0.0
2025-07-08 22:29:00,289 [INFO] ThirdParty:1030 - CMSIS Pack Vendor :STMicroelectronics X-CUBE-AZRTOS-H7RS 1.1.0
2025-07-08 22:29:00,289 [INFO] ThirdParty:1030 - CMSIS Pack Vendor :STMicroelectronics STM32_WPAN 1.0.0
2025-07-08 22:29:00,289 [INFO] ThirdParty:1030 - CMSIS Pack Vendor :EmbeddedOffice I-CUBE-FS-RTOS 1.0.1
2025-07-08 22:29:00,289 [INFO] ThirdParty:1030 - CMSIS Pack Vendor :STMicroelectronics lwIP 2.0.3
2025-07-08 22:29:00,289 [INFO] ThirdParty:1030 - CMSIS Pack Vendor :Cesanta I-CUBE-Mongoose 7.13.0
2025-07-08 22:29:00,289 [INFO] ThirdParty:1030 - CMSIS Pack Vendor :STMicroelectronics USB_HOST 1.0.0
2025-07-08 22:29:00,289 [INFO] ThirdParty:1030 - CMSIS Pack Vendor :Infineon AIROC-Wi-Fi-Bluetooth-STM32 1.7.0
2025-07-08 22:29:00,289 [INFO] ThirdParty:1030 - CMSIS Pack Vendor :STMicroelectronics X-CUBE-AZRTOS-G4 2.0.0
2025-07-08 22:29:00,289 [INFO] ThirdParty:1030 - CMSIS Pack Vendor :STMicroelectronics X-CUBE-WB05N 2.0.0
2025-07-08 22:29:00,289 [INFO] ThirdParty:1030 - CMSIS Pack Vendor :STMicroelectronics PDM2PCM 3.1.0
2025-07-08 22:29:00,289 [INFO] ThirdParty:1030 - CMSIS Pack Vendor :STMicroelectronics PDM2PCM 3.3.0
2025-07-08 22:29:00,289 [INFO] ThirdParty:1030 - CMSIS Pack Vendor :wolfSSL I-CUBE-wolfTPM 3.8.0
2025-07-08 22:29:00,289 [INFO] ThirdParty:1030 - CMSIS Pack Vendor :STMicroelectronics X-CUBE-AZRTOS-H7 3.4.0
2025-07-08 22:29:00,289 [INFO] ThirdParty:1030 - CMSIS Pack Vendor :STMicroelectronics X-CUBE-DISPLAY 3.0.0
2025-07-08 22:29:00,289 [INFO] ThirdParty:1030 - CMSIS Pack Vendor :wolfSSL I-CUBE-wolfSSH 1.4.20
2025-07-08 22:29:00,289 [INFO] ThirdParty:1030 - CMSIS Pack Vendor :STMicroelectronics X-CUBE-NFC7 2.0.0
2025-07-08 22:29:00,289 [INFO] ThirdParty:1030 - CMSIS Pack Vendor :STMicroelectronics X-CUBE-TCPP 4.2.0
2025-07-08 22:29:00,289 [INFO] ThirdParty:1030 - CMSIS Pack Vendor :RealThread X-CUBE-RT-Thread_Nano 4.1.1
2025-07-08 22:29:00,289 [INFO] ThirdParty:1030 - CMSIS Pack Vendor :STMicroelectronics FP-ATR-SIGFOX1 3.2.0
2025-07-08 22:29:00,289 [INFO] ThirdParty:1030 - CMSIS Pack Vendor :STMicroelectronics X-CUBE-NFC10 1.0.0
2025-07-08 22:29:00,289 [INFO] ThirdParty:1030 - CMSIS Pack Vendor :STMicroelectronics X-CUBE-BLEMGR 4.0.0
2025-07-08 22:29:00,289 [INFO] ThirdParty:1030 - CMSIS Pack Vendor :STMicroelectronics X-CUBE-EEPRMA1 5.1.0
2025-07-08 22:29:00,289 [INFO] ThirdParty:1030 - CMSIS Pack Vendor :STMicroelectronics X-CUBE-FREERTOS 1.3.1
2025-07-08 22:29:00,289 [INFO] ThirdParty:1030 - CMSIS Pack Vendor :STMicroelectronics HAL Drivers 0.0.0
2025-07-08 22:29:00,289 [INFO] ThirdParty:1030 - CMSIS Pack Vendor :STMicroelectronics MBEDTLS 2.16.2
2025-07-08 22:29:00,289 [INFO] ThirdParty:1030 - CMSIS Pack Vendor :STMicroelectronics X-CUBE-IPS 3.1.0
2025-07-08 22:29:00,289 [INFO] ThirdParty:1030 - CMSIS Pack Vendor :STMicroelectronics X-CUBE-ALS 1.0.2
2025-07-08 22:29:00,289 [INFO] ThirdParty:1030 - CMSIS Pack Vendor :emotas I-CUBE-CANOPEN 1.3.0
2025-07-08 22:29:00,289 [INFO] ThirdParty:1030 - CMSIS Pack Vendor :STMicroelectronics MBEDTLS 2.14.1
2025-07-08 22:29:00,289 [INFO] ThirdParty:1030 - CMSIS Pack Vendor :ITTIA_DB I-CUBE-ITTIADB 8.9.0
2025-07-08 22:29:00,289 [INFO] ThirdParty:1030 - CMSIS Pack Vendor :portGmbH I-Cube-SoM-uGOAL 1.1.0
2025-07-08 22:29:00,289 [INFO] ThirdParty:1030 - CMSIS Pack Vendor :quantropi X-CUBE-qispace-sdk-base 2.0.0
2025-07-08 22:29:00,289 [INFO] ThirdParty:1030 - CMSIS Pack Vendor :STMicroelectronics X-CUBE-ST67W61 1.0.0
2025-07-08 22:29:00,289 [INFO] ThirdParty:1030 - CMSIS Pack Vendor :STMicroelectronics FP-SNS-STAIOTCFT 1.0.0
2025-07-08 22:29:00,289 [INFO] ThirdParty:1030 - CMSIS Pack Vendor :STMicroelectronics ThreadX 1.0.0
2025-07-08 22:29:00,290 [INFO] ThirdParty:1030 - CMSIS Pack Vendor :STMicroelectronics FP-SNS-SMARTAG2 1.2.0
2025-07-08 22:29:00,290 [INFO] ThirdParty:1030 - CMSIS Pack Vendor :STMicroelectronics FP-SNS-FLIGHT1 5.1.0
2025-07-08 22:29:00,290 [INFO] ThirdParty:1030 - CMSIS Pack Vendor :STMicroelectronics X-CUBE-AZRTOS-WL 2.0.0
2025-07-08 22:29:00,290 [INFO] ThirdParty:1030 - CMSIS Pack Vendor :SEGGER I-CUBE-embOS 1.3.1
2025-07-08 22:29:00,290 [INFO] ThirdParty:1030 - CMSIS Pack Vendor :STMicroelectronics X-CUBE-ALGOBUILD 1.4.0
2025-07-08 22:29:00,290 [INFO] ThirdParty:1030 - CMSIS Pack Vendor :STMicroelectronics X-CUBE-DPower 1.3.0
2025-07-08 22:29:00,290 [INFO] ThirdParty:1030 - CMSIS Pack Vendor :STMicroelectronics X-CUBE-MEMS1 11.3.0
2025-07-08 22:29:00,290 [INFO] ThirdParty:1030 - CMSIS Pack Vendor :STMicroelectronics FP-SNS-MOTENV1 5.0.0
2025-07-08 22:29:00,290 [INFO] ThirdParty:1030 - CMSIS Pack Vendor :STMicroelectronics USB_DEVICE 1.0.0
2025-07-08 22:29:00,290 [INFO] ThirdParty:1030 - CMSIS Pack Vendor :STMicroelectronics X-CUBE-AZRTOS-L4 2.0.0
2025-07-08 22:29:00,290 [INFO] ThirdParty:1030 - CMSIS Pack Vendor :STMicroelectronics ThreadX 0.0.2
2025-07-08 22:29:00,290 [INFO] ThirdParty:1030 - CMSIS Pack Vendor :WES I-CUBE-Cesium 1.3.0
2025-07-08 22:29:00,290 [INFO] ThirdParty:1030 - CMSIS Pack Vendor :STMicroelectronics lwIP 2.1.2
2025-07-08 22:29:00,290 [INFO] ThirdParty:1030 - CMSIS Pack Vendor :STMicroelectronics X-CUBE-SFXS2LP1 4.0.0
2025-07-08 22:29:00,290 [INFO] ThirdParty:1030 - CMSIS Pack Vendor :STMicroelectronics X-CUBE-BLE2 3.3.0
2025-07-08 22:29:00,290 [INFO] ThirdParty:1030 - CMSIS Pack Vendor :STMicroelectronics X-CUBE-TOF1 3.4.3
2025-07-08 22:29:00,290 [INFO] ThirdParty:1030 - CMSIS Pack Vendor :STMicroelectronics PDM2PCM 3.2.0
2025-07-08 22:29:00,290 [INFO] ThirdParty:841 - exiting critical section [change project]
2025-07-08 22:29:00,359 [INFO] PinOutPanel:1589 - setPackage(No Configuration,No Configuration)
2025-07-08 22:29:00,359 [INFO] PinOutPanel:1589 - setPackage(STM32F411CEUx,UFQFPN48)
2025-07-08 22:29:00,480 [INFO] UtilMem:75 - Before build in PCC Used Memory: 898629632 Bytes (1073741824)
2025-07-08 22:29:00,550 [INFO] UtilMem:75 - After build in PCC Used Memory: 942669824 Bytes (1073741824)
2025-07-08 22:29:00,560 [INFO] IPUIPlugin:80 - create IPUIPlugin
2025-07-08 22:29:00,560 [INFO] IPUIPlugin:80 - create IPUIPlugin
2025-07-08 22:29:00,560 [INFO] IPUIPlugin:80 - create IPUIPlugin
2025-07-08 22:29:00,560 [INFO] IPUIPlugin:80 - create IPUIPlugin
2025-07-08 22:29:00,560 [INFO] IPUIPlugin:80 - create IPUIPlugin
2025-07-08 22:29:00,560 [INFO] IPUIPlugin:80 - create IPUIPlugin
2025-07-08 22:29:00,560 [INFO] IPUIPlugin:80 - create IPUIPlugin
2025-07-08 22:29:00,560 [INFO] IPUIPlugin:80 - create IPUIPlugin
2025-07-08 22:29:00,560 [INFO] IPUIPlugin:80 - create IPUIPlugin
2025-07-08 22:29:00,560 [INFO] IPUIPlugin:80 - create IPUIPlugin
2025-07-08 22:29:00,560 [INFO] IPUIPlugin:80 - create IPUIPlugin
2025-07-08 22:29:00,561 [INFO] IPUIPlugin:80 - create IPUIPlugin
2025-07-08 22:29:00,561 [INFO] IPUIPlugin:80 - create IPUIPlugin
2025-07-08 22:29:00,561 [INFO] IPUIPlugin:80 - create IPUIPlugin
2025-07-08 22:29:00,561 [INFO] IPUIPlugin:80 - create IPUIPlugin
2025-07-08 22:29:00,561 [INFO] IPUIPlugin:80 - create IPUIPlugin
2025-07-08 22:29:00,561 [INFO] IPUIPlugin:80 - create IPUIPlugin
2025-07-08 22:29:00,561 [INFO] IPUIPlugin:80 - create IPUIPlugin
2025-07-08 22:29:00,561 [INFO] IPUIPlugin:80 - create IPUIPlugin
2025-07-08 22:29:00,561 [INFO] IPUIPlugin:80 - create IPUIPlugin
2025-07-08 22:29:00,561 [INFO] IPUIPlugin:80 - create IPUIPlugin
2025-07-08 22:29:00,561 [INFO] IPUIPlugin:80 - create IPUIPlugin
2025-07-08 22:29:00,561 [INFO] IPUIPlugin:80 - create IPUIPlugin
2025-07-08 22:29:00,561 [INFO] IPUIPlugin:80 - create IPUIPlugin
2025-07-08 22:29:00,561 [INFO] IPUIPlugin:80 - create IPUIPlugin
2025-07-08 22:29:00,561 [INFO] IPUIPlugin:80 - create IPUIPlugin
2025-07-08 22:29:00,562 [INFO] IPUIPlugin:80 - create IPUIPlugin
2025-07-08 22:29:00,562 [INFO] IPUIPlugin:80 - create IPUIPlugin
2025-07-08 22:29:00,562 [INFO] IPUIPlugin:80 - create IPUIPlugin
2025-07-08 22:29:00,562 [INFO] IPUIPlugin:80 - create IPUIPlugin
2025-07-08 22:29:00,562 [INFO] IPUIPlugin:80 - create IPUIPlugin
2025-07-08 22:29:00,562 [INFO] IPUIPlugin:80 - create IPUIPlugin
2025-07-08 22:29:00,562 [INFO] IPUIPlugin:80 - create IPUIPlugin
2025-07-08 22:29:00,562 [INFO] IPUIPlugin:80 - create IPUIPlugin
2025-07-08 22:29:00,562 [INFO] IPUIPlugin:80 - create IPUIPlugin
2025-07-08 22:29:00,562 [INFO] IPUIPlugin:80 - create IPUIPlugin
2025-07-08 22:29:00,562 [INFO] IPUIPlugin:80 - create IPUIPlugin
2025-07-08 22:29:00,562 [INFO] IPUIPlugin:80 - create IPUIPlugin
2025-07-08 22:29:00,562 [INFO] IPUIPlugin:80 - create IPUIPlugin
2025-07-08 22:29:00,562 [INFO] IPUIPlugin:80 - create IPUIPlugin
2025-07-08 22:29:00,562 [INFO] IPUIPlugin:80 - create IPUIPlugin
2025-07-08 22:29:00,563 [INFO] IPUIPlugin:80 - create IPUIPlugin
2025-07-08 22:29:00,563 [INFO] IPUIPlugin:80 - create IPUIPlugin
2025-07-08 22:29:00,565 [INFO] ApiDbMcu:508 - Load IP Config File for PDM2PCM
2025-07-08 22:29:00,565 [WARN] IP:2250 - I2C_Coeff_DF not found: check if there is a RefParameter without a condition.
2025-07-08 22:29:00,565 [WARN] IP:2250 - Analog_Filter not found: check if there is a RefParameter without a condition.
2025-07-08 22:29:00,590 [INFO] CADModel:165 - CPN selected for project levelSTM32F411CEU6
2025-07-08 22:29:00,590 [INFO] CADModel:114 - Register for checkConnection events
2025-07-08 22:29:00,626 [INFO] OpenFileManager:385 - Restore cursor
2025-07-08 22:29:00,753 [WARN] IP:2250 - I2C_Coeff_DF not found: check if there is a RefParameter without a condition.
2025-07-08 22:29:00,753 [WARN] IP:2250 - Analog_Filter not found: check if there is a RefParameter without a condition.
2025-07-08 22:29:00,753 [WARN] IP:2250 - I2C_Coeff_DF not found: check if there is a RefParameter without a condition.
2025-07-08 22:29:00,753 [WARN] IP:2250 - Analog_Filter not found: check if there is a RefParameter without a condition.
2025-07-08 22:29:22,485 [INFO] ServerAccessManage:473 - Download File stm32cube_fw_f4_v1280.zip
2025-07-08 22:30:37,006 [INFO] AnalyticsPlugin:368 - Accepted License(s): [FW.F4.1.28.0]
2025-07-08 22:30:37,007 [INFO] FileExtend:242 - Unzip File : stm32cube_fw_f4_v1280.zip
2025-07-08 22:30:37,007 [INFO] FileExtend:257 - Standard Zip Deflate
2025-07-08 22:30:46,916 [INFO] ServerAccessManage:473 - Download File stm32cube_fw_f4_v1282.zip
2025-07-08 22:33:51,657 [INFO] FileExtend:242 - Unzip File : stm32cube_fw_f4_v1282.zip
2025-07-08 22:33:51,657 [INFO] FileExtend:257 - Standard Zip Deflate
2025-07-08 22:34:01,486 [INFO] LoadServerPackagesThread:196 - End of LoadServerPackages Thread
2025-07-08 22:34:01,637 [INFO] ThirdPartyModel:298 - Start build external matchings
2025-07-08 22:34:01,640 [INFO] UtilMem:75 - End SaveConfig() Used Memory: 956915600 Bytes (1073741824)
2025-07-08 22:34:01,950 [INFO] ThirdPartyModel:316 - End build external matchings
2025-07-08 22:34:01,955 [INFO] CheckServerUpdateThread:120 - End of CheckServer Thread
2025-07-08 22:34:02,001 [INFO] BlockDiagram:2775 - set Specific Code input for plugin: SPI
2025-07-08 22:34:02,001 [INFO] BlockDiagram:2775 - set Specific Code input for plugin: NVIC
2025-07-08 22:34:02,001 [INFO] BlockDiagram:2775 - set Specific Code input for plugin: USART
2025-07-08 22:34:02,001 [INFO] BlockDiagram:2775 - set Specific Code input for plugin: DMA
2025-07-08 22:34:02,001 [INFO] BlockDiagram:2775 - set Specific Code input for plugin: TIM1_8
2025-07-08 22:34:02,001 [INFO] BlockDiagram:2775 - set Specific Code input for plugin: TIM1_8
2025-07-08 22:34:02,001 [INFO] BlockDiagram:2775 - set Specific Code input for plugin: TIM1_8
2025-07-08 22:34:02,002 [INFO] BlockDiagram:2775 - set Specific Code input for plugin: SYS
2025-07-08 22:34:02,002 [INFO] BlockDiagram:2775 - set Specific Code input for plugin: GPIO
2025-07-08 22:34:02,002 [INFO] BlockDiagram:2775 - set Specific Code input for plugin: RCC
2025-07-08 22:34:02,002 [INFO] BlockDiagram:2775 - set Specific Code input for plugin: I2C
2025-07-08 22:34:02,002 [INFO] CodeGenerator:882 - code generatio: config db path: /home/adrian/st/stm32cubeide_1.18.1/plugins/com.st.stm32cube.common.mx_6.14.1.202504091515//db/
2025-07-08 22:34:02,005 [WARN] IP:2250 - I2C_Coeff_DF not found: check if there is a RefParameter without a condition.
2025-07-08 22:34:02,006 [WARN] IP:2250 - Analog_Filter not found: check if there is a RefParameter without a condition.
2025-07-08 22:34:02,178 [INFO] CodeEngine:263 - oldGeneratedFile, /media/adrian/usb_a/Chambas/Inbiodroid/Horno_d_reflujo/Firmware/stm32f411/reflow_oven/MXTmpFiles/license.tmp_save
2025-07-08 22:34:02,463 [INFO] CodeEngine:287 - Generated code: /media/adrian/usb_a/Chambas/Inbiodroid/Horno_d_reflujo/Firmware/stm32f411/reflow_oven/MXTmpFiles/license.tmp
2025-07-08 22:34:02,504 [INFO] CodeEngine:263 - oldGeneratedFile, /media/adrian/usb_a/Chambas/Inbiodroid/Horno_d_reflujo/Firmware/stm32f411/reflow_oven/MXTmpFiles/gpio.tmp_save
2025-07-08 22:34:02,626 [INFO] CodeEngine:287 - Generated code: /media/adrian/usb_a/Chambas/Inbiodroid/Horno_d_reflujo/Firmware/stm32f411/reflow_oven/MXTmpFiles/gpio.tmp
2025-07-08 22:34:03,040 [INFO] CodeEngine:263 - oldGeneratedFile, /media/adrian/usb_a/Chambas/Inbiodroid/Horno_d_reflujo/Firmware/stm32f411/reflow_oven/MXTmpFiles/dma.tmp_save
2025-07-08 22:34:03,118 [INFO] CodeEngine:287 - Generated code: /media/adrian/usb_a/Chambas/Inbiodroid/Horno_d_reflujo/Firmware/stm32f411/reflow_oven/MXTmpFiles/dma.tmp
2025-07-08 22:34:03,120 [INFO] CodeEngine:263 - oldGeneratedFile, /media/adrian/usb_a/Chambas/Inbiodroid/Horno_d_reflujo/Firmware/stm32f411/reflow_oven/MXTmpFiles/dma_GV.tmp_save
2025-07-08 22:34:03,190 [INFO] CodeEngine:287 - Generated code: /media/adrian/usb_a/Chambas/Inbiodroid/Horno_d_reflujo/Firmware/stm32f411/reflow_oven/MXTmpFiles/dma_GV.tmp
2025-07-08 22:34:03,200 [INFO] CodeEngine:263 - oldGeneratedFile, /media/adrian/usb_a/Chambas/Inbiodroid/Horno_d_reflujo/Firmware/stm32f411/reflow_oven/Core/Src/stm32f4xx_it.c_save
2025-07-08 22:34:03,319 [INFO] CodeEngine:287 - Generated code: /media/adrian/usb_a/Chambas/Inbiodroid/Horno_d_reflujo/Firmware/stm32f411/reflow_oven/Core/Src/stm32f4xx_it.c
2025-07-08 22:34:03,327 [INFO] CodeEngine:263 - oldGeneratedFile, /media/adrian/usb_a/Chambas/Inbiodroid/Horno_d_reflujo/Firmware/stm32f411/reflow_oven/Core/Inc/stm32f4xx_it.h_save
2025-07-08 22:34:03,441 [INFO] CodeEngine:287 - Generated code: /media/adrian/usb_a/Chambas/Inbiodroid/Horno_d_reflujo/Firmware/stm32f411/reflow_oven/Core/Inc/stm32f4xx_it.h
2025-07-08 22:34:03,459 [INFO] CodeEngine:263 - oldGeneratedFile, /media/adrian/usb_a/Chambas/Inbiodroid/Horno_d_reflujo/Firmware/stm32f411/reflow_oven/Core/Src/stm32f4xx_hal_msp.c_save
2025-07-08 22:34:03,692 [INFO] CodeEngine:287 - Generated code: /media/adrian/usb_a/Chambas/Inbiodroid/Horno_d_reflujo/Firmware/stm32f411/reflow_oven/Core/Src/stm32f4xx_hal_msp.c
2025-07-08 22:34:03,700 [INFO] CodeEngine:263 - oldGeneratedFile, /media/adrian/usb_a/Chambas/Inbiodroid/Horno_d_reflujo/Firmware/stm32f411/reflow_oven/MXTmpFiles/system.tmp_save
2025-07-08 22:34:03,786 [INFO] CodeEngine:287 - Generated code: /media/adrian/usb_a/Chambas/Inbiodroid/Horno_d_reflujo/Firmware/stm32f411/reflow_oven/MXTmpFiles/system.tmp
2025-07-08 22:34:03,794 [INFO] CodeEngine:319 - oldGeneratedFile, /media/adrian/usb_a/Chambas/Inbiodroid/Horno_d_reflujo/Firmware/stm32f411/reflow_oven/Core/Inc/stm32f4xx_hal_conf.h_save
2025-07-08 22:34:03,882 [INFO] CodeEngine:343 - Generated code: /media/adrian/usb_a/Chambas/Inbiodroid/Horno_d_reflujo/Firmware/stm32f411/reflow_oven/Core/Inc/stm32f4xx_hal_conf.h
2025-07-08 22:34:03,908 [INFO] ApiDbMcu:508 - Load IP Config File for I2C1
2025-07-08 22:34:03,910 [INFO] ApiDbMcu:508 - Load IP Config File for SPI1
2025-07-08 22:34:03,923 [INFO] ApiDbMcu:508 - Load IP Config File for TIM1
2025-07-08 22:34:03,936 [INFO] ApiDbMcu:508 - Load IP Config File for TIM2
2025-07-08 22:34:03,946 [INFO] ApiDbMcu:508 - Load IP Config File for TIM3
2025-07-08 22:34:03,949 [INFO] ApiDbMcu:508 - Load IP Config File for USART1
2025-07-08 22:34:03,952 [INFO] ApiDbMcu:508 - Load IP Config File for RCC
2025-07-08 22:34:03,954 [WARN] IPConfigManager:3790 - IP not found : TIM
2025-07-08 22:34:03,955 [WARN] CodeGenerator:4198 - IP not found : null
2025-07-08 22:34:03,964 [INFO] CodeEngine:263 - oldGeneratedFile, /media/adrian/usb_a/Chambas/Inbiodroid/Horno_d_reflujo/Firmware/stm32f411/reflow_oven/Core/Inc/main.h_save
2025-07-08 22:34:04,065 [INFO] CodeEngine:287 - Generated code: /media/adrian/usb_a/Chambas/Inbiodroid/Horno_d_reflujo/Firmware/stm32f411/reflow_oven/Core/Inc/main.h
2025-07-08 22:34:04,067 [INFO] CodeEngine:263 - oldGeneratedFile, /media/adrian/usb_a/Chambas/Inbiodroid/Horno_d_reflujo/Firmware/stm32f411/reflow_oven/Core/Src/main.c_save
2025-07-08 22:34:04,216 [INFO] CodeEngine:287 - Generated code: /media/adrian/usb_a/Chambas/Inbiodroid/Horno_d_reflujo/Firmware/stm32f411/reflow_oven/Core/Src/main.c
2025-07-08 22:34:04,425 [INFO] ProjectBuilder:3324 - Time for Copy HAL[1] : 43mS.
2025-07-08 22:34:04,429 [INFO] ProjectBuilder:4912 - Project Generator version: 4.6.0.1-B1
2025-07-08 22:34:04,502 [INFO] ConfigFileManager:1590 - The Die is : DIE431
2025-07-08 22:34:04,507 [INFO] ApiDbMcu:508 - Load IP Config File for FATFS
2025-07-08 22:34:04,509 [INFO] ApiDbMcu:508 - Load IP Config File for FREERTOS
2025-07-08 22:34:04,511 [INFO] ApiDbMcu:508 - Load IP Config File for LIBJPEG
2025-07-08 22:34:04,515 [INFO] ApiDbMcu:508 - Load IP Config File for MBEDTLS
2025-07-08 22:34:04,520 [INFO] ApiDbMcu:508 - Load IP Config File for USB_DEVICE
2025-07-08 22:34:04,522 [INFO] ApiDbMcu:508 - Load IP Config File for USB_HOST
2025-07-08 22:34:04,817 [INFO] LogOutputStream:77 - [STDOUT_REDIRECT] 
2025-07-08 22:34:05,659 [INFO] ProjectBuilder:5191 - Time for Generating toolchain IDE Files: 1230mS.
2025-07-08 22:34:05,660 [INFO] ProjectBuilder:3181 - Time for Copy CMSIS : 0mS.
2025-07-08 22:34:05,668 [INFO] ProjectBuilder:3181 - Time for Copy CMSIS : 0mS.
2025-07-08 22:35:27,800 [INFO] NvicIntPanel:101 - NVIC parent = com.st.microxplorer.plugins.ip.nvic.MultiNvicIntPanel[,0,0,0x0,invalid,layout=javax.swing.BoxLayout,alignmentX=0.0,alignmentY=0.0,border=,flags=9,maximumSize=,minimumSize=,preferredSize=]
2025-07-08 22:35:29,305 [INFO] UtilMem:75 - End SaveConfig() Used Memory: 848822272 Bytes (1073741824)
2025-07-08 22:35:30,410 [INFO] UtilMem:75 - End SaveConfig() Used Memory: 866648064 Bytes (1073741824)
2025-07-08 22:35:30,725 [INFO] UtilMem:75 - End SaveConfig() Used Memory: 936902656 Bytes (1073741824)
2025-07-08 22:35:30,807 [INFO] BlockDiagram:2775 - set Specific Code input for plugin: SPI
2025-07-08 22:35:30,807 [INFO] BlockDiagram:2775 - set Specific Code input for plugin: NVIC
2025-07-08 22:35:30,807 [INFO] BlockDiagram:2775 - set Specific Code input for plugin: USART
2025-07-08 22:35:30,807 [INFO] BlockDiagram:2775 - set Specific Code input for plugin: DMA
2025-07-08 22:35:30,807 [INFO] BlockDiagram:2775 - set Specific Code input for plugin: TIM1_8
2025-07-08 22:35:30,807 [INFO] BlockDiagram:2775 - set Specific Code input for plugin: TIM1_8
2025-07-08 22:35:30,807 [INFO] BlockDiagram:2775 - set Specific Code input for plugin: TIM1_8
2025-07-08 22:35:30,807 [INFO] BlockDiagram:2775 - set Specific Code input for plugin: SYS
2025-07-08 22:35:30,807 [INFO] BlockDiagram:2775 - set Specific Code input for plugin: GPIO
2025-07-08 22:35:30,807 [INFO] BlockDiagram:2775 - set Specific Code input for plugin: RCC
2025-07-08 22:35:30,807 [INFO] BlockDiagram:2775 - set Specific Code input for plugin: I2C
2025-07-08 22:35:30,808 [INFO] CodeGenerator:882 - code generatio: config db path: /home/adrian/st/stm32cubeide_1.18.1/plugins/com.st.stm32cube.common.mx_6.14.1.202504091515//db/
2025-07-08 22:35:30,809 [WARN] IP:2250 - I2C_Coeff_DF not found: check if there is a RefParameter without a condition.
2025-07-08 22:35:30,809 [WARN] IP:2250 - Analog_Filter not found: check if there is a RefParameter without a condition.
2025-07-08 22:35:30,810 [INFO] Argument:325 - Argument : hdmavalue: null
2025-07-08 22:35:30,810 [INFO] Argument:327 - 	 sub Args: 
2025-07-08 22:35:30,810 [INFO] Argument:325 - Argument : Instancevalue: DMA1_Stream1
2025-07-08 22:35:30,810 [INFO] Argument:335 - Argument : Instancevalue: DMA1_Stream1
2025-07-08 22:35:30,810 [INFO] Argument:325 - Argument : Initvalue: null
2025-07-08 22:35:30,810 [INFO] Argument:327 - 	 sub Args: 
2025-07-08 22:35:30,810 [INFO] Argument:325 - Argument : Channelvalue: DMA_CHANNEL_0
2025-07-08 22:35:30,810 [INFO] Argument:335 - Argument : Channelvalue: DMA_CHANNEL_0
2025-07-08 22:35:30,810 [INFO] Argument:325 - Argument : Directionvalue: DMA_MEMORY_TO_PERIPH
2025-07-08 22:35:30,810 [INFO] Argument:335 - Argument : Directionvalue: DMA_MEMORY_TO_PERIPH
2025-07-08 22:35:30,810 [INFO] Argument:325 - Argument : PeriphIncvalue: DMA_PINC_DISABLE
2025-07-08 22:35:30,810 [INFO] Argument:335 - Argument : PeriphIncvalue: DMA_PINC_DISABLE
2025-07-08 22:35:30,810 [INFO] Argument:325 - Argument : MemIncvalue: DMA_MINC_ENABLE
2025-07-08 22:35:30,810 [INFO] Argument:335 - Argument : MemIncvalue: DMA_MINC_ENABLE
2025-07-08 22:35:30,810 [INFO] Argument:325 - Argument : PeriphDataAlignmentvalue: DMA_PDATAALIGN_BYTE
2025-07-08 22:35:30,810 [INFO] Argument:335 - Argument : PeriphDataAlignmentvalue: DMA_PDATAALIGN_BYTE
2025-07-08 22:35:30,810 [INFO] Argument:325 - Argument : MemDataAlignmentvalue: DMA_MDATAALIGN_BYTE
2025-07-08 22:35:30,810 [INFO] Argument:335 - Argument : MemDataAlignmentvalue: DMA_MDATAALIGN_BYTE
2025-07-08 22:35:30,810 [INFO] Argument:325 - Argument : Modevalue: DMA_NORMAL
2025-07-08 22:35:30,810 [INFO] Argument:335 - Argument : Modevalue: DMA_NORMAL
2025-07-08 22:35:30,810 [INFO] Argument:325 - Argument : Priorityvalue: DMA_PRIORITY_LOW
2025-07-08 22:35:30,810 [INFO] Argument:335 - Argument : Priorityvalue: DMA_PRIORITY_LOW
2025-07-08 22:35:30,810 [INFO] Argument:325 - Argument : FIFOModevalue: DMA_FIFOMODE_DISABLE
2025-07-08 22:35:30,810 [INFO] Argument:335 - Argument : FIFOModevalue: DMA_FIFOMODE_DISABLE
2025-07-08 22:35:30,811 [INFO] Argument:325 - Argument : FIFOThresholdvalue: null
2025-07-08 22:35:30,811 [INFO] Argument:335 - Argument : FIFOThresholdvalue: null
2025-07-08 22:35:30,811 [INFO] Argument:325 - Argument : MemBurstvalue: null
2025-07-08 22:35:30,811 [INFO] Argument:335 - Argument : MemBurstvalue: null
2025-07-08 22:35:30,811 [INFO] Argument:325 - Argument : PeriphBurstvalue: null
2025-07-08 22:35:30,811 [INFO] Argument:335 - Argument : PeriphBurstvalue: null
2025-07-08 22:35:30,811 [INFO] Argument:325 - Argument : Lockvalue: null
2025-07-08 22:35:30,811 [INFO] Argument:335 - Argument : Lockvalue: null
2025-07-08 22:35:30,811 [INFO] Argument:325 - Argument : Statevalue: null
2025-07-08 22:35:30,811 [INFO] Argument:335 - Argument : Statevalue: null
2025-07-08 22:35:30,811 [INFO] Argument:325 - Argument : Parentvalue: null
2025-07-08 22:35:30,811 [INFO] Argument:335 - Argument : Parentvalue: null
2025-07-08 22:35:30,811 [INFO] Argument:325 - Argument : XferCpltCallbackvalue: null
2025-07-08 22:35:30,811 [INFO] Argument:335 - Argument : XferCpltCallbackvalue: null
2025-07-08 22:35:30,811 [INFO] Argument:325 - Argument : XferHalfCpltCallbackvalue: null
2025-07-08 22:35:30,811 [INFO] Argument:335 - Argument : XferHalfCpltCallbackvalue: null
2025-07-08 22:35:30,811 [INFO] Argument:325 - Argument : XferM1CpltCallbackvalue: null
2025-07-08 22:35:30,811 [INFO] Argument:335 - Argument : XferM1CpltCallbackvalue: null
2025-07-08 22:35:30,811 [INFO] Argument:325 - Argument : XferErrorCallbackvalue: null
2025-07-08 22:35:30,811 [INFO] Argument:335 - Argument : XferErrorCallbackvalue: null
2025-07-08 22:35:30,811 [INFO] Argument:325 - Argument : ErrorCodevalue: null
2025-07-08 22:35:30,811 [INFO] Argument:335 - Argument : ErrorCodevalue: null
2025-07-08 22:35:30,821 [INFO] Argument:325 - Argument : hdmavalue: null
2025-07-08 22:35:30,821 [INFO] Argument:327 - 	 sub Args: 
2025-07-08 22:35:30,821 [INFO] Argument:325 - Argument : Instancevalue: DMA2_Stream2
2025-07-08 22:35:30,821 [INFO] Argument:335 - Argument : Instancevalue: DMA2_Stream2
2025-07-08 22:35:30,821 [INFO] Argument:325 - Argument : Initvalue: null
2025-07-08 22:35:30,821 [INFO] Argument:327 - 	 sub Args: 
2025-07-08 22:35:30,821 [INFO] Argument:325 - Argument : Channelvalue: DMA_CHANNEL_4
2025-07-08 22:35:30,821 [INFO] Argument:335 - Argument : Channelvalue: DMA_CHANNEL_4
2025-07-08 22:35:30,821 [INFO] Argument:325 - Argument : Directionvalue: DMA_PERIPH_TO_MEMORY
2025-07-08 22:35:30,821 [INFO] Argument:335 - Argument : Directionvalue: DMA_PERIPH_TO_MEMORY
2025-07-08 22:35:30,821 [INFO] Argument:325 - Argument : PeriphIncvalue: DMA_PINC_DISABLE
2025-07-08 22:35:30,821 [INFO] Argument:335 - Argument : PeriphIncvalue: DMA_PINC_DISABLE
2025-07-08 22:35:30,821 [INFO] Argument:325 - Argument : MemIncvalue: DMA_MINC_ENABLE
2025-07-08 22:35:30,821 [INFO] Argument:335 - Argument : MemIncvalue: DMA_MINC_ENABLE
2025-07-08 22:35:30,821 [INFO] Argument:325 - Argument : PeriphDataAlignmentvalue: DMA_PDATAALIGN_BYTE
2025-07-08 22:35:30,821 [INFO] Argument:335 - Argument : PeriphDataAlignmentvalue: DMA_PDATAALIGN_BYTE
2025-07-08 22:35:30,821 [INFO] Argument:325 - Argument : MemDataAlignmentvalue: DMA_MDATAALIGN_BYTE
2025-07-08 22:35:30,821 [INFO] Argument:335 - Argument : MemDataAlignmentvalue: DMA_MDATAALIGN_BYTE
2025-07-08 22:35:30,821 [INFO] Argument:325 - Argument : Modevalue: DMA_NORMAL
2025-07-08 22:35:30,821 [INFO] Argument:335 - Argument : Modevalue: DMA_NORMAL
2025-07-08 22:35:30,821 [INFO] Argument:325 - Argument : Priorityvalue: DMA_PRIORITY_LOW
2025-07-08 22:35:30,821 [INFO] Argument:335 - Argument : Priorityvalue: DMA_PRIORITY_LOW
2025-07-08 22:35:30,821 [INFO] Argument:325 - Argument : FIFOModevalue: DMA_FIFOMODE_DISABLE
2025-07-08 22:35:30,821 [INFO] Argument:335 - Argument : FIFOModevalue: DMA_FIFOMODE_DISABLE
2025-07-08 22:35:30,821 [INFO] Argument:325 - Argument : FIFOThresholdvalue: null
2025-07-08 22:35:30,821 [INFO] Argument:335 - Argument : FIFOThresholdvalue: null
2025-07-08 22:35:30,821 [INFO] Argument:325 - Argument : MemBurstvalue: null
2025-07-08 22:35:30,821 [INFO] Argument:335 - Argument : MemBurstvalue: null
2025-07-08 22:35:30,821 [INFO] Argument:325 - Argument : PeriphBurstvalue: null
2025-07-08 22:35:30,821 [INFO] Argument:335 - Argument : PeriphBurstvalue: null
2025-07-08 22:35:30,821 [INFO] Argument:325 - Argument : Lockvalue: null
2025-07-08 22:35:30,822 [INFO] Argument:335 - Argument : Lockvalue: null
2025-07-08 22:35:30,822 [INFO] Argument:325 - Argument : Statevalue: null
2025-07-08 22:35:30,822 [INFO] Argument:335 - Argument : Statevalue: null
2025-07-08 22:35:30,822 [INFO] Argument:325 - Argument : Parentvalue: null
2025-07-08 22:35:30,822 [INFO] Argument:335 - Argument : Parentvalue: null
2025-07-08 22:35:30,822 [INFO] Argument:325 - Argument : XferCpltCallbackvalue: null
2025-07-08 22:35:30,822 [INFO] Argument:335 - Argument : XferCpltCallbackvalue: null
2025-07-08 22:35:30,822 [INFO] Argument:325 - Argument : XferHalfCpltCallbackvalue: null
2025-07-08 22:35:30,822 [INFO] Argument:335 - Argument : XferHalfCpltCallbackvalue: null
2025-07-08 22:35:30,822 [INFO] Argument:325 - Argument : XferM1CpltCallbackvalue: null
2025-07-08 22:35:30,822 [INFO] Argument:335 - Argument : XferM1CpltCallbackvalue: null
2025-07-08 22:35:30,822 [INFO] Argument:325 - Argument : XferErrorCallbackvalue: null
2025-07-08 22:35:30,822 [INFO] Argument:335 - Argument : XferErrorCallbackvalue: null
2025-07-08 22:35:30,822 [INFO] Argument:325 - Argument : ErrorCodevalue: null
2025-07-08 22:35:30,822 [INFO] Argument:335 - Argument : ErrorCodevalue: null
2025-07-08 22:35:30,822 [INFO] Argument:325 - Argument : hdmavalue: null
2025-07-08 22:35:30,822 [INFO] Argument:327 - 	 sub Args: 
2025-07-08 22:35:30,822 [INFO] Argument:325 - Argument : Instancevalue: DMA2_Stream7
2025-07-08 22:35:30,822 [INFO] Argument:335 - Argument : Instancevalue: DMA2_Stream7
2025-07-08 22:35:30,822 [INFO] Argument:325 - Argument : Initvalue: null
2025-07-08 22:35:30,822 [INFO] Argument:327 - 	 sub Args: 
2025-07-08 22:35:30,822 [INFO] Argument:325 - Argument : Channelvalue: DMA_CHANNEL_4
2025-07-08 22:35:30,822 [INFO] Argument:335 - Argument : Channelvalue: DMA_CHANNEL_4
2025-07-08 22:35:30,822 [INFO] Argument:325 - Argument : Directionvalue: DMA_MEMORY_TO_PERIPH
2025-07-08 22:35:30,822 [INFO] Argument:335 - Argument : Directionvalue: DMA_MEMORY_TO_PERIPH
2025-07-08 22:35:30,822 [INFO] Argument:325 - Argument : PeriphIncvalue: DMA_PINC_DISABLE
2025-07-08 22:35:30,822 [INFO] Argument:335 - Argument : PeriphIncvalue: DMA_PINC_DISABLE
2025-07-08 22:35:30,822 [INFO] Argument:325 - Argument : MemIncvalue: DMA_MINC_ENABLE
2025-07-08 22:35:30,822 [INFO] Argument:335 - Argument : MemIncvalue: DMA_MINC_ENABLE
2025-07-08 22:35:30,822 [INFO] Argument:325 - Argument : PeriphDataAlignmentvalue: DMA_PDATAALIGN_BYTE
2025-07-08 22:35:30,822 [INFO] Argument:335 - Argument : PeriphDataAlignmentvalue: DMA_PDATAALIGN_BYTE
2025-07-08 22:35:30,822 [INFO] Argument:325 - Argument : MemDataAlignmentvalue: DMA_MDATAALIGN_BYTE
2025-07-08 22:35:30,822 [INFO] Argument:335 - Argument : MemDataAlignmentvalue: DMA_MDATAALIGN_BYTE
2025-07-08 22:35:30,823 [INFO] Argument:325 - Argument : Modevalue: DMA_NORMAL
2025-07-08 22:35:30,823 [INFO] Argument:335 - Argument : Modevalue: DMA_NORMAL
2025-07-08 22:35:30,823 [INFO] Argument:325 - Argument : Priorityvalue: DMA_PRIORITY_MEDIUM
2025-07-08 22:35:30,823 [INFO] Argument:335 - Argument : Priorityvalue: DMA_PRIORITY_MEDIUM
2025-07-08 22:35:30,823 [INFO] Argument:325 - Argument : FIFOModevalue: DMA_FIFOMODE_DISABLE
2025-07-08 22:35:30,823 [INFO] Argument:335 - Argument : FIFOModevalue: DMA_FIFOMODE_DISABLE
2025-07-08 22:35:30,823 [INFO] Argument:325 - Argument : FIFOThresholdvalue: null
2025-07-08 22:35:30,823 [INFO] Argument:335 - Argument : FIFOThresholdvalue: null
2025-07-08 22:35:30,823 [INFO] Argument:325 - Argument : MemBurstvalue: null
2025-07-08 22:35:30,823 [INFO] Argument:335 - Argument : MemBurstvalue: null
2025-07-08 22:35:30,823 [INFO] Argument:325 - Argument : PeriphBurstvalue: null
2025-07-08 22:35:30,823 [INFO] Argument:335 - Argument : PeriphBurstvalue: null
2025-07-08 22:35:30,823 [INFO] Argument:325 - Argument : Lockvalue: null
2025-07-08 22:35:30,823 [INFO] Argument:335 - Argument : Lockvalue: null
2025-07-08 22:35:30,823 [INFO] Argument:325 - Argument : Statevalue: null
2025-07-08 22:35:30,823 [INFO] Argument:335 - Argument : Statevalue: null
2025-07-08 22:35:30,823 [INFO] Argument:325 - Argument : Parentvalue: null
2025-07-08 22:35:30,823 [INFO] Argument:335 - Argument : Parentvalue: null
2025-07-08 22:35:30,823 [INFO] Argument:325 - Argument : XferCpltCallbackvalue: null
2025-07-08 22:35:30,823 [INFO] Argument:335 - Argument : XferCpltCallbackvalue: null
2025-07-08 22:35:30,823 [INFO] Argument:325 - Argument : XferHalfCpltCallbackvalue: null
2025-07-08 22:35:30,823 [INFO] Argument:335 - Argument : XferHalfCpltCallbackvalue: null
2025-07-08 22:35:30,823 [INFO] Argument:325 - Argument : XferM1CpltCallbackvalue: null
2025-07-08 22:35:30,823 [INFO] Argument:335 - Argument : XferM1CpltCallbackvalue: null
2025-07-08 22:35:30,823 [INFO] Argument:325 - Argument : XferErrorCallbackvalue: null
2025-07-08 22:35:30,823 [INFO] Argument:335 - Argument : XferErrorCallbackvalue: null
2025-07-08 22:35:30,823 [INFO] Argument:325 - Argument : ErrorCodevalue: null
2025-07-08 22:35:30,823 [INFO] Argument:335 - Argument : ErrorCodevalue: null
2025-07-08 22:35:30,876 [INFO] CodeEngine:263 - oldGeneratedFile, /media/adrian/usb_a/Chambas/Inbiodroid/Horno_d_reflujo/Firmware/stm32f411/reflow_oven/MXTmpFiles/license.tmp_save
2025-07-08 22:35:30,934 [INFO] CodeEngine:287 - Generated code: /media/adrian/usb_a/Chambas/Inbiodroid/Horno_d_reflujo/Firmware/stm32f411/reflow_oven/MXTmpFiles/license.tmp
2025-07-08 22:35:35,250 [INFO] CodeEngine:263 - oldGeneratedFile, /media/adrian/usb_a/Chambas/Inbiodroid/Horno_d_reflujo/Firmware/stm32f411/reflow_oven/MXTmpFiles/gpio.tmp_save
2025-07-08 22:35:35,303 [INFO] CodeEngine:287 - Generated code: /media/adrian/usb_a/Chambas/Inbiodroid/Horno_d_reflujo/Firmware/stm32f411/reflow_oven/MXTmpFiles/gpio.tmp
2025-07-08 22:35:39,726 [INFO] CodeEngine:263 - oldGeneratedFile, /media/adrian/usb_a/Chambas/Inbiodroid/Horno_d_reflujo/Firmware/stm32f411/reflow_oven/MXTmpFiles/dma.tmp_save
2025-07-08 22:35:39,777 [INFO] CodeEngine:287 - Generated code: /media/adrian/usb_a/Chambas/Inbiodroid/Horno_d_reflujo/Firmware/stm32f411/reflow_oven/MXTmpFiles/dma.tmp
2025-07-08 22:35:39,778 [INFO] CodeEngine:263 - oldGeneratedFile, /media/adrian/usb_a/Chambas/Inbiodroid/Horno_d_reflujo/Firmware/stm32f411/reflow_oven/MXTmpFiles/dma_GV.tmp_save
2025-07-08 22:35:39,820 [INFO] CodeEngine:287 - Generated code: /media/adrian/usb_a/Chambas/Inbiodroid/Horno_d_reflujo/Firmware/stm32f411/reflow_oven/MXTmpFiles/dma_GV.tmp
2025-07-08 22:35:39,834 [INFO] CodeEngine:263 - oldGeneratedFile, /media/adrian/usb_a/Chambas/Inbiodroid/Horno_d_reflujo/Firmware/stm32f411/reflow_oven/Core/Src/stm32f4xx_it.c_save
2025-07-08 22:35:39,895 [INFO] CodeEngine:287 - Generated code: /media/adrian/usb_a/Chambas/Inbiodroid/Horno_d_reflujo/Firmware/stm32f411/reflow_oven/Core/Src/stm32f4xx_it.c
2025-07-08 22:35:39,897 [INFO] CodeEngine:263 - oldGeneratedFile, /media/adrian/usb_a/Chambas/Inbiodroid/Horno_d_reflujo/Firmware/stm32f411/reflow_oven/Core/Inc/stm32f4xx_it.h_save
2025-07-08 22:35:39,942 [INFO] CodeEngine:287 - Generated code: /media/adrian/usb_a/Chambas/Inbiodroid/Horno_d_reflujo/Firmware/stm32f411/reflow_oven/Core/Inc/stm32f4xx_it.h
2025-07-08 22:35:39,947 [INFO] CodeEngine:263 - oldGeneratedFile, /media/adrian/usb_a/Chambas/Inbiodroid/Horno_d_reflujo/Firmware/stm32f411/reflow_oven/Core/Src/stm32f4xx_hal_msp.c_save
2025-07-08 22:35:40,019 [INFO] CodeEngine:287 - Generated code: /media/adrian/usb_a/Chambas/Inbiodroid/Horno_d_reflujo/Firmware/stm32f411/reflow_oven/Core/Src/stm32f4xx_hal_msp.c
2025-07-08 22:35:40,020 [INFO] CodeEngine:263 - oldGeneratedFile, /media/adrian/usb_a/Chambas/Inbiodroid/Horno_d_reflujo/Firmware/stm32f411/reflow_oven/MXTmpFiles/system.tmp_save
2025-07-08 22:35:40,065 [INFO] CodeEngine:287 - Generated code: /media/adrian/usb_a/Chambas/Inbiodroid/Horno_d_reflujo/Firmware/stm32f411/reflow_oven/MXTmpFiles/system.tmp
2025-07-08 22:35:40,069 [INFO] CodeEngine:319 - oldGeneratedFile, /media/adrian/usb_a/Chambas/Inbiodroid/Horno_d_reflujo/Firmware/stm32f411/reflow_oven/Core/Inc/stm32f4xx_hal_conf.h_save
2025-07-08 22:35:40,122 [INFO] CodeEngine:343 - Generated code: /media/adrian/usb_a/Chambas/Inbiodroid/Horno_d_reflujo/Firmware/stm32f411/reflow_oven/Core/Inc/stm32f4xx_hal_conf.h
2025-07-08 22:35:40,131 [WARN] IPConfigManager:3790 - IP not found : TIM
2025-07-08 22:35:40,131 [WARN] CodeGenerator:4198 - IP not found : null
2025-07-08 22:35:40,134 [INFO] CodeEngine:263 - oldGeneratedFile, /media/adrian/usb_a/Chambas/Inbiodroid/Horno_d_reflujo/Firmware/stm32f411/reflow_oven/Core/Inc/main.h_save
2025-07-08 22:35:40,181 [INFO] CodeEngine:287 - Generated code: /media/adrian/usb_a/Chambas/Inbiodroid/Horno_d_reflujo/Firmware/stm32f411/reflow_oven/Core/Inc/main.h
2025-07-08 22:35:40,183 [INFO] CodeEngine:263 - oldGeneratedFile, /media/adrian/usb_a/Chambas/Inbiodroid/Horno_d_reflujo/Firmware/stm32f411/reflow_oven/Core/Src/main.c_save
2025-07-08 22:35:40,277 [INFO] CodeEngine:287 - Generated code: /media/adrian/usb_a/Chambas/Inbiodroid/Horno_d_reflujo/Firmware/stm32f411/reflow_oven/Core/Src/main.c
2025-07-08 22:35:58,643 [INFO] ProjectBuilder:3324 - Time for Copy HAL[1] : 18217mS.
2025-07-08 22:35:58,645 [INFO] ProjectBuilder:4912 - Project Generator version: 4.6.0.1-B1
2025-07-08 22:35:58,702 [INFO] ConfigFileManager:1590 - The Die is : DIE431
2025-07-08 22:35:59,338 [INFO] ProjectBuilder:5191 - Time for Generating toolchain IDE Files: 693mS.
2025-07-08 22:35:59,338 [INFO] ProjectBuilder:3181 - Time for Copy CMSIS : 0mS.
2025-07-08 22:35:59,342 [INFO] ProjectBuilder:3181 - Time for Copy CMSIS : 0mS.
2025-07-08 22:36:18,108 [INFO] NvicIntPanel:101 - NVIC parent = com.st.microxplorer.plugins.ip.nvic.MultiNvicIntPanel[,0,0,0x0,invalid,layout=javax.swing.BoxLayout,alignmentX=0.0,alignmentY=0.0,border=,flags=9,maximumSize=,minimumSize=,preferredSize=]
2025-07-08 22:36:28,450 [INFO] UtilMem:75 - End SaveConfig() Used Memory: 851828096 Bytes (1073741824)
2025-07-08 22:36:29,259 [INFO] UtilMem:75 - End SaveConfig() Used Memory: 870702464 Bytes (1073741824)
2025-07-08 22:36:29,551 [INFO] UtilMem:75 - End SaveConfig() Used Memory: 937811328 Bytes (1073741824)
2025-07-08 22:36:29,616 [INFO] BlockDiagram:2775 - set Specific Code input for plugin: SPI
2025-07-08 22:36:29,616 [INFO] BlockDiagram:2775 - set Specific Code input for plugin: NVIC
2025-07-08 22:36:29,616 [INFO] BlockDiagram:2775 - set Specific Code input for plugin: USART
2025-07-08 22:36:29,616 [INFO] BlockDiagram:2775 - set Specific Code input for plugin: DMA
2025-07-08 22:36:29,616 [INFO] BlockDiagram:2775 - set Specific Code input for plugin: TIM1_8
2025-07-08 22:36:29,616 [INFO] BlockDiagram:2775 - set Specific Code input for plugin: TIM1_8
2025-07-08 22:36:29,616 [INFO] BlockDiagram:2775 - set Specific Code input for plugin: TIM1_8
2025-07-08 22:36:29,616 [INFO] BlockDiagram:2775 - set Specific Code input for plugin: SYS
2025-07-08 22:36:29,616 [INFO] BlockDiagram:2775 - set Specific Code input for plugin: GPIO
2025-07-08 22:36:29,616 [INFO] BlockDiagram:2775 - set Specific Code input for plugin: RCC
2025-07-08 22:36:29,616 [INFO] BlockDiagram:2775 - set Specific Code input for plugin: I2C
2025-07-08 22:36:29,616 [INFO] CodeGenerator:882 - code generatio: config db path: /home/adrian/st/stm32cubeide_1.18.1/plugins/com.st.stm32cube.common.mx_6.14.1.202504091515//db/
2025-07-08 22:36:29,617 [WARN] IP:2250 - I2C_Coeff_DF not found: check if there is a RefParameter without a condition.
2025-07-08 22:36:29,617 [WARN] IP:2250 - Analog_Filter not found: check if there is a RefParameter without a condition.
2025-07-08 22:36:29,618 [INFO] Argument:325 - Argument : hdmavalue: null
2025-07-08 22:36:29,618 [INFO] Argument:327 - 	 sub Args: 
2025-07-08 22:36:29,618 [INFO] Argument:325 - Argument : Instancevalue: DMA1_Stream1
2025-07-08 22:36:29,618 [INFO] Argument:335 - Argument : Instancevalue: DMA1_Stream1
2025-07-08 22:36:29,618 [INFO] Argument:325 - Argument : Initvalue: null
2025-07-08 22:36:29,618 [INFO] Argument:327 - 	 sub Args: 
2025-07-08 22:36:29,618 [INFO] Argument:325 - Argument : Channelvalue: DMA_CHANNEL_0
2025-07-08 22:36:29,618 [INFO] Argument:335 - Argument : Channelvalue: DMA_CHANNEL_0
2025-07-08 22:36:29,618 [INFO] Argument:325 - Argument : Directionvalue: DMA_MEMORY_TO_PERIPH
2025-07-08 22:36:29,618 [INFO] Argument:335 - Argument : Directionvalue: DMA_MEMORY_TO_PERIPH
2025-07-08 22:36:29,618 [INFO] Argument:325 - Argument : PeriphIncvalue: DMA_PINC_DISABLE
2025-07-08 22:36:29,618 [INFO] Argument:335 - Argument : PeriphIncvalue: DMA_PINC_DISABLE
2025-07-08 22:36:29,618 [INFO] Argument:325 - Argument : MemIncvalue: DMA_MINC_ENABLE
2025-07-08 22:36:29,618 [INFO] Argument:335 - Argument : MemIncvalue: DMA_MINC_ENABLE
2025-07-08 22:36:29,618 [INFO] Argument:325 - Argument : PeriphDataAlignmentvalue: DMA_PDATAALIGN_BYTE
2025-07-08 22:36:29,618 [INFO] Argument:335 - Argument : PeriphDataAlignmentvalue: DMA_PDATAALIGN_BYTE
2025-07-08 22:36:29,618 [INFO] Argument:325 - Argument : MemDataAlignmentvalue: DMA_MDATAALIGN_BYTE
2025-07-08 22:36:29,618 [INFO] Argument:335 - Argument : MemDataAlignmentvalue: DMA_MDATAALIGN_BYTE
2025-07-08 22:36:29,618 [INFO] Argument:325 - Argument : Modevalue: DMA_NORMAL
2025-07-08 22:36:29,618 [INFO] Argument:335 - Argument : Modevalue: DMA_NORMAL
2025-07-08 22:36:29,618 [INFO] Argument:325 - Argument : Priorityvalue: DMA_PRIORITY_LOW
2025-07-08 22:36:29,618 [INFO] Argument:335 - Argument : Priorityvalue: DMA_PRIORITY_LOW
2025-07-08 22:36:29,618 [INFO] Argument:325 - Argument : FIFOModevalue: DMA_FIFOMODE_DISABLE
2025-07-08 22:36:29,618 [INFO] Argument:335 - Argument : FIFOModevalue: DMA_FIFOMODE_DISABLE
2025-07-08 22:36:29,618 [INFO] Argument:325 - Argument : FIFOThresholdvalue: null
2025-07-08 22:36:29,618 [INFO] Argument:335 - Argument : FIFOThresholdvalue: null
2025-07-08 22:36:29,618 [INFO] Argument:325 - Argument : MemBurstvalue: null
2025-07-08 22:36:29,618 [INFO] Argument:335 - Argument : MemBurstvalue: null
2025-07-08 22:36:29,618 [INFO] Argument:325 - Argument : PeriphBurstvalue: null
2025-07-08 22:36:29,618 [INFO] Argument:335 - Argument : PeriphBurstvalue: null
2025-07-08 22:36:29,618 [INFO] Argument:325 - Argument : Lockvalue: null
2025-07-08 22:36:29,618 [INFO] Argument:335 - Argument : Lockvalue: null
2025-07-08 22:36:29,618 [INFO] Argument:325 - Argument : Statevalue: null
2025-07-08 22:36:29,618 [INFO] Argument:335 - Argument : Statevalue: null
2025-07-08 22:36:29,618 [INFO] Argument:325 - Argument : Parentvalue: null
2025-07-08 22:36:29,618 [INFO] Argument:335 - Argument : Parentvalue: null
2025-07-08 22:36:29,618 [INFO] Argument:325 - Argument : XferCpltCallbackvalue: null
2025-07-08 22:36:29,618 [INFO] Argument:335 - Argument : XferCpltCallbackvalue: null
2025-07-08 22:36:29,618 [INFO] Argument:325 - Argument : XferHalfCpltCallbackvalue: null
2025-07-08 22:36:29,618 [INFO] Argument:335 - Argument : XferHalfCpltCallbackvalue: null
2025-07-08 22:36:29,618 [INFO] Argument:325 - Argument : XferM1CpltCallbackvalue: null
2025-07-08 22:36:29,618 [INFO] Argument:335 - Argument : XferM1CpltCallbackvalue: null
2025-07-08 22:36:29,618 [INFO] Argument:325 - Argument : XferErrorCallbackvalue: null
2025-07-08 22:36:29,618 [INFO] Argument:335 - Argument : XferErrorCallbackvalue: null
2025-07-08 22:36:29,618 [INFO] Argument:325 - Argument : ErrorCodevalue: null
2025-07-08 22:36:29,618 [INFO] Argument:335 - Argument : ErrorCodevalue: null
2025-07-08 22:36:29,634 [INFO] Argument:325 - Argument : hdmavalue: null
2025-07-08 22:36:29,634 [INFO] Argument:327 - 	 sub Args: 
2025-07-08 22:36:29,634 [INFO] Argument:325 - Argument : Instancevalue: DMA2_Stream2
2025-07-08 22:36:29,634 [INFO] Argument:335 - Argument : Instancevalue: DMA2_Stream2
2025-07-08 22:36:29,634 [INFO] Argument:325 - Argument : Initvalue: null
2025-07-08 22:36:29,634 [INFO] Argument:327 - 	 sub Args: 
2025-07-08 22:36:29,634 [INFO] Argument:325 - Argument : Channelvalue: DMA_CHANNEL_4
2025-07-08 22:36:29,634 [INFO] Argument:335 - Argument : Channelvalue: DMA_CHANNEL_4
2025-07-08 22:36:29,634 [INFO] Argument:325 - Argument : Directionvalue: DMA_PERIPH_TO_MEMORY
2025-07-08 22:36:29,634 [INFO] Argument:335 - Argument : Directionvalue: DMA_PERIPH_TO_MEMORY
2025-07-08 22:36:29,634 [INFO] Argument:325 - Argument : PeriphIncvalue: DMA_PINC_DISABLE
2025-07-08 22:36:29,634 [INFO] Argument:335 - Argument : PeriphIncvalue: DMA_PINC_DISABLE
2025-07-08 22:36:29,634 [INFO] Argument:325 - Argument : MemIncvalue: DMA_MINC_ENABLE
2025-07-08 22:36:29,634 [INFO] Argument:335 - Argument : MemIncvalue: DMA_MINC_ENABLE
2025-07-08 22:36:29,634 [INFO] Argument:325 - Argument : PeriphDataAlignmentvalue: DMA_PDATAALIGN_BYTE
2025-07-08 22:36:29,634 [INFO] Argument:335 - Argument : PeriphDataAlignmentvalue: DMA_PDATAALIGN_BYTE
2025-07-08 22:36:29,634 [INFO] Argument:325 - Argument : MemDataAlignmentvalue: DMA_MDATAALIGN_BYTE
2025-07-08 22:36:29,634 [INFO] Argument:335 - Argument : MemDataAlignmentvalue: DMA_MDATAALIGN_BYTE
2025-07-08 22:36:29,634 [INFO] Argument:325 - Argument : Modevalue: DMA_NORMAL
2025-07-08 22:36:29,634 [INFO] Argument:335 - Argument : Modevalue: DMA_NORMAL
2025-07-08 22:36:29,634 [INFO] Argument:325 - Argument : Priorityvalue: DMA_PRIORITY_LOW
2025-07-08 22:36:29,634 [INFO] Argument:335 - Argument : Priorityvalue: DMA_PRIORITY_LOW
2025-07-08 22:36:29,634 [INFO] Argument:325 - Argument : FIFOModevalue: DMA_FIFOMODE_DISABLE
2025-07-08 22:36:29,634 [INFO] Argument:335 - Argument : FIFOModevalue: DMA_FIFOMODE_DISABLE
2025-07-08 22:36:29,634 [INFO] Argument:325 - Argument : FIFOThresholdvalue: null
2025-07-08 22:36:29,634 [INFO] Argument:335 - Argument : FIFOThresholdvalue: null
2025-07-08 22:36:29,634 [INFO] Argument:325 - Argument : MemBurstvalue: null
2025-07-08 22:36:29,634 [INFO] Argument:335 - Argument : MemBurstvalue: null
2025-07-08 22:36:29,634 [INFO] Argument:325 - Argument : PeriphBurstvalue: null
2025-07-08 22:36:29,634 [INFO] Argument:335 - Argument : PeriphBurstvalue: null
2025-07-08 22:36:29,634 [INFO] Argument:325 - Argument : Lockvalue: null
2025-07-08 22:36:29,634 [INFO] Argument:335 - Argument : Lockvalue: null
2025-07-08 22:36:29,634 [INFO] Argument:325 - Argument : Statevalue: null
2025-07-08 22:36:29,634 [INFO] Argument:335 - Argument : Statevalue: null
2025-07-08 22:36:29,634 [INFO] Argument:325 - Argument : Parentvalue: null
2025-07-08 22:36:29,634 [INFO] Argument:335 - Argument : Parentvalue: null
2025-07-08 22:36:29,634 [INFO] Argument:325 - Argument : XferCpltCallbackvalue: null
2025-07-08 22:36:29,634 [INFO] Argument:335 - Argument : XferCpltCallbackvalue: null
2025-07-08 22:36:29,634 [INFO] Argument:325 - Argument : XferHalfCpltCallbackvalue: null
2025-07-08 22:36:29,634 [INFO] Argument:335 - Argument : XferHalfCpltCallbackvalue: null
2025-07-08 22:36:29,634 [INFO] Argument:325 - Argument : XferM1CpltCallbackvalue: null
2025-07-08 22:36:29,634 [INFO] Argument:335 - Argument : XferM1CpltCallbackvalue: null
2025-07-08 22:36:29,634 [INFO] Argument:325 - Argument : XferErrorCallbackvalue: null
2025-07-08 22:36:29,634 [INFO] Argument:335 - Argument : XferErrorCallbackvalue: null
2025-07-08 22:36:29,634 [INFO] Argument:325 - Argument : ErrorCodevalue: null
2025-07-08 22:36:29,634 [INFO] Argument:335 - Argument : ErrorCodevalue: null
2025-07-08 22:36:29,635 [INFO] Argument:325 - Argument : hdmavalue: null
2025-07-08 22:36:29,635 [INFO] Argument:327 - 	 sub Args: 
2025-07-08 22:36:29,635 [INFO] Argument:325 - Argument : Instancevalue: DMA2_Stream7
2025-07-08 22:36:29,635 [INFO] Argument:335 - Argument : Instancevalue: DMA2_Stream7
2025-07-08 22:36:29,635 [INFO] Argument:325 - Argument : Initvalue: null
2025-07-08 22:36:29,635 [INFO] Argument:327 - 	 sub Args: 
2025-07-08 22:36:29,635 [INFO] Argument:325 - Argument : Channelvalue: DMA_CHANNEL_4
2025-07-08 22:36:29,635 [INFO] Argument:335 - Argument : Channelvalue: DMA_CHANNEL_4
2025-07-08 22:36:29,635 [INFO] Argument:325 - Argument : Directionvalue: DMA_MEMORY_TO_PERIPH
2025-07-08 22:36:29,635 [INFO] Argument:335 - Argument : Directionvalue: DMA_MEMORY_TO_PERIPH
2025-07-08 22:36:29,635 [INFO] Argument:325 - Argument : PeriphIncvalue: DMA_PINC_DISABLE
2025-07-08 22:36:29,635 [INFO] Argument:335 - Argument : PeriphIncvalue: DMA_PINC_DISABLE
2025-07-08 22:36:29,635 [INFO] Argument:325 - Argument : MemIncvalue: DMA_MINC_ENABLE
2025-07-08 22:36:29,635 [INFO] Argument:335 - Argument : MemIncvalue: DMA_MINC_ENABLE
2025-07-08 22:36:29,635 [INFO] Argument:325 - Argument : PeriphDataAlignmentvalue: DMA_PDATAALIGN_BYTE
2025-07-08 22:36:29,635 [INFO] Argument:335 - Argument : PeriphDataAlignmentvalue: DMA_PDATAALIGN_BYTE
2025-07-08 22:36:29,635 [INFO] Argument:325 - Argument : MemDataAlignmentvalue: DMA_MDATAALIGN_BYTE
2025-07-08 22:36:29,635 [INFO] Argument:335 - Argument : MemDataAlignmentvalue: DMA_MDATAALIGN_BYTE
2025-07-08 22:36:29,635 [INFO] Argument:325 - Argument : Modevalue: DMA_NORMAL
2025-07-08 22:36:29,635 [INFO] Argument:335 - Argument : Modevalue: DMA_NORMAL
2025-07-08 22:36:29,635 [INFO] Argument:325 - Argument : Priorityvalue: DMA_PRIORITY_MEDIUM
2025-07-08 22:36:29,635 [INFO] Argument:335 - Argument : Priorityvalue: DMA_PRIORITY_MEDIUM
2025-07-08 22:36:29,635 [INFO] Argument:325 - Argument : FIFOModevalue: DMA_FIFOMODE_DISABLE
2025-07-08 22:36:29,635 [INFO] Argument:335 - Argument : FIFOModevalue: DMA_FIFOMODE_DISABLE
2025-07-08 22:36:29,635 [INFO] Argument:325 - Argument : FIFOThresholdvalue: null
2025-07-08 22:36:29,635 [INFO] Argument:335 - Argument : FIFOThresholdvalue: null
2025-07-08 22:36:29,635 [INFO] Argument:325 - Argument : MemBurstvalue: null
2025-07-08 22:36:29,635 [INFO] Argument:335 - Argument : MemBurstvalue: null
2025-07-08 22:36:29,635 [INFO] Argument:325 - Argument : PeriphBurstvalue: null
2025-07-08 22:36:29,635 [INFO] Argument:335 - Argument : PeriphBurstvalue: null
2025-07-08 22:36:29,635 [INFO] Argument:325 - Argument : Lockvalue: null
2025-07-08 22:36:29,635 [INFO] Argument:335 - Argument : Lockvalue: null
2025-07-08 22:36:29,635 [INFO] Argument:325 - Argument : Statevalue: null
2025-07-08 22:36:29,635 [INFO] Argument:335 - Argument : Statevalue: null
2025-07-08 22:36:29,635 [INFO] Argument:325 - Argument : Parentvalue: null
2025-07-08 22:36:29,635 [INFO] Argument:335 - Argument : Parentvalue: null
2025-07-08 22:36:29,635 [INFO] Argument:325 - Argument : XferCpltCallbackvalue: null
2025-07-08 22:36:29,635 [INFO] Argument:335 - Argument : XferCpltCallbackvalue: null
2025-07-08 22:36:29,635 [INFO] Argument:325 - Argument : XferHalfCpltCallbackvalue: null
2025-07-08 22:36:29,635 [INFO] Argument:335 - Argument : XferHalfCpltCallbackvalue: null
2025-07-08 22:36:29,635 [INFO] Argument:325 - Argument : XferM1CpltCallbackvalue: null
2025-07-08 22:36:29,635 [INFO] Argument:335 - Argument : XferM1CpltCallbackvalue: null
2025-07-08 22:36:29,635 [INFO] Argument:325 - Argument : XferErrorCallbackvalue: null
2025-07-08 22:36:29,635 [INFO] Argument:335 - Argument : XferErrorCallbackvalue: null
2025-07-08 22:36:29,635 [INFO] Argument:325 - Argument : ErrorCodevalue: null
2025-07-08 22:36:29,635 [INFO] Argument:335 - Argument : ErrorCodevalue: null
2025-07-08 22:36:29,677 [INFO] CodeEngine:263 - oldGeneratedFile, /media/adrian/usb_a/Chambas/Inbiodroid/Horno_d_reflujo/Firmware/stm32f411/reflow_oven/MXTmpFiles/license.tmp_save
2025-07-08 22:36:29,722 [INFO] CodeEngine:287 - Generated code: /media/adrian/usb_a/Chambas/Inbiodroid/Horno_d_reflujo/Firmware/stm32f411/reflow_oven/MXTmpFiles/license.tmp
2025-07-08 22:36:29,735 [INFO] CodeEngine:263 - oldGeneratedFile, /media/adrian/usb_a/Chambas/Inbiodroid/Horno_d_reflujo/Firmware/stm32f411/reflow_oven/MXTmpFiles/gpio.tmp_save
2025-07-08 22:36:29,783 [INFO] CodeEngine:287 - Generated code: /media/adrian/usb_a/Chambas/Inbiodroid/Horno_d_reflujo/Firmware/stm32f411/reflow_oven/MXTmpFiles/gpio.tmp
2025-07-08 22:36:30,054 [INFO] CodeEngine:263 - oldGeneratedFile, /media/adrian/usb_a/Chambas/Inbiodroid/Horno_d_reflujo/Firmware/stm32f411/reflow_oven/MXTmpFiles/dma.tmp_save
2025-07-08 22:36:30,102 [INFO] CodeEngine:287 - Generated code: /media/adrian/usb_a/Chambas/Inbiodroid/Horno_d_reflujo/Firmware/stm32f411/reflow_oven/MXTmpFiles/dma.tmp
2025-07-08 22:36:30,103 [INFO] CodeEngine:263 - oldGeneratedFile, /media/adrian/usb_a/Chambas/Inbiodroid/Horno_d_reflujo/Firmware/stm32f411/reflow_oven/MXTmpFiles/dma_GV.tmp_save
2025-07-08 22:36:30,147 [INFO] CodeEngine:287 - Generated code: /media/adrian/usb_a/Chambas/Inbiodroid/Horno_d_reflujo/Firmware/stm32f411/reflow_oven/MXTmpFiles/dma_GV.tmp
2025-07-08 22:36:30,153 [INFO] CodeEngine:263 - oldGeneratedFile, /media/adrian/usb_a/Chambas/Inbiodroid/Horno_d_reflujo/Firmware/stm32f411/reflow_oven/Core/Src/stm32f4xx_it.c_save
2025-07-08 22:36:30,211 [INFO] CodeEngine:287 - Generated code: /media/adrian/usb_a/Chambas/Inbiodroid/Horno_d_reflujo/Firmware/stm32f411/reflow_oven/Core/Src/stm32f4xx_it.c
2025-07-08 22:36:30,213 [INFO] CodeEngine:263 - oldGeneratedFile, /media/adrian/usb_a/Chambas/Inbiodroid/Horno_d_reflujo/Firmware/stm32f411/reflow_oven/Core/Inc/stm32f4xx_it.h_save
2025-07-08 22:36:30,257 [INFO] CodeEngine:287 - Generated code: /media/adrian/usb_a/Chambas/Inbiodroid/Horno_d_reflujo/Firmware/stm32f411/reflow_oven/Core/Inc/stm32f4xx_it.h
2025-07-08 22:36:30,262 [INFO] CodeEngine:263 - oldGeneratedFile, /media/adrian/usb_a/Chambas/Inbiodroid/Horno_d_reflujo/Firmware/stm32f411/reflow_oven/Core/Src/stm32f4xx_hal_msp.c_save
2025-07-08 22:36:30,334 [INFO] CodeEngine:287 - Generated code: /media/adrian/usb_a/Chambas/Inbiodroid/Horno_d_reflujo/Firmware/stm32f411/reflow_oven/Core/Src/stm32f4xx_hal_msp.c
2025-07-08 22:36:30,335 [INFO] CodeEngine:263 - oldGeneratedFile, /media/adrian/usb_a/Chambas/Inbiodroid/Horno_d_reflujo/Firmware/stm32f411/reflow_oven/MXTmpFiles/system.tmp_save
2025-07-08 22:36:30,378 [INFO] CodeEngine:287 - Generated code: /media/adrian/usb_a/Chambas/Inbiodroid/Horno_d_reflujo/Firmware/stm32f411/reflow_oven/MXTmpFiles/system.tmp
2025-07-08 22:36:30,380 [INFO] CodeEngine:319 - oldGeneratedFile, /media/adrian/usb_a/Chambas/Inbiodroid/Horno_d_reflujo/Firmware/stm32f411/reflow_oven/Core/Inc/stm32f4xx_hal_conf.h_save
2025-07-08 22:36:30,430 [INFO] CodeEngine:343 - Generated code: /media/adrian/usb_a/Chambas/Inbiodroid/Horno_d_reflujo/Firmware/stm32f411/reflow_oven/Core/Inc/stm32f4xx_hal_conf.h
2025-07-08 22:36:30,439 [WARN] IPConfigManager:3790 - IP not found : TIM
2025-07-08 22:36:30,439 [WARN] CodeGenerator:4198 - IP not found : null
2025-07-08 22:36:30,441 [INFO] CodeEngine:263 - oldGeneratedFile, /media/adrian/usb_a/Chambas/Inbiodroid/Horno_d_reflujo/Firmware/stm32f411/reflow_oven/Core/Inc/main.h_save
2025-07-08 22:36:30,487 [INFO] CodeEngine:287 - Generated code: /media/adrian/usb_a/Chambas/Inbiodroid/Horno_d_reflujo/Firmware/stm32f411/reflow_oven/Core/Inc/main.h
2025-07-08 22:36:30,488 [INFO] CodeEngine:263 - oldGeneratedFile, /media/adrian/usb_a/Chambas/Inbiodroid/Horno_d_reflujo/Firmware/stm32f411/reflow_oven/Core/Src/main.c_save
2025-07-08 22:36:30,568 [INFO] CodeEngine:287 - Generated code: /media/adrian/usb_a/Chambas/Inbiodroid/Horno_d_reflujo/Firmware/stm32f411/reflow_oven/Core/Src/main.c
2025-07-08 22:37:12,247 [INFO] ProjectBuilder:3324 - Time for Copy HAL[1] : 41541mS.
2025-07-08 22:37:12,248 [INFO] ProjectBuilder:4912 - Project Generator version: 4.6.0.1-B1
2025-07-08 22:37:12,305 [INFO] ConfigFileManager:1590 - The Die is : DIE431
2025-07-08 22:37:12,894 [INFO] ProjectBuilder:5191 - Time for Generating toolchain IDE Files: 646mS.
2025-07-08 22:37:12,895 [INFO] ProjectBuilder:3181 - Time for Copy CMSIS : 1mS.
2025-07-08 22:37:12,899 [INFO] ProjectBuilder:3181 - Time for Copy CMSIS : 0mS.
