
2025-08-27 21:17:13,126 - INFO - Archivo Excel existente cargado: regresion_horno.xlsx
2025-08-27 21:17:13,159 - INFO - Nueva hoja creada: 2025-08-27_21-17-13
2025-08-27 21:17:13,159 - INFO - Intento de conexión 1 a 192.168.1.150
2025-08-27 21:17:13,182 - INFO - Conexión WebSocket establecida
2025-08-27 21:17:15,590 - INFO - Buffer vaciado y archivo guardado exitosamente
2025-08-27 21:17:18,345 - INFO - Buffer vaciado y archivo guardado exitosamente
2025-08-27 21:17:20,831 - INFO - Buffer vaciado y archivo guardado exitosamente
2025-08-27 21:17:23,333 - INFO - Buffer vaciado y archivo guardado exitosamente
2025-08-27 21:17:25,835 - INFO - Buffer vaciado y archivo guardado exitosamente
2025-08-27 21:17:28,582 - INFO - Buffer vaciado y archivo guardado exitosamente
2025-08-27 21:17:31,086 - INFO - Buffer vaciado y archivo guardado exitosamente
2025-08-27 21:17:33,579 - INFO - Buffer vaciado y archivo guardado exitosamente
2025-08-27 21:17:36,333 - INFO - Buffer vaciado y archivo guardado exitosamente
2025-08-27 21:17:38,835 - INFO - Buffer vaciado y archivo guardado exitosamente
2025-08-27 21:17:41,332 - INFO - Buffer vaciado y archivo guardado exitosamente
2025-08-27 21:17:43,834 - INFO - Buffer vaciado y archivo guardado exitosamente
2025-08-27 21:17:46,599 - INFO - Buffer vaciado y archivo guardado exitosamente
2025-08-27 21:17:49,084 - INFO - Buffer vaciado y archivo guardado exitosamente
2025-08-27 21:17:51,585 - INFO - Buffer vaciado y archivo guardado exitosamente
2025-08-27 21:17:54,332 - INFO - Buffer vaciado y archivo guardado exitosamente
2025-08-27 21:17:56,832 - INFO - Buffer vaciado y archivo guardado exitosamente
2025-08-27 21:17:59,335 - INFO - Buffer vaciado y archivo guardado exitosamente
2025-08-27 21:18:02,082 - INFO - Buffer vaciado y archivo guardado exitosamente
2025-08-27 21:18:04,582 - INFO - Buffer vaciado y archivo guardado exitosamente
2025-08-27 21:18:07,080 - INFO - Buffer vaciado y archivo guardado exitosamente
2025-08-27 21:18:09,577 - INFO - Buffer vaciado y archivo guardado exitosamente
2025-08-27 21:18:12,333 - INFO - Buffer vaciado y archivo guardado exitosamente
2025-08-27 21:18:14,834 - INFO - Buffer vaciado y archivo guardado exitosamente
2025-08-27 21:18:17,335 - INFO - Buffer vaciado y archivo guardado exitosamente
2025-08-27 21:18:20,082 - INFO - Buffer vaciado y archivo guardado exitosamente
2025-08-27 21:18:22,582 - INFO - Buffer vaciado y archivo guardado exitosamente
2025-08-27 21:18:25,093 - INFO - Buffer vaciado y archivo guardado exitosamente
2025-08-27 21:18:27,580 - INFO - Buffer vaciado y archivo guardado exitosamente
2025-08-27 21:18:30,333 - INFO - Buffer vaciado y archivo guardado exitosamente
2025-08-27 21:18:32,833 - INFO - Buffer vaciado y archivo guardado exitosamente
2025-08-27 21:18:35,333 - INFO - Buffer vaciado y archivo guardado exitosamente
2025-08-27 21:18:38,082 - INFO - Buffer vaciado y archivo guardado exitosamente
2025-08-27 21:18:40,583 - INFO - Buffer vaciado y archivo guardado exitosamente
2025-08-27 21:18:43,081 - INFO - Buffer vaciado y archivo guardado exitosamente
2025-08-27 21:18:45,832 - INFO - Buffer vaciado y archivo guardado exitosamente
2025-08-27 21:18:48,324 - INFO - Buffer vaciado y archivo guardado exitosamente
2025-08-27 21:18:50,832 - INFO - Buffer vaciado y archivo guardado exitosamente
2025-08-27 21:18:53,580 - INFO - Buffer vaciado y archivo guardado exitosamente
2025-08-27 21:18:56,079 - INFO - Buffer vaciado y archivo guardado exitosamente
2025-08-27 21:18:58,581 - INFO - Buffer vaciado y archivo guardado exitosamente
2025-08-27 21:19:01,082 - INFO - Buffer vaciado y archivo guardado exitosamente
2025-08-27 21:19:03,832 - INFO - Buffer vaciado y archivo guardado exitosamente
2025-08-27 21:19:06,330 - INFO - Buffer vaciado y archivo guardado exitosamente
2025-08-27 21:19:08,830 - INFO - Buffer vaciado y archivo guardado exitosamente
2025-08-27 21:19:11,582 - INFO - Buffer vaciado y archivo guardado exitosamente
2025-08-27 21:19:14,077 - INFO - Buffer vaciado y archivo guardado exitosamente
2025-08-27 21:19:16,580 - INFO - Buffer vaciado y archivo guardado exitosamente
2025-08-27 21:19:19,326 - INFO - Buffer vaciado y archivo guardado exitosamente
2025-08-27 21:19:21,829 - INFO - Buffer vaciado y archivo guardado exitosamente
2025-08-27 21:19:24,331 - INFO - Buffer vaciado y archivo guardado exitosamente
2025-08-27 21:19:26,829 - INFO - Buffer vaciado y archivo guardado exitosamente
2025-08-27 21:19:29,580 - INFO - Buffer vaciado y archivo guardado exitosamente
2025-08-27 21:19:32,080 - INFO - Buffer vaciado y archivo guardado exitosamente
2025-08-27 21:19:34,579 - INFO - Buffer vaciado y archivo guardado exitosamente
2025-08-27 21:19:37,331 - INFO - Buffer vaciado y archivo guardado exitosamente
2025-08-27 21:19:39,832 - INFO - Buffer vaciado y archivo guardado exitosamente
2025-08-27 21:19:42,332 - INFO - Buffer vaciado y archivo guardado exitosamente
2025-08-27 21:19:45,075 - INFO - Buffer vaciado y archivo guardado exitosamente
2025-08-27 21:19:47,579 - INFO - Buffer vaciado y archivo guardado exitosamente
2025-08-27 21:19:50,080 - INFO - Buffer vaciado y archivo guardado exitosamente
2025-08-27 21:19:52,583 - INFO - Buffer vaciado y archivo guardado exitosamente
2025-08-27 21:19:55,331 - INFO - Buffer vaciado y archivo guardado exitosamente
2025-08-27 21:19:57,828 - INFO - Buffer vaciado y archivo guardado exitosamente
2025-08-27 21:20:00,331 - INFO - Buffer vaciado y archivo guardado exitosamente
2025-08-27 21:20:03,082 - INFO - Buffer vaciado y archivo guardado exitosamente
2025-08-27 21:20:05,579 - INFO - Buffer vaciado y archivo guardado exitosamente
2025-08-27 21:20:08,086 - INFO - Buffer vaciado y archivo guardado exitosamente
2025-08-27 21:20:10,575 - INFO - Buffer vaciado y archivo guardado exitosamente
2025-08-27 21:20:13,341 - INFO - Buffer vaciado y archivo guardado exitosamente
2025-08-27 21:20:15,832 - INFO - Buffer vaciado y archivo guardado exitosamente
2025-08-27 21:20:18,330 - INFO - Buffer vaciado y archivo guardado exitosamente
2025-08-27 21:20:21,082 - INFO - Buffer vaciado y archivo guardado exitosamente
2025-08-27 21:20:23,580 - INFO - Buffer vaciado y archivo guardado exitosamente
2025-08-27 21:20:26,093 - INFO - Buffer vaciado y archivo guardado exitosamente
2025-08-27 21:20:28,826 - INFO - Buffer vaciado y archivo guardado exitosamente
2025-08-27 21:20:31,331 - INFO - Buffer vaciado y archivo guardado exitosamente
2025-08-27 21:20:33,830 - INFO - Buffer vaciado y archivo guardado exitosamente
2025-08-27 21:20:36,330 - INFO - Buffer vaciado y archivo guardado exitosamente
2025-08-27 21:20:39,075 - INFO - Buffer vaciado y archivo guardado exitosamente
2025-08-27 21:20:41,576 - INFO - Buffer vaciado y archivo guardado exitosamente
2025-08-27 21:20:44,079 - INFO - Buffer vaciado y archivo guardado exitosamente
2025-08-27 21:20:46,831 - INFO - Buffer vaciado y archivo guardado exitosamente
2025-08-27 21:20:49,328 - INFO - Buffer vaciado y archivo guardado exitosamente
2025-08-27 21:20:51,830 - INFO - Buffer vaciado y archivo guardado exitosamente
2025-08-27 21:20:54,588 - INFO - Buffer vaciado y archivo guardado exitosamente
2025-08-27 21:20:58,837 - INFO - Buffer vaciado y archivo guardado exitosamente
2025-08-27 21:20:59,580 - INFO - Buffer vaciado y archivo guardado exitosamente
2025-08-27 21:21:02,079 - INFO - Buffer vaciado y archivo guardado exitosamente
2025-08-27 21:21:04,832 - INFO - Buffer vaciado y archivo guardado exitosamente
2025-08-27 21:21:07,323 - INFO - Buffer vaciado y archivo guardado exitosamente
2025-08-27 21:21:09,832 - INFO - Buffer vaciado y archivo guardado exitosamente
2025-08-27 21:21:12,579 - INFO - Buffer vaciado y archivo guardado exitosamente
2025-08-27 21:21:15,078 - INFO - Buffer vaciado y archivo guardado exitosamente
2025-08-27 21:21:17,580 - INFO - Buffer vaciado y archivo guardado exitosamente
2025-08-27 21:21:20,329 - INFO - Buffer vaciado y archivo guardado exitosamente
2025-08-27 21:21:22,828 - INFO - Buffer vaciado y archivo guardado exitosamente
2025-08-27 21:21:25,331 - INFO - Buffer vaciado y archivo guardado exitosamente
2025-08-27 21:21:28,080 - INFO - Buffer vaciado y archivo guardado exitosamente
2025-08-27 21:21:31,393 - INFO - Buffer vaciado y archivo guardado exitosamente
2025-08-27 21:21:33,077 - INFO - Buffer vaciado y archivo guardado exitosamente
2025-08-27 21:21:35,577 - INFO - Buffer vaciado y archivo guardado exitosamente
2025-08-27 21:21:38,328 - INFO - Buffer vaciado y archivo guardado exitosamente
2025-08-27 21:21:40,841 - INFO - Buffer vaciado y archivo guardado exitosamente
2025-08-27 21:21:43,328 - INFO - Buffer vaciado y archivo guardado exitosamente
2025-08-27 21:21:46,077 - INFO - Buffer vaciado y archivo guardado exitosamente
2025-08-27 21:21:48,579 - INFO - Buffer vaciado y archivo guardado exitosamente
2025-08-27 21:21:51,076 - INFO - Buffer vaciado y archivo guardado exitosamente
2025-08-27 21:21:53,582 - INFO - Buffer vaciado y archivo guardado exitosamente
2025-08-27 21:21:56,325 - INFO - Buffer vaciado y archivo guardado exitosamente
2025-08-27 21:21:58,823 - INFO - Buffer vaciado y archivo guardado exitosamente
2025-08-27 21:22:01,326 - INFO - Buffer vaciado y archivo guardado exitosamente
2025-08-27 21:22:04,077 - INFO - Buffer vaciado y archivo guardado exitosamente
2025-08-27 21:22:06,581 - INFO - Buffer vaciado y archivo guardado exitosamente
2025-08-27 21:22:09,085 - INFO - Buffer vaciado y archivo guardado exitosamente
2025-08-27 21:22:11,828 - INFO - Buffer vaciado y archivo guardado exitosamente
2025-08-27 21:22:14,325 - INFO - Buffer vaciado y archivo guardado exitosamente
2025-08-27 21:22:16,826 - INFO - Buffer vaciado y archivo guardado exitosamente
2025-08-27 21:22:19,572 - INFO - Buffer vaciado y archivo guardado exitosamente
2025-08-27 21:22:22,079 - INFO - Buffer vaciado y archivo guardado exitosamente
2025-08-27 21:22:24,620 - INFO - Buffer vaciado y archivo guardado exitosamente
2025-08-27 21:22:27,079 - INFO - Buffer vaciado y archivo guardado exitosamente
2025-08-27 21:22:29,826 - INFO - Buffer vaciado y archivo guardado exitosamente
2025-08-27 21:22:32,326 - INFO - Buffer vaciado y archivo guardado exitosamente
2025-08-27 21:22:36,527 - INFO - Buffer vaciado y archivo guardado exitosamente
2025-08-27 21:22:37,574 - INFO - Buffer vaciado y archivo guardado exitosamente
2025-08-27 21:22:40,077 - INFO - Buffer vaciado y archivo guardado exitosamente
2025-08-27 21:22:42,575 - INFO - Buffer vaciado y archivo guardado exitosamente
2025-08-27 21:22:45,324 - INFO - Buffer vaciado y archivo guardado exitosamente
2025-08-27 21:22:47,827 - INFO - Buffer vaciado y archivo guardado exitosamente
2025-08-27 21:22:50,328 - INFO - Buffer vaciado y archivo guardado exitosamente
2025-08-27 21:22:52,824 - INFO - Buffer vaciado y archivo guardado exitosamente
2025-08-27 21:22:55,578 - INFO - Buffer vaciado y archivo guardado exitosamente
2025-08-27 21:22:58,076 - INFO - Buffer vaciado y archivo guardado exitosamente
2025-08-27 21:23:00,574 - INFO - Buffer vaciado y archivo guardado exitosamente
2025-08-27 21:23:03,326 - INFO - Buffer vaciado y archivo guardado exitosamente
2025-08-27 21:23:05,842 - INFO - Buffer vaciado y archivo guardado exitosamente
2025-08-27 21:23:09,103 - INFO - Buffer vaciado y archivo guardado exitosamente
2025-08-27 21:23:11,076 - INFO - Buffer vaciado y archivo guardado exitosamente
2025-08-27 21:23:13,574 - INFO - Buffer vaciado y archivo guardado exitosamente
2025-08-27 21:23:16,075 - INFO - Buffer vaciado y archivo guardado exitosamente
2025-08-27 21:23:18,580 - INFO - Buffer vaciado y archivo guardado exitosamente
2025-08-27 21:23:21,324 - INFO - Buffer vaciado y archivo guardado exitosamente
2025-08-27 21:23:23,826 - INFO - Buffer vaciado y archivo guardado exitosamente
2025-08-27 21:23:26,327 - INFO - Buffer vaciado y archivo guardado exitosamente
2025-08-27 21:23:29,074 - INFO - Buffer vaciado y archivo guardado exitosamente
2025-08-27 21:23:31,574 - INFO - Buffer vaciado y archivo guardado exitosamente
2025-08-27 21:23:34,079 - INFO - Buffer vaciado y archivo guardado exitosamente
2025-08-27 21:23:36,578 - INFO - Buffer vaciado y archivo guardado exitosamente
2025-08-27 21:23:39,325 - INFO - Buffer vaciado y archivo guardado exitosamente
2025-08-27 21:23:41,827 - INFO - Buffer vaciado y archivo guardado exitosamente
2025-08-27 21:23:44,323 - INFO - Buffer vaciado y archivo guardado exitosamente
2025-08-27 21:23:47,078 - INFO - Buffer vaciado y archivo guardado exitosamente
2025-08-27 21:23:49,577 - INFO - Buffer vaciado y archivo guardado exitosamente
2025-08-27 21:23:52,076 - INFO - Buffer vaciado y archivo guardado exitosamente
2025-08-27 21:23:54,822 - INFO - Buffer vaciado y archivo guardado exitosamente
2025-08-27 21:23:57,328 - INFO - Buffer vaciado y archivo guardado exitosamente
2025-08-27 21:23:59,821 - INFO - Buffer vaciado y archivo guardado exitosamente
2025-08-27 21:24:02,325 - INFO - Buffer vaciado y archivo guardado exitosamente
2025-08-27 21:24:05,077 - INFO - Buffer vaciado y archivo guardado exitosamente
2025-08-27 21:24:07,575 - INFO - Buffer vaciado y archivo guardado exitosamente
2025-08-27 21:24:10,075 - INFO - Buffer vaciado y archivo guardado exitosamente
2025-08-27 21:24:14,243 - INFO - Buffer vaciado y archivo guardado exitosamente
2025-08-27 21:24:15,344 - INFO - Buffer vaciado y archivo guardado exitosamente
2025-08-27 21:24:17,826 - INFO - Buffer vaciado y archivo guardado exitosamente
2025-08-27 21:24:20,575 - INFO - Buffer vaciado y archivo guardado exitosamente
2025-08-27 21:24:23,074 - INFO - Buffer vaciado y archivo guardado exitosamente
2025-08-27 21:24:25,574 - INFO - Buffer vaciado y archivo guardado exitosamente
2025-08-27 21:24:28,323 - INFO - Buffer vaciado y archivo guardado exitosamente
2025-08-27 21:24:30,823 - INFO - Buffer vaciado y archivo guardado exitosamente
2025-08-27 21:24:33,326 - INFO - Buffer vaciado y archivo guardado exitosamente
2025-08-27 21:24:35,827 - INFO - Buffer vaciado y archivo guardado exitosamente
2025-08-27 21:24:38,575 - INFO - Buffer vaciado y archivo guardado exitosamente
2025-08-27 21:24:41,076 - INFO - Buffer vaciado y archivo guardado exitosamente
2025-08-27 21:24:43,574 - INFO - Buffer vaciado y archivo guardado exitosamente
2025-08-27 21:24:47,805 - INFO - Buffer vaciado y archivo guardado exitosamente
2025-08-27 21:24:49,074 - INFO - Buffer vaciado y archivo guardado exitosamente
2025-08-27 21:24:51,580 - INFO - Buffer vaciado y archivo guardado exitosamente
2025-08-27 21:24:54,070 - INFO - Buffer vaciado y archivo guardado exitosamente
2025-08-27 21:24:56,828 - INFO - Buffer vaciado y archivo guardado exitosamente
2025-08-27 21:24:59,321 - INFO - Buffer vaciado y archivo guardado exitosamente
2025-08-27 21:25:01,825 - INFO - Buffer vaciado y archivo guardado exitosamente
2025-08-27 21:25:04,578 - INFO - Buffer vaciado y archivo guardado exitosamente
2025-08-27 21:25:07,324 - INFO - Buffer vaciado y archivo guardado exitosamente
2025-08-27 21:25:09,822 - INFO - Buffer vaciado y archivo guardado exitosamente
2025-08-27 21:25:12,576 - INFO - Buffer vaciado y archivo guardado exitosamente
2025-08-27 21:25:15,326 - INFO - Buffer vaciado y archivo guardado exitosamente
2025-08-27 21:25:17,822 - INFO - Buffer vaciado y archivo guardado exitosamente
2025-08-27 21:25:21,382 - INFO - Buffer vaciado y archivo guardado exitosamente
2025-08-27 21:25:23,074 - INFO - Buffer vaciado y archivo guardado exitosamente
2025-08-27 21:25:25,589 - INFO - Buffer vaciado y archivo guardado exitosamente
2025-08-27 21:25:28,072 - INFO - Buffer vaciado y archivo guardado exitosamente
2025-08-27 21:25:30,825 - INFO - Buffer vaciado y archivo guardado exitosamente
2025-08-27 21:25:33,321 - INFO - Buffer vaciado y archivo guardado exitosamente
2025-08-27 21:25:35,823 - INFO - Buffer vaciado y archivo guardado exitosamente
2025-08-27 21:25:38,576 - INFO - Buffer vaciado y archivo guardado exitosamente
2025-08-27 21:25:41,077 - INFO - Buffer vaciado y archivo guardado exitosamente
2025-08-27 21:25:43,576 - INFO - Buffer vaciado y archivo guardado exitosamente
2025-08-27 21:25:46,072 - INFO - Buffer vaciado y archivo guardado exitosamente
2025-08-27 21:25:48,824 - INFO - Buffer vaciado y archivo guardado exitosamente
2025-08-27 21:25:51,327 - INFO - Buffer vaciado y archivo guardado exitosamente
2025-08-27 21:25:53,938 - INFO - Buffer vaciado y archivo guardado exitosamente
2025-08-27 21:25:56,574 - INFO - Buffer vaciado y archivo guardado exitosamente
2025-08-27 21:25:59,076 - INFO - Buffer vaciado y archivo guardado exitosamente
2025-08-27 21:26:01,574 - INFO - Buffer vaciado y archivo guardado exitosamente
2025-08-27 21:26:04,324 - INFO - Buffer vaciado y archivo guardado exitosamente
2025-08-27 21:26:06,823 - INFO - Buffer vaciado y archivo guardado exitosamente
2025-08-27 21:26:09,325 - INFO - Buffer vaciado y archivo guardado exitosamente
2025-08-27 21:26:11,825 - INFO - Buffer vaciado y archivo guardado exitosamente
2025-08-27 21:26:14,573 - INFO - Buffer vaciado y archivo guardado exitosamente
2025-08-27 21:26:17,074 - INFO - Buffer vaciado y archivo guardado exitosamente
2025-08-27 21:26:19,570 - INFO - Buffer vaciado y archivo guardado exitosamente
2025-08-27 21:26:22,322 - INFO - Buffer vaciado y archivo guardado exitosamente
2025-08-27 21:26:25,789 - INFO - Buffer vaciado y archivo guardado exitosamente
2025-08-27 21:26:27,324 - INFO - Buffer vaciado y archivo guardado exitosamente
2025-08-27 21:26:30,090 - INFO - Buffer vaciado y archivo guardado exitosamente
2025-08-27 21:26:32,574 - INFO - Buffer vaciado y archivo guardado exitosamente
2025-08-27 21:26:35,075 - INFO - Buffer vaciado y archivo guardado exitosamente
2025-08-27 21:26:37,593 - INFO - Buffer vaciado y archivo guardado exitosamente
2025-08-27 21:26:40,328 - INFO - Buffer vaciado y archivo guardado exitosamente
2025-08-27 21:26:42,824 - INFO - Buffer vaciado y archivo guardado exitosamente
2025-08-27 21:26:45,331 - INFO - Buffer vaciado y archivo guardado exitosamente
2025-08-27 21:26:48,075 - INFO - Buffer vaciado y archivo guardado exitosamente
2025-08-27 21:26:50,589 - INFO - Buffer vaciado y archivo guardado exitosamente
2025-08-27 21:26:53,074 - INFO - Buffer vaciado y archivo guardado exitosamente
2025-08-27 21:26:55,824 - INFO - Buffer vaciado y archivo guardado exitosamente
2025-08-27 21:26:58,346 - INFO - Buffer vaciado y archivo guardado exitosamente
2025-08-27 21:27:00,827 - INFO - Buffer vaciado y archivo guardado exitosamente
2025-08-27 21:27:03,327 - INFO - Buffer vaciado y archivo guardado exitosamente
2025-08-27 21:27:06,078 - INFO - Buffer vaciado y archivo guardado exitosamente
2025-08-27 21:27:08,577 - INFO - Buffer vaciado y archivo guardado exitosamente
2025-08-27 21:27:11,075 - INFO - Buffer vaciado y archivo guardado exitosamente
2025-08-27 21:27:13,825 - INFO - Buffer vaciado y archivo guardado exitosamente
2025-08-27 21:27:16,326 - INFO - Buffer vaciado y archivo guardado exitosamente
2025-08-27 21:27:18,826 - INFO - Buffer vaciado y archivo guardado exitosamente
2025-08-27 21:27:21,575 - INFO - Buffer vaciado y archivo guardado exitosamente
2025-08-27 21:27:24,073 - INFO - Buffer vaciado y archivo guardado exitosamente
2025-08-27 21:27:26,589 - INFO - Buffer vaciado y archivo guardado exitosamente
2025-08-27 21:27:29,074 - INFO - Buffer vaciado y archivo guardado exitosamente
2025-08-27 21:27:31,830 - INFO - Buffer vaciado y archivo guardado exitosamente
2025-08-27 21:27:34,326 - INFO - Buffer vaciado y archivo guardado exitosamente
2025-08-27 21:27:36,825 - INFO - Buffer vaciado y archivo guardado exitosamente
2025-08-27 21:27:39,571 - INFO - Buffer vaciado y archivo guardado exitosamente
2025-08-27 21:27:42,076 - INFO - Buffer vaciado y archivo guardado exitosamente
2025-08-27 21:27:44,572 - INFO - Buffer vaciado y archivo guardado exitosamente
2025-08-27 21:27:47,083 - INFO - Buffer vaciado y archivo guardado exitosamente
2025-08-27 21:27:49,836 - INFO - Buffer vaciado y archivo guardado exitosamente
2025-08-27 21:27:52,326 - INFO - Buffer vaciado y archivo guardado exitosamente
2025-08-27 21:27:54,846 - INFO - Buffer vaciado y archivo guardado exitosamente
2025-08-27 21:27:57,596 - INFO - Buffer vaciado y archivo guardado exitosamente
2025-08-27 21:28:00,091 - INFO - Buffer vaciado y archivo guardado exitosamente
2025-08-27 21:28:03,785 - INFO - Buffer vaciado y archivo guardado exitosamente
2025-08-27 21:28:05,328 - INFO - Buffer vaciado y archivo guardado exitosamente
2025-08-27 21:28:07,824 - INFO - Buffer vaciado y archivo guardado exitosamente
2025-08-27 21:28:10,323 - INFO - Buffer vaciado y archivo guardado exitosamente
2025-08-27 21:28:12,824 - INFO - Buffer vaciado y archivo guardado exitosamente
2025-08-27 21:28:15,585 - INFO - Buffer vaciado y archivo guardado exitosamente
2025-08-27 21:28:18,070 - INFO - Buffer vaciado y archivo guardado exitosamente
2025-08-27 21:28:20,575 - INFO - Buffer vaciado y archivo guardado exitosamente
2025-08-27 21:28:23,346 - INFO - Buffer vaciado y archivo guardado exitosamente
2025-08-27 21:28:25,856 - INFO - Buffer vaciado y archivo guardado exitosamente
2025-08-27 21:28:28,332 - INFO - Buffer vaciado y archivo guardado exitosamente
2025-08-27 21:28:31,083 - INFO - Buffer vaciado y archivo guardado exitosamente
2025-08-27 21:28:33,594 - INFO - Buffer vaciado y archivo guardado exitosamente
2025-08-27 21:28:36,101 - INFO - Buffer vaciado y archivo guardado exitosamente
2025-08-27 21:28:38,609 - INFO - Buffer vaciado y archivo guardado exitosamente
2025-08-27 21:28:41,356 - INFO - Buffer vaciado y archivo guardado exitosamente
2025-08-27 21:28:43,886 - INFO - Buffer vaciado y archivo guardado exitosamente
2025-08-27 21:28:46,325 - INFO - Buffer vaciado y archivo guardado exitosamente
2025-08-27 21:28:49,074 - INFO - Buffer vaciado y archivo guardado exitosamente
2025-08-27 21:28:51,572 - INFO - Buffer vaciado y archivo guardado exitosamente
2025-08-27 21:28:54,092 - INFO - Buffer vaciado y archivo guardado exitosamente
2025-08-27 21:28:56,822 - INFO - Buffer vaciado y archivo guardado exitosamente
2025-08-27 21:28:59,320 - INFO - Buffer vaciado y archivo guardado exitosamente
2025-08-27 21:29:01,823 - INFO - Buffer vaciado y archivo guardado exitosamente
2025-08-27 21:29:04,325 - INFO - Buffer vaciado y archivo guardado exitosamente
2025-08-27 21:29:07,075 - INFO - Buffer vaciado y archivo guardado exitosamente
2025-08-27 21:29:09,573 - INFO - Buffer vaciado y archivo guardado exitosamente
2025-08-27 21:29:12,077 - INFO - Buffer vaciado y archivo guardado exitosamente
2025-08-27 21:29:14,821 - INFO - Buffer vaciado y archivo guardado exitosamente
2025-08-27 21:29:17,332 - INFO - Buffer vaciado y archivo guardado exitosamente
2025-08-27 21:29:19,838 - INFO - Buffer vaciado y archivo guardado exitosamente
2025-08-27 21:29:22,595 - INFO - Buffer vaciado y archivo guardado exitosamente
2025-08-27 21:29:25,068 - INFO - Buffer vaciado y archivo guardado exitosamente
2025-08-27 21:29:27,573 - INFO - Buffer vaciado y archivo guardado exitosamente
2025-08-27 21:29:30,072 - INFO - Buffer vaciado y archivo guardado exitosamente
2025-08-27 21:29:32,819 - INFO - Buffer vaciado y archivo guardado exitosamente
2025-08-27 21:29:35,320 - INFO - Buffer vaciado y archivo guardado exitosamente
2025-08-27 21:29:40,023 - INFO - Buffer vaciado y archivo guardado exitosamente
2025-08-27 21:29:40,572 - INFO - Buffer vaciado y archivo guardado exitosamente
2025-08-27 21:29:43,073 - INFO - Buffer vaciado y archivo guardado exitosamente
2025-08-27 21:29:45,570 - INFO - Buffer vaciado y archivo guardado exitosamente
2025-08-27 21:29:48,070 - INFO - Buffer vaciado y archivo guardado exitosamente
2025-08-27 21:29:50,821 - INFO - Buffer vaciado y archivo guardado exitosamente
2025-08-27 21:29:53,322 - INFO - Buffer vaciado y archivo guardado exitosamente
2025-08-27 21:29:55,825 - INFO - Buffer vaciado y archivo guardado exitosamente
2025-08-27 21:29:58,593 - INFO - Buffer vaciado y archivo guardado exitosamente
2025-08-27 21:30:01,072 - INFO - Buffer vaciado y archivo guardado exitosamente
2025-08-27 21:30:03,576 - INFO - Buffer vaciado y archivo guardado exitosamente
2025-08-27 21:30:06,327 - INFO - Buffer vaciado y archivo guardado exitosamente
2025-08-27 21:30:08,826 - INFO - Buffer vaciado y archivo guardado exitosamente
2025-08-27 21:30:12,601 - INFO - Buffer vaciado y archivo guardado exitosamente
2025-08-27 21:30:13,823 - INFO - Buffer vaciado y archivo guardado exitosamente
2025-08-27 21:30:16,571 - INFO - Buffer vaciado y archivo guardado exitosamente
2025-08-27 21:30:19,075 - INFO - Buffer vaciado y archivo guardado exitosamente
2025-08-27 21:30:21,576 - INFO - Buffer vaciado y archivo guardado exitosamente
2025-08-27 21:30:24,323 - INFO - Buffer vaciado y archivo guardado exitosamente
2025-08-27 21:30:26,821 - INFO - Buffer vaciado y archivo guardado exitosamente
2025-08-27 21:30:29,317 - INFO - Buffer vaciado y archivo guardado exitosamente
2025-08-27 21:30:32,068 - INFO - Buffer vaciado y archivo guardado exitosamente
2025-08-27 21:30:34,572 - INFO - Buffer vaciado y archivo guardado exitosamente
2025-08-27 21:30:37,070 - INFO - Buffer vaciado y archivo guardado exitosamente
2025-08-27 21:30:39,576 - INFO - Buffer vaciado y archivo guardado exitosamente
2025-08-27 21:30:42,342 - INFO - Buffer vaciado y archivo guardado exitosamente
2025-08-27 21:30:46,164 - INFO - Buffer vaciado y archivo guardado exitosamente
2025-08-27 21:30:47,315 - INFO - Buffer vaciado y archivo guardado exitosamente
2025-08-27 21:30:50,071 - INFO - Buffer vaciado y archivo guardado exitosamente
2025-08-27 21:30:52,567 - INFO - Buffer vaciado y archivo guardado exitosamente
2025-08-27 21:30:55,070 - INFO - Buffer vaciado y archivo guardado exitosamente
2025-08-27 21:30:57,567 - INFO - Buffer vaciado y archivo guardado exitosamente
2025-08-27 21:31:00,318 - INFO - Buffer vaciado y archivo guardado exitosamente
2025-08-27 21:31:02,822 - INFO - Buffer vaciado y archivo guardado exitosamente
2025-08-27 21:31:05,322 - INFO - Buffer vaciado y archivo guardado exitosamente
2025-08-27 21:31:08,070 - INFO - Buffer vaciado y archivo guardado exitosamente
2025-08-27 21:31:10,573 - INFO - Buffer vaciado y archivo guardado exitosamente
2025-08-27 21:31:13,073 - INFO - Buffer vaciado y archivo guardado exitosamente
2025-08-27 21:31:15,822 - INFO - Buffer vaciado y archivo guardado exitosamente
2025-08-27 21:31:19,789 - INFO - Buffer vaciado y archivo guardado exitosamente
2025-08-27 21:31:20,827 - INFO - Buffer vaciado y archivo guardado exitosamente
2025-08-27 21:31:23,320 - INFO - Buffer vaciado y archivo guardado exitosamente
2025-08-27 21:31:26,092 - INFO - Buffer vaciado y archivo guardado exitosamente
2025-08-27 21:31:28,571 - INFO - Buffer vaciado y archivo guardado exitosamente
2025-08-27 21:31:31,070 - INFO - Buffer vaciado y archivo guardado exitosamente
2025-08-27 21:31:33,818 - INFO - Buffer vaciado y archivo guardado exitosamente
2025-08-27 21:31:36,318 - INFO - Buffer vaciado y archivo guardado exitosamente
2025-08-27 21:31:38,821 - INFO - Buffer vaciado y archivo guardado exitosamente
2025-08-27 21:31:41,577 - INFO - Buffer vaciado y archivo guardado exitosamente
2025-08-27 21:31:44,081 - INFO - Buffer vaciado y archivo guardado exitosamente
2025-08-27 21:31:46,566 - INFO - Buffer vaciado y archivo guardado exitosamente
2025-08-27 21:31:49,068 - INFO - Buffer vaciado y archivo guardado exitosamente
2025-08-27 21:31:53,326 - INFO - Buffer vaciado y archivo guardado exitosamente
2025-08-27 21:31:54,318 - INFO - Buffer vaciado y archivo guardado exitosamente
2025-08-27 21:31:56,823 - INFO - Buffer vaciado y archivo guardado exitosamente
2025-08-27 21:31:59,574 - INFO - Buffer vaciado y archivo guardado exitosamente
2025-08-27 21:32:02,072 - INFO - Buffer vaciado y archivo guardado exitosamente
2025-08-27 21:32:04,669 - INFO - Buffer vaciado y archivo guardado exitosamente
2025-08-27 21:32:07,341 - INFO - Buffer vaciado y archivo guardado exitosamente
2025-08-27 21:32:09,820 - INFO - Buffer vaciado y archivo guardado exitosamente
2025-08-27 21:32:12,324 - INFO - Buffer vaciado y archivo guardado exitosamente
2025-08-27 21:32:14,852 - INFO - Buffer vaciado y archivo guardado exitosamente
2025-08-27 21:32:17,671 - INFO - Buffer vaciado y archivo guardado exitosamente
2025-08-27 21:32:20,088 - INFO - Buffer vaciado y archivo guardado exitosamente
2025-08-27 21:32:22,575 - INFO - Buffer vaciado y archivo guardado exitosamente
2025-08-27 21:32:26,879 - INFO - Buffer vaciado y archivo guardado exitosamente
2025-08-27 21:32:27,820 - INFO - Buffer vaciado y archivo guardado exitosamente
2025-08-27 21:32:30,368 - INFO - Buffer vaciado y archivo guardado exitosamente
2025-08-27 21:32:33,071 - INFO - Buffer vaciado y archivo guardado exitosamente
2025-08-27 21:32:35,594 - INFO - Buffer vaciado y archivo guardado exitosamente
2025-08-27 21:32:38,149 - INFO - Buffer vaciado y archivo guardado exitosamente
2025-08-27 21:32:40,571 - INFO - Buffer vaciado y archivo guardado exitosamente
2025-08-27 21:32:43,318 - INFO - Buffer vaciado y archivo guardado exitosamente
2025-08-27 21:32:45,837 - INFO - Buffer vaciado y archivo guardado exitosamente
2025-08-27 21:32:48,324 - INFO - Buffer vaciado y archivo guardado exitosamente
2025-08-27 21:32:51,077 - INFO - Buffer vaciado y archivo guardado exitosamente
2025-08-27 21:32:53,574 - INFO - Buffer vaciado y archivo guardado exitosamente
2025-08-27 21:32:56,174 - INFO - Buffer vaciado y archivo guardado exitosamente
2025-08-27 21:32:59,451 - INFO - Buffer vaciado y archivo guardado exitosamente
2025-08-27 21:33:01,322 - INFO - Buffer vaciado y archivo guardado exitosamente
2025-08-27 21:33:03,815 - INFO - Buffer vaciado y archivo guardado exitosamente
2025-08-27 21:33:06,418 - INFO - Buffer vaciado y archivo guardado exitosamente
2025-08-27 21:33:09,070 - INFO - Buffer vaciado y archivo guardado exitosamente
2025-08-27 21:33:11,573 - INFO - Buffer vaciado y archivo guardado exitosamente
2025-08-27 21:33:14,069 - INFO - Buffer vaciado y archivo guardado exitosamente
2025-08-27 21:33:16,824 - INFO - Buffer vaciado y archivo guardado exitosamente
2025-08-27 21:33:19,322 - INFO - Buffer vaciado y archivo guardado exitosamente
2025-08-27 21:33:21,823 - INFO - Buffer vaciado y archivo guardado exitosamente
2025-08-27 21:33:24,341 - INFO - Buffer vaciado y archivo guardado exitosamente
2025-08-27 21:33:27,077 - INFO - Buffer vaciado y archivo guardado exitosamente
2025-08-27 21:33:29,573 - INFO - Buffer vaciado y archivo guardado exitosamente
2025-08-27 21:33:32,074 - INFO - Buffer vaciado y archivo guardado exitosamente
2025-08-27 21:33:34,825 - INFO - Buffer vaciado y archivo guardado exitosamente
2025-08-27 21:33:37,322 - INFO - Buffer vaciado y archivo guardado exitosamente
2025-08-27 21:33:39,823 - INFO - Buffer vaciado y archivo guardado exitosamente
2025-08-27 21:33:42,665 - INFO - Buffer vaciado y archivo guardado exitosamente
2025-08-27 21:33:45,076 - INFO - Buffer vaciado y archivo guardado exitosamente
2025-08-27 21:33:47,567 - INFO - Buffer vaciado y archivo guardado exitosamente
2025-08-27 21:33:50,069 - INFO - Buffer vaciado y archivo guardado exitosamente
2025-08-27 21:33:52,887 - INFO - Buffer vaciado y archivo guardado exitosamente
2025-08-27 21:33:55,324 - INFO - Buffer vaciado y archivo guardado exitosamente
2025-08-27 21:33:57,917 - INFO - Buffer vaciado y archivo guardado exitosamente
2025-08-27 21:34:00,576 - INFO - Buffer vaciado y archivo guardado exitosamente
2025-08-27 21:34:04,593 - INFO - Buffer vaciado y archivo guardado exitosamente
2025-08-27 21:34:05,573 - INFO - Buffer vaciado y archivo guardado exitosamente
2025-08-27 21:34:08,069 - INFO - Buffer vaciado y archivo guardado exitosamente
2025-08-27 21:34:10,823 - INFO - Buffer vaciado y archivo guardado exitosamente
2025-08-27 21:34:13,399 - INFO - Buffer vaciado y archivo guardado exitosamente
2025-08-27 21:34:15,822 - INFO - Buffer vaciado y archivo guardado exitosamente
2025-08-27 21:34:18,572 - INFO - Buffer vaciado y archivo guardado exitosamente
2025-08-27 21:34:21,181 - INFO - Buffer vaciado y archivo guardado exitosamente
2025-08-27 21:34:23,572 - INFO - Buffer vaciado y archivo guardado exitosamente
2025-08-27 21:34:26,323 - INFO - Buffer vaciado y archivo guardado exitosamente
2025-08-27 21:34:28,823 - INFO - Buffer vaciado y archivo guardado exitosamente
2025-08-27 21:34:31,321 - INFO - Buffer vaciado y archivo guardado exitosamente
2025-08-27 21:34:33,821 - INFO - Buffer vaciado y archivo guardado exitosamente
2025-08-27 21:34:37,153 - INFO - Buffer vaciado y archivo guardado exitosamente
2025-08-27 21:34:39,071 - INFO - Buffer vaciado y archivo guardado exitosamente
2025-08-27 21:34:41,675 - INFO - Buffer vaciado y archivo guardado exitosamente
2025-08-27 21:34:44,427 - INFO - Buffer vaciado y archivo guardado exitosamente
2025-08-27 21:34:46,824 - INFO - Buffer vaciado y archivo guardado exitosamente
2025-08-27 21:34:49,324 - INFO - Buffer vaciado y archivo guardado exitosamente
2025-08-27 21:34:52,072 - INFO - Buffer vaciado y archivo guardado exitosamente
2025-08-27 21:34:54,572 - INFO - Buffer vaciado y archivo guardado exitosamente
2025-08-27 21:34:57,075 - INFO - Buffer vaciado y archivo guardado exitosamente
2025-08-27 21:34:59,569 - INFO - Buffer vaciado y archivo guardado exitosamente
2025-08-27 21:35:02,322 - INFO - Buffer vaciado y archivo guardado exitosamente
2025-08-27 21:35:04,907 - INFO - Buffer vaciado y archivo guardado exitosamente
2025-08-27 21:35:07,322 - INFO - Buffer vaciado y archivo guardado exitosamente
2025-08-27 21:35:10,073 - INFO - Buffer vaciado y archivo guardado exitosamente
2025-08-27 21:35:12,573 - INFO - Buffer vaciado y archivo guardado exitosamente
2025-08-27 21:35:15,082 - INFO - Buffer vaciado y archivo guardado exitosamente
2025-08-27 21:35:17,936 - INFO - Buffer vaciado y archivo guardado exitosamente
2025-08-27 21:35:20,324 - INFO - Buffer vaciado y archivo guardado exitosamente
2025-08-27 21:35:22,937 - INFO - Buffer vaciado y archivo guardado exitosamente
2025-08-27 21:35:25,326 - INFO - Buffer vaciado y archivo guardado exitosamente
2025-08-27 21:35:28,161 - INFO - Buffer vaciado y archivo guardado exitosamente
2025-08-27 21:35:30,575 - INFO - Buffer vaciado y archivo guardado exitosamente
2025-08-27 21:35:33,139 - INFO - Buffer vaciado y archivo guardado exitosamente
2025-08-27 21:35:35,825 - INFO - Buffer vaciado y archivo guardado exitosamente
2025-08-27 21:35:38,372 - INFO - Buffer vaciado y archivo guardado exitosamente
2025-08-27 21:35:42,575 - INFO - Buffer vaciado y archivo guardado exitosamente
2025-08-27 21:35:43,423 - INFO - Buffer vaciado y archivo guardado exitosamente
2025-08-27 21:35:46,079 - INFO - Buffer vaciado y archivo guardado exitosamente
2025-08-27 21:35:48,576 - INFO - Buffer vaciado y archivo guardado exitosamente
2025-08-27 21:35:51,075 - INFO - Buffer vaciado y archivo guardado exitosamente
2025-08-27 21:35:53,837 - INFO - Buffer vaciado y archivo guardado exitosamente
2025-08-27 21:35:56,422 - INFO - Buffer vaciado y archivo guardado exitosamente
2025-08-27 21:35:58,826 - INFO - Buffer vaciado y archivo guardado exitosamente
2025-08-27 21:36:01,648 - INFO - Buffer vaciado y archivo guardado exitosamente
2025-08-27 21:36:04,079 - INFO - Buffer vaciado y archivo guardado exitosamente
2025-08-27 21:36:06,671 - INFO - Buffer vaciado y archivo guardado exitosamente
2025-08-27 21:36:09,077 - INFO - Buffer vaciado y archivo guardado exitosamente
2025-08-27 21:36:11,823 - INFO - Buffer vaciado y archivo guardado exitosamente
2025-08-27 21:36:15,132 - INFO - Buffer vaciado y archivo guardado exitosamente
2025-08-27 21:36:16,832 - INFO - Buffer vaciado y archivo guardado exitosamente
2025-08-27 21:36:19,675 - INFO - Buffer vaciado y archivo guardado exitosamente
2025-08-27 21:36:22,081 - INFO - Buffer vaciado y archivo guardado exitosamente
2025-08-27 21:36:24,575 - INFO - Buffer vaciado y archivo guardado exitosamente
2025-08-27 21:36:27,341 - INFO - Buffer vaciado y archivo guardado exitosamente
2025-08-27 21:36:29,826 - INFO - Buffer vaciado y archivo guardado exitosamente
2025-08-27 21:36:32,329 - INFO - Buffer vaciado y archivo guardado exitosamente
2025-08-27 21:36:34,930 - INFO - Buffer vaciado y archivo guardado exitosamente
2025-08-27 21:36:37,573 - INFO - Buffer vaciado y archivo guardado exitosamente
2025-08-27 21:36:40,074 - INFO - Buffer vaciado y archivo guardado exitosamente
2025-08-27 21:36:42,578 - INFO - Buffer vaciado y archivo guardado exitosamente
2025-08-27 21:36:45,323 - INFO - Buffer vaciado y archivo guardado exitosamente
2025-08-27 21:36:47,828 - INFO - Buffer vaciado y archivo guardado exitosamente
2025-08-27 21:36:50,325 - INFO - Buffer vaciado y archivo guardado exitosamente
2025-08-27 21:36:53,070 - INFO - Buffer vaciado y archivo guardado exitosamente
2025-08-27 21:36:55,574 - INFO - Buffer vaciado y archivo guardado exitosamente
2025-08-27 21:36:58,179 - INFO - Buffer vaciado y archivo guardado exitosamente
2025-08-27 21:37:00,599 - INFO - Buffer vaciado y archivo guardado exitosamente
2025-08-27 21:37:03,324 - INFO - Buffer vaciado y archivo guardado exitosamente
2025-08-27 21:37:05,826 - INFO - Buffer vaciado y archivo guardado exitosamente
2025-08-27 21:37:08,416 - INFO - Buffer vaciado y archivo guardado exitosamente
2025-08-27 21:37:11,078 - INFO - Buffer vaciado y archivo guardado exitosamente
2025-08-27 21:37:13,643 - INFO - Buffer vaciado y archivo guardado exitosamente
2025-08-27 21:37:16,077 - INFO - Buffer vaciado y archivo guardado exitosamente
2025-08-27 21:37:20,277 - INFO - Buffer vaciado y archivo guardado exitosamente
2025-08-27 21:37:21,426 - INFO - Buffer vaciado y archivo guardado exitosamente
2025-08-27 21:37:23,827 - INFO - Buffer vaciado y archivo guardado exitosamente
2025-08-27 21:37:26,326 - INFO - Buffer vaciado y archivo guardado exitosamente
2025-08-27 21:37:29,076 - INFO - Buffer vaciado y archivo guardado exitosamente
2025-08-27 21:37:31,665 - INFO - Buffer vaciado y archivo guardado exitosamente
2025-08-27 21:37:34,072 - INFO - Buffer vaciado y archivo guardado exitosamente
2025-08-27 21:37:36,841 - INFO - Buffer vaciado y archivo guardado exitosamente
2025-08-27 21:37:39,327 - INFO - Buffer vaciado y archivo guardado exitosamente
2025-08-27 21:37:41,899 - INFO - Buffer vaciado y archivo guardado exitosamente
2025-08-27 21:37:44,329 - INFO - Buffer vaciado y archivo guardado exitosamente
2025-08-27 21:37:47,080 - INFO - Buffer vaciado y archivo guardado exitosamente
2025-08-27 21:37:49,570 - INFO - Buffer vaciado y archivo guardado exitosamente
2025-08-27 21:37:52,858 - INFO - Buffer vaciado y archivo guardado exitosamente
2025-08-27 21:37:54,911 - INFO - Buffer vaciado y archivo guardado exitosamente
2025-08-27 21:37:57,331 - INFO - Buffer vaciado y archivo guardado exitosamente
2025-08-27 21:37:59,861 - INFO - Buffer vaciado y archivo guardado exitosamente
2025-08-27 21:38:02,574 - INFO - Buffer vaciado y archivo guardado exitosamente
2025-08-27 21:38:05,072 - INFO - Buffer vaciado y archivo guardado exitosamente
2025-08-27 21:38:07,575 - INFO - Buffer vaciado y archivo guardado exitosamente
2025-08-27 21:38:10,194 - INFO - Buffer vaciado y archivo guardado exitosamente
2025-08-27 21:38:12,827 - INFO - Buffer vaciado y archivo guardado exitosamente
2025-08-27 21:38:15,326 - INFO - Buffer vaciado y archivo guardado exitosamente
2025-08-27 21:38:17,825 - INFO - Buffer vaciado y archivo guardado exitosamente
2025-08-27 21:38:20,575 - INFO - Buffer vaciado y archivo guardado exitosamente
2025-08-27 21:38:23,175 - INFO - Buffer vaciado y archivo guardado exitosamente
2025-08-27 21:38:25,579 - INFO - Buffer vaciado y archivo guardado exitosamente
2025-08-27 21:38:28,077 - INFO - Buffer vaciado y archivo guardado exitosamente
2025-08-27 21:38:30,853 - INFO - Buffer vaciado y archivo guardado exitosamente
2025-08-27 21:38:33,329 - INFO - Buffer vaciado y archivo guardado exitosamente
2025-08-27 21:38:35,827 - INFO - Buffer vaciado y archivo guardado exitosamente
2025-08-27 21:38:38,648 - INFO - Buffer vaciado y archivo guardado exitosamente
2025-08-27 21:38:41,103 - INFO - Buffer vaciado y archivo guardado exitosamente
2025-08-27 21:38:43,661 - INFO - Buffer vaciado y archivo guardado exitosamente
2025-08-27 21:38:46,426 - INFO - Buffer vaciado y archivo guardado exitosamente
2025-08-27 21:38:48,825 - INFO - Buffer vaciado y archivo guardado exitosamente
2025-08-27 21:38:51,320 - INFO - Buffer vaciado y archivo guardado exitosamente
2025-08-27 21:38:53,892 - INFO - Buffer vaciado y archivo guardado exitosamente
2025-08-27 21:38:57,988 - INFO - Buffer vaciado y archivo guardado exitosamente
2025-08-27 21:38:59,067 - INFO - Buffer vaciado y archivo guardado exitosamente
2025-08-27 21:39:01,688 - INFO - Buffer vaciado y archivo guardado exitosamente
2025-08-27 21:39:04,322 - INFO - Buffer vaciado y archivo guardado exitosamente
2025-08-27 21:39:06,841 - INFO - Buffer vaciado y archivo guardado exitosamente
2025-08-27 21:39:09,329 - INFO - Buffer vaciado y archivo guardado exitosamente
2025-08-27 21:39:12,099 - INFO - Buffer vaciado y archivo guardado exitosamente
2025-08-27 21:39:14,691 - INFO - Buffer vaciado y archivo guardado exitosamente
2025-08-27 21:39:17,147 - INFO - Buffer vaciado y archivo guardado exitosamente
2025-08-27 21:39:19,575 - INFO - Buffer vaciado y archivo guardado exitosamente
2025-08-27 21:39:22,366 - INFO - Buffer vaciado y archivo guardado exitosamente
2025-08-27 21:39:24,825 - INFO - Buffer vaciado y archivo guardado exitosamente
2025-08-27 21:39:27,325 - INFO - Buffer vaciado y archivo guardado exitosamente
2025-08-27 21:39:31,567 - INFO - Buffer vaciado y archivo guardado exitosamente
2025-08-27 21:39:32,572 - INFO - Buffer vaciado y archivo guardado exitosamente
2025-08-27 21:39:35,174 - INFO - Buffer vaciado y archivo guardado exitosamente
2025-08-27 21:39:37,573 - INFO - Buffer vaciado y archivo guardado exitosamente
2025-08-27 21:39:40,326 - INFO - Buffer vaciado y archivo guardado exitosamente
2025-08-27 21:39:42,848 - INFO - Buffer vaciado y archivo guardado exitosamente
2025-08-27 21:39:45,417 - INFO - Buffer vaciado y archivo guardado exitosamente
2025-08-27 21:39:48,078 - INFO - Buffer vaciado y archivo guardado exitosamente
2025-08-27 21:39:50,572 - INFO - Buffer vaciado y archivo guardado exitosamente
2025-08-27 21:39:53,077 - INFO - Buffer vaciado y archivo guardado exitosamente
2025-08-27 21:39:55,822 - INFO - Buffer vaciado y archivo guardado exitosamente
2025-08-27 21:39:58,322 - INFO - Buffer vaciado y archivo guardado exitosamente
2025-08-27 21:40:00,839 - INFO - Buffer vaciado y archivo guardado exitosamente
2025-08-27 21:40:05,496 - INFO - Buffer vaciado y archivo guardado exitosamente
2025-08-27 21:40:06,402 - INFO - Buffer vaciado y archivo guardado exitosamente
2025-08-27 21:40:08,997 - INFO - Buffer vaciado y archivo guardado exitosamente
2025-08-27 21:40:11,412 - INFO - Buffer vaciado y archivo guardado exitosamente
2025-08-27 21:40:14,181 - INFO - Buffer vaciado y archivo guardado exitosamente
2025-08-27 21:40:16,668 - INFO - Buffer vaciado y archivo guardado exitosamente
2025-08-27 21:40:19,139 - INFO - Buffer vaciado y archivo guardado exitosamente
2025-08-27 21:40:21,911 - INFO - Buffer vaciado y archivo guardado exitosamente
2025-08-27 21:40:24,410 - INFO - Buffer vaciado y archivo guardado exitosamente
2025-08-27 21:40:26,938 - INFO - Buffer vaciado y archivo guardado exitosamente
2025-08-27 21:40:29,382 - INFO - Buffer vaciado y archivo guardado exitosamente
2025-08-27 21:40:32,144 - INFO - Buffer vaciado y archivo guardado exitosamente
2025-08-27 21:40:34,642 - INFO - Buffer vaciado y archivo guardado exitosamente
2025-08-27 21:40:38,096 - INFO - Buffer vaciado y archivo guardado exitosamente
2025-08-27 21:40:39,880 - INFO - Buffer vaciado y archivo guardado exitosamente
2025-08-27 21:40:42,402 - INFO - Buffer vaciado y archivo guardado exitosamente
2025-08-27 21:40:44,882 - INFO - Buffer vaciado y archivo guardado exitosamente
2025-08-27 21:40:47,695 - INFO - Buffer vaciado y archivo guardado exitosamente
2025-08-27 21:40:50,183 - INFO - Buffer vaciado y archivo guardado exitosamente
2025-08-27 21:40:52,611 - INFO - Buffer vaciado y archivo guardado exitosamente
2025-08-27 21:40:55,243 - INFO - Buffer vaciado y archivo guardado exitosamente
2025-08-27 21:40:57,903 - INFO - Buffer vaciado y archivo guardado exitosamente
2025-08-27 21:41:00,408 - INFO - Buffer vaciado y archivo guardado exitosamente
2025-08-27 21:41:02,898 - INFO - Buffer vaciado y archivo guardado exitosamente
2025-08-27 21:41:05,663 - INFO - Buffer vaciado y archivo guardado exitosamente
2025-08-27 21:41:08,142 - INFO - Buffer vaciado y archivo guardado exitosamente
2025-08-27 21:41:10,766 - INFO - Buffer vaciado y archivo guardado exitosamente
2025-08-27 21:41:13,517 - INFO - Buffer vaciado y archivo guardado exitosamente
2025-08-27 21:41:15,918 - INFO - Buffer vaciado y archivo guardado exitosamente
2025-08-27 21:41:18,445 - INFO - Buffer vaciado y archivo guardado exitosamente
2025-08-27 21:41:20,964 - INFO - Buffer vaciado y archivo guardado exitosamente
2025-08-27 21:41:23,639 - INFO - Buffer vaciado y archivo guardado exitosamente
2025-08-27 21:41:26,138 - INFO - Buffer vaciado y archivo guardado exitosamente
2025-08-27 21:41:28,656 - INFO - Buffer vaciado y archivo guardado exitosamente
2025-08-27 21:41:31,415 - INFO - Buffer vaciado y archivo guardado exitosamente
2025-08-27 21:41:33,881 - INFO - Buffer vaciado y archivo guardado exitosamente
2025-08-27 21:41:36,364 - INFO - Buffer vaciado y archivo guardado exitosamente
2025-08-27 21:41:38,828 - INFO - Buffer vaciado y archivo guardado exitosamente
2025-08-27 21:41:43,111 - INFO - Buffer vaciado y archivo guardado exitosamente
2025-08-27 21:41:44,069 - INFO - Buffer vaciado y archivo guardado exitosamente
2025-08-27 21:41:46,721 - INFO - Buffer vaciado y archivo guardado exitosamente
2025-08-27 21:41:49,375 - INFO - Buffer vaciado y archivo guardado exitosamente
2025-08-27 21:41:51,868 - INFO - Buffer vaciado y archivo guardado exitosamente
2025-08-27 21:41:54,414 - INFO - Buffer vaciado y archivo guardado exitosamente
2025-08-27 21:41:57,135 - INFO - Buffer vaciado y archivo guardado exitosamente
2025-08-27 21:41:59,661 - INFO - Buffer vaciado y archivo guardado exitosamente
2025-08-27 21:42:02,157 - INFO - Buffer vaciado y archivo guardado exitosamente
2025-08-27 21:42:04,670 - INFO - Buffer vaciado y archivo guardado exitosamente
2025-08-27 21:42:07,500 - INFO - Buffer vaciado y archivo guardado exitosamente
2025-08-27 21:42:09,903 - INFO - Buffer vaciado y archivo guardado exitosamente
2025-08-27 21:42:12,408 - INFO - Buffer vaciado y archivo guardado exitosamente
2025-08-27 21:42:15,830 - INFO - Buffer vaciado y archivo guardado exitosamente
2025-08-27 21:42:17,671 - INFO - Buffer vaciado y archivo guardado exitosamente
2025-08-27 21:42:20,161 - INFO - Buffer vaciado y archivo guardado exitosamente
2025-08-27 21:42:22,919 - INFO - Buffer vaciado y archivo guardado exitosamente
2025-08-27 21:42:25,394 - INFO - Buffer vaciado y archivo guardado exitosamente
2025-08-27 21:42:27,935 - INFO - Buffer vaciado y archivo guardado exitosamente
2025-08-27 21:42:30,422 - INFO - Buffer vaciado y archivo guardado exitosamente
2025-08-27 21:42:33,151 - INFO - Buffer vaciado y archivo guardado exitosamente
2025-08-27 21:42:35,648 - INFO - Buffer vaciado y archivo guardado exitosamente
2025-08-27 21:42:38,188 - INFO - Buffer vaciado y archivo guardado exitosamente
2025-08-27 21:42:40,939 - INFO - Buffer vaciado y archivo guardado exitosamente
2025-08-27 21:42:43,463 - INFO - Buffer vaciado y archivo guardado exitosamente
2025-08-27 21:42:45,912 - INFO - Buffer vaciado y archivo guardado exitosamente
2025-08-27 21:42:48,411 - INFO - Buffer vaciado y archivo guardado exitosamente
2025-08-27 21:42:51,176 - INFO - Buffer vaciado y archivo guardado exitosamente
2025-08-27 21:42:53,656 - INFO - Buffer vaciado y archivo guardado exitosamente
2025-08-27 21:42:56,160 - INFO - Buffer vaciado y archivo guardado exitosamente
2025-08-27 21:42:59,018 - INFO - Buffer vaciado y archivo guardado exitosamente
2025-08-27 21:43:01,432 - INFO - Buffer vaciado y archivo guardado exitosamente
2025-08-27 21:43:03,916 - INFO - Buffer vaciado y archivo guardado exitosamente
2025-08-27 21:43:06,674 - INFO - Buffer vaciado y archivo guardado exitosamente
2025-08-27 21:43:09,182 - INFO - Buffer vaciado y archivo guardado exitosamente
2025-08-27 21:43:11,700 - INFO - Buffer vaciado y archivo guardado exitosamente
2025-08-27 21:43:14,267 - INFO - Buffer vaciado y archivo guardado exitosamente
2025-08-27 21:43:16,922 - INFO - Buffer vaciado y archivo guardado exitosamente
2025-08-27 21:43:20,925 - INFO - Buffer vaciado y archivo guardado exitosamente
2025-08-27 21:43:21,933 - INFO - Buffer vaciado y archivo guardado exitosamente
2025-08-27 21:43:24,667 - INFO - Buffer vaciado y archivo guardado exitosamente
2025-08-27 21:43:27,181 - INFO - Buffer vaciado y archivo guardado exitosamente
2025-08-27 21:43:29,670 - INFO - Buffer vaciado y archivo guardado exitosamente
2025-08-27 21:43:32,512 - INFO - Buffer vaciado y archivo guardado exitosamente
2025-08-27 21:43:34,937 - INFO - Buffer vaciado y archivo guardado exitosamente
2025-08-27 21:43:37,427 - INFO - Buffer vaciado y archivo guardado exitosamente
2025-08-27 21:43:39,973 - INFO - Buffer vaciado y archivo guardado exitosamente
2025-08-27 21:43:42,684 - INFO - Buffer vaciado y archivo guardado exitosamente
2025-08-27 21:43:45,180 - INFO - Buffer vaciado y archivo guardado exitosamente
2025-08-27 21:43:47,750 - INFO - Buffer vaciado y archivo guardado exitosamente
2025-08-27 21:43:50,439 - INFO - Buffer vaciado y archivo guardado exitosamente
2025-08-27 21:43:53,550 - INFO - Buffer vaciado y archivo guardado exitosamente
2025-08-27 21:43:55,447 - INFO - Buffer vaciado y archivo guardado exitosamente
2025-08-27 21:43:58,182 - INFO - Buffer vaciado y archivo guardado exitosamente
2025-08-27 21:44:00,415 - INFO - Buffer vaciado y archivo guardado exitosamente
2025-08-27 21:44:03,199 - INFO - Buffer vaciado y archivo guardado exitosamente
2025-08-27 21:44:05,724 - INFO - Buffer vaciado y archivo guardado exitosamente
2025-08-27 21:44:08,500 - INFO - Buffer vaciado y archivo guardado exitosamente
2025-08-27 21:44:10,949 - INFO - Buffer vaciado y archivo guardado exitosamente
2025-08-27 21:44:13,432 - INFO - Buffer vaciado y archivo guardado exitosamente
2025-08-27 21:44:16,213 - INFO - Buffer vaciado y archivo guardado exitosamente
2025-08-27 21:44:18,688 - INFO - Buffer vaciado y archivo guardado exitosamente
2025-08-27 21:44:21,183 - INFO - Buffer vaciado y archivo guardado exitosamente
2025-08-27 21:44:24,044 - INFO - Buffer vaciado y archivo guardado exitosamente
2025-08-27 21:44:26,458 - INFO - Buffer vaciado y archivo guardado exitosamente
2025-08-27 21:44:29,062 - INFO - Buffer vaciado y archivo guardado exitosamente
2025-08-27 21:44:31,460 - INFO - Buffer vaciado y archivo guardado exitosamente
2025-08-27 21:44:34,222 - INFO - Buffer vaciado y archivo guardado exitosamente
2025-08-27 21:44:36,739 - INFO - Buffer vaciado y archivo guardado exitosamente
2025-08-27 21:44:39,219 - INFO - Buffer vaciado y archivo guardado exitosamente
2025-08-27 21:44:41,949 - INFO - Buffer vaciado y archivo guardado exitosamente
2025-08-27 21:44:44,463 - INFO - Buffer vaciado y archivo guardado exitosamente
2025-08-27 21:44:46,999 - INFO - Buffer vaciado y archivo guardado exitosamente
2025-08-27 21:44:49,457 - INFO - Buffer vaciado y archivo guardado exitosamente
2025-08-27 21:44:52,313 - INFO - Buffer vaciado y archivo guardado exitosamente
2025-08-27 21:44:54,696 - INFO - Buffer vaciado y archivo guardado exitosamente
2025-08-27 21:44:58,702 - INFO - Buffer vaciado y archivo guardado exitosamente
2025-08-27 21:44:59,953 - INFO - Buffer vaciado y archivo guardado exitosamente
2025-08-27 21:45:02,551 - INFO - Buffer vaciado y archivo guardado exitosamente
2025-08-27 21:45:04,882 - INFO - Buffer vaciado y archivo guardado exitosamente
2025-08-27 21:45:07,581 - INFO - Buffer vaciado y archivo guardado exitosamente
2025-08-27 21:45:10,115 - INFO - Buffer vaciado y archivo guardado exitosamente
2025-08-27 21:45:12,601 - INFO - Buffer vaciado y archivo guardado exitosamente
2025-08-27 21:45:15,203 - INFO - Buffer vaciado y archivo guardado exitosamente
2025-08-27 21:45:17,941 - INFO - Buffer vaciado y archivo guardado exitosamente
2025-08-27 21:45:20,477 - INFO - Buffer vaciado y archivo guardado exitosamente
2025-08-27 21:45:22,953 - INFO - Buffer vaciado y archivo guardado exitosamente
2025-08-27 21:45:25,686 - INFO - Buffer vaciado y archivo guardado exitosamente
2025-08-27 21:45:28,240 - INFO - Buffer vaciado y archivo guardado exitosamente
2025-08-27 21:45:31,235 - INFO - Buffer vaciado y archivo guardado exitosamente
2025-08-27 21:45:33,473 - INFO - Buffer vaciado y archivo guardado exitosamente
2025-08-27 21:45:35,971 - INFO - Buffer vaciado y archivo guardado exitosamente
2025-08-27 21:45:38,439 - INFO - Buffer vaciado y archivo guardado exitosamente
2025-08-27 21:45:40,950 - INFO - Buffer vaciado y archivo guardado exitosamente
2025-08-27 21:45:43,707 - INFO - Buffer vaciado y archivo guardado exitosamente
2025-08-27 21:45:46,219 - INFO - Buffer vaciado y archivo guardado exitosamente
2025-08-27 21:45:48,717 - INFO - Buffer vaciado y archivo guardado exitosamente
2025-08-27 21:45:51,469 - INFO - Buffer vaciado y archivo guardado exitosamente
2025-08-27 21:45:54,134 - INFO - Buffer vaciado y archivo guardado exitosamente
2025-08-27 21:45:56,454 - INFO - Buffer vaciado y archivo guardado exitosamente
2025-08-27 21:45:58,975 - INFO - Buffer vaciado y archivo guardado exitosamente
2025-08-27 21:46:01,701 - INFO - Buffer vaciado y archivo guardado exitosamente
2025-08-27 21:46:04,199 - INFO - Buffer vaciado y archivo guardado exitosamente
2025-08-27 21:46:06,708 - INFO - Buffer vaciado y archivo guardado exitosamente
2025-08-27 21:46:09,456 - INFO - Buffer vaciado y archivo guardado exitosamente
2025-08-27 21:46:11,944 - INFO - Buffer vaciado y archivo guardado exitosamente
2025-08-27 21:46:14,467 - INFO - Buffer vaciado y archivo guardado exitosamente
2025-08-27 21:46:17,323 - INFO - Buffer vaciado y archivo guardado exitosamente
2025-08-27 21:46:19,707 - INFO - Buffer vaciado y archivo guardado exitosamente
2025-08-27 21:46:22,249 - INFO - Buffer vaciado y archivo guardado exitosamente
2025-08-27 21:46:24,799 - INFO - Buffer vaciado y archivo guardado exitosamente
2025-08-27 21:46:27,461 - INFO - Buffer vaciado y archivo guardado exitosamente
2025-08-27 21:46:30,001 - INFO - Buffer vaciado y archivo guardado exitosamente
2025-08-27 21:46:32,480 - INFO - Buffer vaciado y archivo guardado exitosamente
2025-08-27 21:46:36,418 - INFO - Buffer vaciado y archivo guardado exitosamente
2025-08-27 21:46:37,724 - INFO - Buffer vaciado y archivo guardado exitosamente
2025-08-27 21:46:40,230 - INFO - Buffer vaciado y archivo guardado exitosamente
2025-08-27 21:46:42,972 - INFO - Buffer vaciado y archivo guardado exitosamente
2025-08-27 21:46:45,484 - INFO - Buffer vaciado y archivo guardado exitosamente
2025-08-27 21:46:48,099 - INFO - Buffer vaciado y archivo guardado exitosamente
2025-08-27 21:46:50,450 - INFO - Buffer vaciado y archivo guardado exitosamente
2025-08-27 21:46:53,221 - INFO - Buffer vaciado y archivo guardado exitosamente
2025-08-27 21:46:55,895 - INFO - Buffer vaciado y archivo guardado exitosamente
2025-08-27 21:46:58,256 - INFO - Buffer vaciado y archivo guardado exitosamente
2025-08-27 21:47:00,953 - INFO - Buffer vaciado y archivo guardado exitosamente
2025-08-27 21:47:03,454 - INFO - Buffer vaciado y archivo guardado exitosamente
2025-08-27 21:47:05,951 - INFO - Buffer vaciado y archivo guardado exitosamente
2025-08-27 21:47:08,744 - INFO - Buffer vaciado y archivo guardado exitosamente
2025-08-27 21:47:11,229 - INFO - Buffer vaciado y archivo guardado exitosamente
2025-08-27 21:47:13,785 - INFO - Buffer vaciado y archivo guardado exitosamente
2025-08-27 21:47:16,325 - INFO - Buffer vaciado y archivo guardado exitosamente
2025-08-27 21:47:19,030 - INFO - Buffer vaciado y archivo guardado exitosamente
2025-08-27 21:47:21,460 - INFO - Buffer vaciado y archivo guardado exitosamente
2025-08-27 21:47:23,991 - INFO - Buffer vaciado y archivo guardado exitosamente
2025-08-27 21:47:26,760 - INFO - Buffer vaciado y archivo guardado exitosamente
2025-08-27 21:47:29,349 - INFO - Buffer vaciado y archivo guardado exitosamente
2025-08-27 21:47:31,727 - INFO - Buffer vaciado y archivo guardado exitosamente
2025-08-27 21:47:34,245 - INFO - Buffer vaciado y archivo guardado exitosamente
2025-08-27 21:47:36,988 - INFO - Buffer vaciado y archivo guardado exitosamente
2025-08-27 21:47:39,628 - INFO - Buffer vaciado y archivo guardado exitosamente
2025-08-27 21:47:42,024 - INFO - Buffer vaciado y archivo guardado exitosamente
2025-08-27 21:47:44,768 - INFO - Buffer vaciado y archivo guardado exitosamente
2025-08-27 21:47:49,893 - INFO - Buffer vaciado y archivo guardado exitosamente
2025-08-27 21:47:50,527 - INFO - Buffer vaciado y archivo guardado exitosamente
2025-08-27 21:47:52,587 - INFO - Buffer vaciado y archivo guardado exitosamente
2025-08-27 21:47:54,977 - INFO - Buffer vaciado y archivo guardado exitosamente
2025-08-27 21:47:57,489 - INFO - Buffer vaciado y archivo guardado exitosamente
2025-08-27 21:48:00,057 - INFO - Buffer vaciado y archivo guardado exitosamente
2025-08-27 21:48:02,867 - INFO - Buffer vaciado y archivo guardado exitosamente
2025-08-27 21:48:05,230 - INFO - Buffer vaciado y archivo guardado exitosamente
2025-08-27 21:48:07,747 - INFO - Buffer vaciado y archivo guardado exitosamente
2025-08-27 21:48:10,485 - INFO - Buffer vaciado y archivo guardado exitosamente
2025-08-27 21:48:13,074 - INFO - Buffer vaciado y archivo guardado exitosamente
2025-08-27 21:48:15,509 - INFO - Buffer vaciado y archivo guardado exitosamente
2025-08-27 21:48:18,270 - INFO - Buffer vaciado y archivo guardado exitosamente
2025-08-27 21:48:20,719 - INFO - Buffer vaciado y archivo guardado exitosamente
2025-08-27 21:48:24,440 - INFO - Buffer vaciado y archivo guardado exitosamente
2025-08-27 21:48:25,717 - INFO - Buffer vaciado y archivo guardado exitosamente
2025-08-27 21:48:28,645 - INFO - Buffer vaciado y archivo guardado exitosamente
2025-08-27 21:48:31,000 - INFO - Buffer vaciado y archivo guardado exitosamente
2025-08-27 21:48:33,436 - INFO - Buffer vaciado y archivo guardado exitosamente
2025-08-27 21:48:36,166 - INFO - Buffer vaciado y archivo guardado exitosamente
2025-08-27 21:48:38,651 - INFO - Buffer vaciado y archivo guardado exitosamente
2025-08-27 21:48:41,262 - INFO - Buffer vaciado y archivo guardado exitosamente
2025-08-27 21:48:43,981 - INFO - Buffer vaciado y archivo guardado exitosamente
2025-08-27 21:48:46,488 - INFO - Buffer vaciado y archivo guardado exitosamente
2025-08-27 21:48:49,047 - INFO - Buffer vaciado y archivo guardado exitosamente
2025-08-27 21:48:51,517 - INFO - Buffer vaciado y archivo guardado exitosamente
2025-08-27 21:48:54,239 - INFO - Buffer vaciado y archivo guardado exitosamente
2025-08-27 21:48:57,009 - INFO - Buffer vaciado y archivo guardado exitosamente
2025-08-27 21:48:59,229 - INFO - Buffer vaciado y archivo guardado exitosamente
2025-08-27 21:49:01,982 - INFO - Buffer vaciado y archivo guardado exitosamente
2025-08-27 21:49:04,603 - INFO - Buffer vaciado y archivo guardado exitosamente
2025-08-27 21:49:06,977 - INFO - Buffer vaciado y archivo guardado exitosamente
2025-08-27 21:49:09,584 - INFO - Buffer vaciado y archivo guardado exitosamente
2025-08-27 21:49:12,232 - INFO - Buffer vaciado y archivo guardado exitosamente
2025-08-27 21:49:14,809 - INFO - Buffer vaciado y archivo guardado exitosamente
2025-08-27 21:49:17,271 - INFO - Buffer vaciado y archivo guardado exitosamente
2025-08-27 21:49:19,986 - INFO - Buffer vaciado y archivo guardado exitosamente
2025-08-27 21:49:22,482 - INFO - Buffer vaciado y archivo guardado exitosamente
2025-08-27 21:49:25,043 - INFO - Buffer vaciado y archivo guardado exitosamente
2025-08-27 21:49:27,735 - INFO - Buffer vaciado y archivo guardado exitosamente
2025-08-27 21:49:30,233 - INFO - Buffer vaciado y archivo guardado exitosamente
2025-08-27 21:49:32,708 - INFO - Buffer vaciado y archivo guardado exitosamente
2025-08-27 21:49:35,236 - INFO - Buffer vaciado y archivo guardado exitosamente
2025-08-27 21:49:38,070 - INFO - Buffer vaciado y archivo guardado exitosamente
2025-08-27 21:49:40,539 - INFO - Buffer vaciado y archivo guardado exitosamente
2025-08-27 21:49:43,072 - INFO - Buffer vaciado y archivo guardado exitosamente
2025-08-27 21:49:45,732 - INFO - Buffer vaciado y archivo guardado exitosamente
2025-08-27 21:49:48,256 - INFO - Buffer vaciado y archivo guardado exitosamente
2025-08-27 21:49:50,760 - INFO - Buffer vaciado y archivo guardado exitosamente
2025-08-27 21:49:53,559 - INFO - Buffer vaciado y archivo guardado exitosamente
2025-08-27 21:49:56,117 - INFO - Buffer vaciado y archivo guardado exitosamente
2025-08-27 21:49:58,492 - INFO - Buffer vaciado y archivo guardado exitosamente
2025-08-27 21:50:00,985 - INFO - Buffer vaciado y archivo guardado exitosamente
2025-08-27 21:50:03,802 - INFO - Buffer vaciado y archivo guardado exitosamente
2025-08-27 21:50:06,282 - INFO - Buffer vaciado y archivo guardado exitosamente
2025-08-27 21:50:08,729 - INFO - Buffer vaciado y archivo guardado exitosamente
2025-08-27 21:50:11,480 - INFO - Buffer vaciado y archivo guardado exitosamente
2025-08-27 21:50:13,993 - INFO - Buffer vaciado y archivo guardado exitosamente
2025-08-27 21:50:16,572 - INFO - Buffer vaciado y archivo guardado exitosamente
2025-08-27 21:50:19,338 - INFO - Buffer vaciado y archivo guardado exitosamente
2025-08-27 21:50:21,766 - INFO - Buffer vaciado y archivo guardado exitosamente
2025-08-27 21:50:24,226 - INFO - Buffer vaciado y archivo guardado exitosamente
2025-08-27 21:50:26,739 - INFO - Buffer vaciado y archivo guardado exitosamente
2025-08-27 21:50:29,544 - INFO - Buffer vaciado y archivo guardado exitosamente
2025-08-27 21:50:32,018 - INFO - Buffer vaciado y archivo guardado exitosamente
2025-08-27 21:50:34,492 - INFO - Buffer vaciado y archivo guardado exitosamente
2025-08-27 21:50:37,275 - INFO - Buffer vaciado y archivo guardado exitosamente
2025-08-27 21:50:39,761 - INFO - Buffer vaciado y archivo guardado exitosamente
2025-08-27 21:50:42,246 - INFO - Buffer vaciado y archivo guardado exitosamente
2025-08-27 21:50:44,825 - INFO - Buffer vaciado y archivo guardado exitosamente
2025-08-27 21:50:47,478 - INFO - Buffer vaciado y archivo guardado exitosamente
2025-08-27 21:50:50,123 - INFO - Buffer vaciado y archivo guardado exitosamente
2025-08-27 21:50:52,590 - INFO - Buffer vaciado y archivo guardado exitosamente
2025-08-27 21:50:55,324 - INFO - Buffer vaciado y archivo guardado exitosamente
2025-08-27 21:50:57,540 - INFO - Buffer vaciado y archivo guardado exitosamente
2025-08-27 21:51:00,269 - INFO - Buffer vaciado y archivo guardado exitosamente
2025-08-27 21:51:03,021 - INFO - Buffer vaciado y archivo guardado exitosamente
2025-08-27 21:51:05,498 - INFO - Buffer vaciado y archivo guardado exitosamente
2025-08-27 21:51:08,113 - INFO - Buffer vaciado y archivo guardado exitosamente
2025-08-27 21:51:10,497 - INFO - Buffer vaciado y archivo guardado exitosamente
2025-08-27 21:51:13,275 - INFO - Buffer vaciado y archivo guardado exitosamente
2025-08-27 21:51:15,828 - INFO - Buffer vaciado y archivo guardado exitosamente
2025-08-27 21:51:18,287 - INFO - Buffer vaciado y archivo guardado exitosamente
2025-08-27 21:51:21,018 - INFO - Buffer vaciado y archivo guardado exitosamente
2025-08-27 21:51:23,536 - INFO - Buffer vaciado y archivo guardado exitosamente
2025-08-27 21:51:26,035 - INFO - Buffer vaciado y archivo guardado exitosamente
2025-08-27 21:51:28,785 - INFO - Buffer vaciado y archivo guardado exitosamente
2025-08-27 21:51:31,417 - INFO - Buffer vaciado y archivo guardado exitosamente
2025-08-27 21:51:33,772 - INFO - Buffer vaciado y archivo guardado exitosamente
2025-08-27 21:51:36,338 - INFO - Buffer vaciado y archivo guardado exitosamente
2025-08-27 21:51:39,037 - INFO - Buffer vaciado y archivo guardado exitosamente
2025-08-27 21:51:41,515 - INFO - Buffer vaciado y archivo guardado exitosamente
2025-08-27 21:51:44,029 - INFO - Buffer vaciado y archivo guardado exitosamente
2025-08-27 21:51:46,831 - INFO - Buffer vaciado y archivo guardado exitosamente
2025-08-27 21:51:49,265 - INFO - Buffer vaciado y archivo guardado exitosamente
2025-08-27 21:51:51,778 - INFO - Buffer vaciado y archivo guardado exitosamente
2025-08-27 21:51:54,494 - INFO - Buffer vaciado y archivo guardado exitosamente
2025-08-27 21:51:56,945 - INFO - Buffer vaciado y archivo guardado exitosamente
2025-08-27 21:51:59,545 - INFO - Buffer vaciado y archivo guardado exitosamente
2025-08-27 21:52:01,965 - INFO - Buffer vaciado y archivo guardado exitosamente
2025-08-27 21:52:04,775 - INFO - Buffer vaciado y archivo guardado exitosamente
2025-08-27 21:52:07,250 - INFO - Buffer vaciado y archivo guardado exitosamente
2025-08-27 21:52:09,802 - INFO - Buffer vaciado y archivo guardado exitosamente
2025-08-27 21:52:12,507 - INFO - Buffer vaciado y archivo guardado exitosamente
2025-08-27 21:52:14,997 - INFO - Buffer vaciado y archivo guardado exitosamente
2025-08-27 21:52:17,513 - INFO - Buffer vaciado y archivo guardado exitosamente
2025-08-27 21:52:20,040 - INFO - Buffer vaciado y archivo guardado exitosamente
2025-08-27 21:52:22,854 - INFO - Buffer vaciado y archivo guardado exitosamente
2025-08-27 21:52:25,364 - INFO - Buffer vaciado y archivo guardado exitosamente
2025-08-27 21:52:27,775 - INFO - Buffer vaciado y archivo guardado exitosamente
2025-08-27 21:52:30,519 - INFO - Buffer vaciado y archivo guardado exitosamente
2025-08-27 21:52:33,120 - INFO - Buffer vaciado y archivo guardado exitosamente
2025-08-27 21:52:35,514 - INFO - Buffer vaciado y archivo guardado exitosamente
2025-08-27 21:52:39,611 - INFO - Buffer vaciado y archivo guardado exitosamente
2025-08-27 21:52:40,750 - INFO - Buffer vaciado y archivo guardado exitosamente
2025-08-27 21:52:43,287 - INFO - Buffer vaciado y archivo guardado exitosamente
2025-08-27 21:52:45,854 - INFO - Buffer vaciado y archivo guardado exitosamente
2025-08-27 21:52:48,529 - INFO - Buffer vaciado y archivo guardado exitosamente
2025-08-27 21:52:51,035 - INFO - Buffer vaciado y archivo guardado exitosamente
2025-08-27 21:52:53,552 - INFO - Buffer vaciado y archivo guardado exitosamente
2025-08-27 21:52:56,287 - INFO - Buffer vaciado y archivo guardado exitosamente
2025-08-27 21:52:58,778 - INFO - Buffer vaciado y archivo guardado exitosamente
2025-08-27 21:53:01,296 - INFO - Buffer vaciado y archivo guardado exitosamente
2025-08-27 21:53:04,064 - INFO - Buffer vaciado y archivo guardado exitosamente
2025-08-27 21:53:06,625 - INFO - Buffer vaciado y archivo guardado exitosamente
2025-08-27 21:53:09,085 - INFO - Buffer vaciado y archivo guardado exitosamente
2025-08-27 21:53:12,188 - INFO - Buffer vaciado y archivo guardado exitosamente
2025-08-27 21:53:14,295 - INFO - Buffer vaciado y archivo guardado exitosamente
2025-08-27 21:53:16,834 - INFO - Buffer vaciado y archivo guardado exitosamente
2025-08-27 21:53:19,323 - INFO - Buffer vaciado y archivo guardado exitosamente
2025-08-27 21:53:22,031 - INFO - Buffer vaciado y archivo guardado exitosamente
2025-08-27 21:53:24,535 - INFO - Buffer vaciado y archivo guardado exitosamente
2025-08-27 21:53:27,061 - INFO - Buffer vaciado y archivo guardado exitosamente
2025-08-27 21:53:29,933 - INFO - Buffer vaciado y archivo guardado exitosamente
2025-08-27 21:53:32,269 - INFO - Buffer vaciado y archivo guardado exitosamente
2025-08-27 21:53:34,895 - INFO - Buffer vaciado y archivo guardado exitosamente
2025-08-27 21:53:37,274 - INFO - Buffer vaciado y archivo guardado exitosamente
2025-08-27 21:53:40,130 - INFO - Buffer vaciado y archivo guardado exitosamente
2025-08-27 21:53:42,543 - INFO - Buffer vaciado y archivo guardado exitosamente
2025-08-27 21:53:45,041 - INFO - Buffer vaciado y archivo guardado exitosamente
2025-08-27 21:53:47,886 - INFO - Buffer vaciado y archivo guardado exitosamente
2025-08-27 21:53:50,288 - INFO - Buffer vaciado y archivo guardado exitosamente
2025-08-27 21:53:52,882 - INFO - Buffer vaciado y archivo guardado exitosamente
2025-08-27 21:53:55,141 - INFO - Buffer vaciado y archivo guardado exitosamente
2025-08-27 21:53:58,118 - INFO - Buffer vaciado y archivo guardado exitosamente
2025-08-27 21:54:00,534 - INFO - Buffer vaciado y archivo guardado exitosamente
2025-08-27 21:54:03,033 - INFO - Buffer vaciado y archivo guardado exitosamente
2025-08-27 21:54:05,788 - INFO - Buffer vaciado y archivo guardado exitosamente
2025-08-27 21:54:08,329 - INFO - Buffer vaciado y archivo guardado exitosamente
2025-08-27 21:54:10,877 - INFO - Buffer vaciado y archivo guardado exitosamente
2025-08-27 21:54:13,594 - INFO - Buffer vaciado y archivo guardado exitosamente
2025-08-27 21:54:17,315 - INFO - Buffer vaciado y archivo guardado exitosamente
2025-08-27 21:54:18,517 - INFO - Buffer vaciado y archivo guardado exitosamente
2025-08-27 21:54:21,265 - INFO - Buffer vaciado y archivo guardado exitosamente
2025-08-27 21:54:23,777 - INFO - Buffer vaciado y archivo guardado exitosamente
2025-08-27 21:54:26,275 - INFO - Buffer vaciado y archivo guardado exitosamente
2025-08-27 21:54:29,011 - INFO - Buffer vaciado y archivo guardado exitosamente
2025-08-27 21:54:31,624 - INFO - Buffer vaciado y archivo guardado exitosamente
2025-08-27 21:54:34,090 - INFO - Buffer vaciado y archivo guardado exitosamente
2025-08-27 21:54:36,538 - INFO - Buffer vaciado y archivo guardado exitosamente
2025-08-27 21:54:39,296 - INFO - Buffer vaciado y archivo guardado exitosamente
2025-08-27 21:54:41,785 - INFO - Buffer vaciado y archivo guardado exitosamente
2025-08-27 21:54:44,304 - INFO - Buffer vaciado y archivo guardado exitosamente
2025-08-27 21:54:47,030 - INFO - Buffer vaciado y archivo guardado exitosamente
2025-08-27 21:54:49,855 - INFO - Buffer vaciado y archivo guardado exitosamente
2025-08-27 21:54:52,052 - INFO - Buffer vaciado y archivo guardado exitosamente
2025-08-27 21:54:54,894 - INFO - Buffer vaciado y archivo guardado exitosamente
2025-08-27 21:54:57,371 - INFO - Buffer vaciado y archivo guardado exitosamente
2025-08-27 21:54:59,802 - INFO - Buffer vaciado y archivo guardado exitosamente
2025-08-27 21:55:02,026 - INFO - Buffer vaciado y archivo guardado exitosamente
2025-08-27 21:55:05,047 - INFO - Buffer vaciado y archivo guardado exitosamente
2025-08-27 21:55:07,508 - INFO - Buffer vaciado y archivo guardado exitosamente
2025-08-27 21:55:09,635 - INFO - Buffer vaciado y archivo guardado exitosamente
2025-08-27 21:55:12,395 - INFO - Buffer vaciado y archivo guardado exitosamente
2025-08-27 21:55:14,844 - INFO - Buffer vaciado y archivo guardado exitosamente
2025-08-27 21:55:17,862 - INFO - Buffer vaciado y archivo guardado exitosamente
2025-08-27 21:55:20,496 - INFO - Buffer vaciado y archivo guardado exitosamente
2025-08-27 21:55:23,015 - INFO - Buffer vaciado y archivo guardado exitosamente
2025-08-27 21:55:25,455 - INFO - Buffer vaciado y archivo guardado exitosamente
2025-08-27 21:55:28,089 - INFO - Buffer vaciado y archivo guardado exitosamente
2025-08-27 21:55:30,797 - INFO - Buffer vaciado y archivo guardado exitosamente
2025-08-27 21:55:33,273 - INFO - Buffer vaciado y archivo guardado exitosamente
2025-08-27 21:55:35,842 - INFO - Buffer vaciado y archivo guardado exitosamente
2025-08-27 21:55:38,599 - INFO - Buffer vaciado y archivo guardado exitosamente
2025-08-27 21:55:41,053 - INFO - Buffer vaciado y archivo guardado exitosamente
2025-08-27 21:55:43,548 - INFO - Buffer vaciado y archivo guardado exitosamente
2025-08-27 21:55:46,299 - INFO - Buffer vaciado y archivo guardado exitosamente
2025-08-27 21:55:48,787 - INFO - Buffer vaciado y archivo guardado exitosamente
2025-08-27 21:55:51,285 - INFO - Buffer vaciado y archivo guardado exitosamente
2025-08-27 21:55:55,015 - INFO - Buffer vaciado y archivo guardado exitosamente
2025-08-27 21:55:56,552 - INFO - Buffer vaciado y archivo guardado exitosamente
2025-08-27 21:55:59,038 - INFO - Buffer vaciado y archivo guardado exitosamente
2025-08-27 21:56:01,576 - INFO - Buffer vaciado y archivo guardado exitosamente
2025-08-27 21:56:04,302 - INFO - Buffer vaciado y archivo guardado exitosamente
2025-08-27 21:56:06,863 - INFO - Buffer vaciado y archivo guardado exitosamente
2025-08-27 21:56:09,291 - INFO - Buffer vaciado y archivo guardado exitosamente
2025-08-27 21:56:12,054 - INFO - Buffer vaciado y archivo guardado exitosamente
2025-08-27 21:56:14,522 - INFO - Buffer vaciado y archivo guardado exitosamente
2025-08-27 21:56:17,033 - INFO - Buffer vaciado y archivo guardado exitosamente
2025-08-27 21:56:19,551 - INFO - Buffer vaciado y archivo guardado exitosamente
2025-08-27 21:56:22,378 - INFO - Buffer vaciado y archivo guardado exitosamente
2025-08-27 21:56:24,820 - INFO - Buffer vaciado y archivo guardado exitosamente
2025-08-27 21:56:27,310 - INFO - Buffer vaciado y archivo guardado exitosamente
2025-08-27 21:56:30,046 - INFO - Buffer vaciado y archivo guardado exitosamente
2025-08-27 21:56:32,527 - INFO - Buffer vaciado y archivo guardado exitosamente
2025-08-27 21:56:35,148 - INFO - Buffer vaciado y archivo guardado exitosamente
2025-08-27 21:56:37,787 - INFO - Buffer vaciado y archivo guardado exitosamente
2025-08-27 21:56:40,391 - INFO - Buffer vaciado y archivo guardado exitosamente
2025-08-27 21:56:42,867 - INFO - Buffer vaciado y archivo guardado exitosamente
2025-08-27 21:56:45,382 - INFO - Buffer vaciado y archivo guardado exitosamente
2025-08-27 21:56:48,153 - INFO - Buffer vaciado y archivo guardado exitosamente
2025-08-27 21:56:50,570 - INFO - Buffer vaciado y archivo guardado exitosamente
2025-08-27 21:56:53,034 - INFO - Buffer vaciado y archivo guardado exitosamente
2025-08-27 21:56:55,792 - INFO - Buffer vaciado y archivo guardado exitosamente
2025-08-27 21:56:59,470 - INFO - Buffer vaciado y archivo guardado exitosamente
2025-08-27 21:57:00,866 - INFO - Buffer vaciado y archivo guardado exitosamente
2025-08-27 21:57:03,572 - INFO - Buffer vaciado y archivo guardado exitosamente
2025-08-27 21:57:06,080 - INFO - Buffer vaciado y archivo guardado exitosamente
2025-08-27 21:57:08,649 - INFO - Buffer vaciado y archivo guardado exitosamente
2025-08-27 21:57:11,091 - INFO - Buffer vaciado y archivo guardado exitosamente
2025-08-27 21:57:13,810 - INFO - Buffer vaciado y archivo guardado exitosamente
2025-08-27 21:57:16,356 - INFO - Buffer vaciado y archivo guardado exitosamente
2025-08-27 21:57:18,807 - INFO - Buffer vaciado y archivo guardado exitosamente
2025-08-27 21:57:21,623 - INFO - Buffer vaciado y archivo guardado exitosamente
2025-08-27 21:57:24,054 - INFO - Buffer vaciado y archivo guardado exitosamente
2025-08-27 21:57:26,570 - INFO - Buffer vaciado y archivo guardado exitosamente
2025-08-27 21:57:29,311 - INFO - Buffer vaciado y archivo guardado exitosamente
2025-08-27 21:57:32,041 - INFO - Buffer vaciado y archivo guardado exitosamente
2025-08-27 21:57:34,315 - INFO - Buffer vaciado y archivo guardado exitosamente
2025-08-27 21:57:36,907 - INFO - Buffer vaciado y archivo guardado exitosamente
2025-08-27 21:57:39,565 - INFO - Buffer vaciado y archivo guardado exitosamente
2025-08-27 21:57:42,196 - INFO - Buffer vaciado y archivo guardado exitosamente
2025-08-27 21:57:44,594 - INFO - Buffer vaciado y archivo guardado exitosamente
2025-08-27 21:57:47,340 - INFO - Buffer vaciado y archivo guardado exitosamente
2025-08-27 21:57:49,834 - INFO - Buffer vaciado y archivo guardado exitosamente
2025-08-27 21:57:52,309 - INFO - Buffer vaciado y archivo guardado exitosamente
2025-08-27 21:57:55,129 - INFO - Buffer vaciado y archivo guardado exitosamente
2025-08-27 21:57:57,580 - INFO - Buffer vaciado y archivo guardado exitosamente
2025-08-27 21:58:00,158 - INFO - Buffer vaciado y archivo guardado exitosamente
2025-08-27 21:58:02,626 - INFO - Buffer vaciado y archivo guardado exitosamente
2025-08-27 21:58:05,361 - INFO - Buffer vaciado y archivo guardado exitosamente
2025-08-27 21:58:07,801 - INFO - Buffer vaciado y archivo guardado exitosamente
2025-08-27 21:58:10,408 - INFO - Buffer vaciado y archivo guardado exitosamente
2025-08-27 21:58:13,094 - INFO - Buffer vaciado y archivo guardado exitosamente
2025-08-27 21:58:15,583 - INFO - Buffer vaciado y archivo guardado exitosamente
2025-08-27 21:58:18,061 - INFO - Buffer vaciado y archivo guardado exitosamente
2025-08-27 21:58:20,603 - INFO - Buffer vaciado y archivo guardado exitosamente
2025-08-27 21:58:23,506 - INFO - Buffer vaciado y archivo guardado exitosamente
2025-08-27 21:58:25,823 - INFO - Buffer vaciado y archivo guardado exitosamente
2025-08-27 21:58:28,368 - INFO - Buffer vaciado y archivo guardado exitosamente
2025-08-27 21:58:31,042 - INFO - Buffer vaciado y archivo guardado exitosamente
2025-08-27 21:58:33,536 - INFO - Buffer vaciado y archivo guardado exitosamente
2025-08-27 21:58:36,048 - INFO - Buffer vaciado y archivo guardado exitosamente
2025-08-27 21:58:38,855 - INFO - Buffer vaciado y archivo guardado exitosamente
2025-08-27 21:58:41,297 - INFO - Buffer vaciado y archivo guardado exitosamente
2025-08-27 21:58:43,865 - INFO - Buffer vaciado y archivo guardado exitosamente
2025-08-27 21:58:46,287 - INFO - Buffer vaciado y archivo guardado exitosamente
2025-08-27 21:58:49,018 - INFO - Buffer vaciado y archivo guardado exitosamente
2025-08-27 21:58:51,529 - INFO - Buffer vaciado y archivo guardado exitosamente
2025-08-27 21:58:54,074 - INFO - Buffer vaciado y archivo guardado exitosamente
2025-08-27 21:58:56,745 - INFO - Buffer vaciado y archivo guardado exitosamente
2025-08-27 21:58:59,342 - INFO - Buffer vaciado y archivo guardado exitosamente
2025-08-27 21:59:01,898 - INFO - Buffer vaciado y archivo guardado exitosamente
2025-08-27 21:59:04,609 - INFO - Buffer vaciado y archivo guardado exitosamente
2025-08-27 21:59:07,064 - INFO - Buffer vaciado y archivo guardado exitosamente
2025-08-27 21:59:09,531 - INFO - Buffer vaciado y archivo guardado exitosamente
2025-08-27 21:59:12,296 - INFO - Buffer vaciado y archivo guardado exitosamente
2025-08-27 21:59:15,067 - INFO - Buffer vaciado y archivo guardado exitosamente
2025-08-27 21:59:17,550 - INFO - Buffer vaciado y archivo guardado exitosamente
2025-08-27 21:59:20,135 - INFO - Buffer vaciado y archivo guardado exitosamente
2025-08-27 21:59:22,883 - INFO - Buffer vaciado y archivo guardado exitosamente
2025-08-27 21:59:25,290 - INFO - Buffer vaciado y archivo guardado exitosamente
2025-08-27 21:59:27,800 - INFO - Buffer vaciado y archivo guardado exitosamente
2025-08-27 21:59:30,583 - INFO - Buffer vaciado y archivo guardado exitosamente
2025-08-27 21:59:33,185 - INFO - Buffer vaciado y archivo guardado exitosamente
2025-08-27 21:59:35,587 - INFO - Buffer vaciado y archivo guardado exitosamente
2025-08-27 21:59:38,083 - INFO - Buffer vaciado y archivo guardado exitosamente
2025-08-27 21:59:40,805 - INFO - Buffer vaciado y archivo guardado exitosamente
2025-08-27 21:59:43,412 - INFO - Buffer vaciado y archivo guardado exitosamente
2025-08-27 21:59:45,830 - INFO - Buffer vaciado y archivo guardado exitosamente
2025-08-27 21:59:48,572 - INFO - Buffer vaciado y archivo guardado exitosamente
2025-08-27 21:59:51,202 - INFO - Buffer vaciado y archivo guardado exitosamente
2025-08-27 21:59:53,635 - INFO - Buffer vaciado y archivo guardado exitosamente
2025-08-27 21:59:56,425 - INFO - Buffer vaciado y archivo guardado exitosamente
2025-08-27 21:59:58,813 - INFO - Buffer vaciado y archivo guardado exitosamente
2025-08-27 22:00:01,473 - INFO - Buffer vaciado y archivo guardado exitosamente
2025-08-27 22:00:03,803 - INFO - Buffer vaciado y archivo guardado exitosamente
2025-08-27 22:00:06,659 - INFO - Buffer vaciado y archivo guardado exitosamente
2025-08-27 22:00:09,088 - INFO - Buffer vaciado y archivo guardado exitosamente
2025-08-27 22:00:11,687 - INFO - Buffer vaciado y archivo guardado exitosamente
2025-08-27 22:00:14,436 - INFO - Buffer vaciado y archivo guardado exitosamente
2025-08-27 22:00:16,854 - INFO - Buffer vaciado y archivo guardado exitosamente
2025-08-27 22:00:19,390 - INFO - Buffer vaciado y archivo guardado exitosamente
2025-08-27 22:00:22,094 - INFO - Buffer vaciado y archivo guardado exitosamente
2025-08-27 22:00:24,701 - INFO - Buffer vaciado y archivo guardado exitosamente
2025-08-27 22:00:27,103 - INFO - Buffer vaciado y archivo guardado exitosamente
2025-08-27 22:00:29,582 - INFO - Buffer vaciado y archivo guardado exitosamente
2025-08-27 22:00:32,314 - INFO - Buffer vaciado y archivo guardado exitosamente
2025-08-27 22:00:34,927 - INFO - Buffer vaciado y archivo guardado exitosamente
2025-08-27 22:00:37,322 - INFO - Buffer vaciado y archivo guardado exitosamente
2025-08-27 22:00:40,115 - INFO - Buffer vaciado y archivo guardado exitosamente
2025-08-27 22:00:42,585 - INFO - Buffer vaciado y archivo guardado exitosamente
2025-08-27 22:00:45,170 - INFO - Buffer vaciado y archivo guardado exitosamente
2025-08-27 22:00:47,818 - INFO - Buffer vaciado y archivo guardado exitosamente
2025-08-27 22:00:50,304 - INFO - Buffer vaciado y archivo guardado exitosamente
2025-08-27 22:00:52,817 - INFO - Buffer vaciado y archivo guardado exitosamente
2025-08-27 22:00:55,420 - INFO - Buffer vaciado y archivo guardado exitosamente
2025-08-27 22:00:58,122 - INFO - Buffer vaciado y archivo guardado exitosamente
2025-08-27 22:01:00,595 - INFO - Buffer vaciado y archivo guardado exitosamente
2025-08-27 22:01:03,057 - INFO - Buffer vaciado y archivo guardado exitosamente
2025-08-27 22:01:05,830 - INFO - Buffer vaciado y archivo guardado exitosamente
2025-08-27 22:01:08,336 - INFO - Buffer vaciado y archivo guardado exitosamente
2025-08-27 22:01:10,829 - INFO - Buffer vaciado y archivo guardado exitosamente
2025-08-27 22:01:13,597 - INFO - Buffer vaciado y archivo guardado exitosamente
2025-08-27 22:01:16,257 - INFO - Buffer vaciado y archivo guardado exitosamente
2025-08-27 22:01:18,686 - INFO - Buffer vaciado y archivo guardado exitosamente
2025-08-27 22:01:21,097 - INFO - Buffer vaciado y archivo guardado exitosamente
2025-08-27 22:01:23,857 - INFO - Buffer vaciado y archivo guardado exitosamente
2025-08-27 22:01:26,333 - INFO - Buffer vaciado y archivo guardado exitosamente
2025-08-27 22:01:28,819 - INFO - Buffer vaciado y archivo guardado exitosamente
2025-08-27 22:01:31,645 - INFO - Buffer vaciado y archivo guardado exitosamente
2025-08-27 22:01:34,060 - INFO - Buffer vaciado y archivo guardado exitosamente
2025-08-27 22:01:36,721 - INFO - Buffer vaciado y archivo guardado exitosamente
2025-08-27 22:01:39,334 - INFO - Buffer vaciado y archivo guardado exitosamente
2025-08-27 22:01:41,919 - INFO - Buffer vaciado y archivo guardado exitosamente
2025-08-27 22:01:44,322 - INFO - Buffer vaciado y archivo guardado exitosamente
2025-08-27 22:01:46,846 - INFO - Buffer vaciado y archivo guardado exitosamente
2025-08-27 22:01:49,688 - INFO - Buffer vaciado y archivo guardado exitosamente
2025-08-27 22:01:52,086 - INFO - Buffer vaciado y archivo guardado exitosamente
2025-08-27 22:01:54,665 - INFO - Buffer vaciado y archivo guardado exitosamente
2025-08-27 22:01:57,335 - INFO - Buffer vaciado y archivo guardado exitosamente
2025-08-27 22:01:59,916 - INFO - Buffer vaciado y archivo guardado exitosamente
2025-08-27 22:02:02,371 - INFO - Buffer vaciado y archivo guardado exitosamente
2025-08-27 22:02:05,124 - INFO - Buffer vaciado y archivo guardado exitosamente
2025-08-27 22:02:07,605 - INFO - Buffer vaciado y archivo guardado exitosamente
2025-08-27 22:02:10,085 - INFO - Buffer vaciado y archivo guardado exitosamente
2025-08-27 22:02:13,172 - INFO - Buffer vaciado y archivo guardado exitosamente
2025-08-27 22:02:15,374 - INFO - Buffer vaciado y archivo guardado exitosamente
2025-08-27 22:02:17,851 - INFO - Buffer vaciado y archivo guardado exitosamente
2025-08-27 22:02:20,420 - INFO - Buffer vaciado y archivo guardado exitosamente
2025-08-27 22:02:23,122 - INFO - Buffer vaciado y archivo guardado exitosamente
2025-08-27 22:02:25,598 - INFO - Buffer vaciado y archivo guardado exitosamente
2025-08-27 22:02:28,106 - INFO - Buffer vaciado y archivo guardado exitosamente
2025-08-27 22:02:30,866 - INFO - Buffer vaciado y archivo guardado exitosamente
2025-08-27 22:02:33,474 - INFO - Buffer vaciado y archivo guardado exitosamente
2025-08-27 22:02:35,840 - INFO - Buffer vaciado y archivo guardado exitosamente
2025-08-27 22:02:38,407 - INFO - Buffer vaciado y archivo guardado exitosamente
2025-08-27 22:02:41,233 - INFO - Buffer vaciado y archivo guardado exitosamente
2025-08-27 22:02:43,695 - INFO - Buffer vaciado y archivo guardado exitosamente
2025-08-27 22:02:46,140 - INFO - Buffer vaciado y archivo guardado exitosamente
2025-08-27 22:02:50,701 - INFO - Buffer vaciado y archivo guardado exitosamente
2025-08-27 22:02:51,579 - INFO - Buffer vaciado y archivo guardado exitosamente
2025-08-27 22:02:53,876 - INFO - Buffer vaciado y archivo guardado exitosamente
2025-08-27 22:02:56,703 - INFO - Buffer vaciado y archivo guardado exitosamente
2025-08-27 22:02:59,118 - INFO - Buffer vaciado y archivo guardado exitosamente
2025-08-27 22:03:01,705 - INFO - Buffer vaciado y archivo guardado exitosamente
2025-08-27 22:03:04,120 - INFO - Buffer vaciado y archivo guardado exitosamente
2025-08-27 22:03:06,924 - INFO - Buffer vaciado y archivo guardado exitosamente
2025-08-27 22:03:09,444 - INFO - Buffer vaciado y archivo guardado exitosamente
2025-08-27 22:03:11,948 - INFO - Buffer vaciado y archivo guardado exitosamente
2025-08-27 22:03:14,616 - INFO - Buffer vaciado y archivo guardado exitosamente
2025-08-27 22:03:17,086 - INFO - Buffer vaciado y archivo guardado exitosamente
2025-08-27 22:03:18,350 - INFO - Buffer vaciado y archivo guardado exitosamente
2025-08-27 22:03:19,220 - INFO - Archivo Excel cerrado correctamente
2025-08-27 22:10:48,104 - INFO - Archivo Excel existente cargado: regresion_horno.xlsx
2025-08-27 22:10:49,018 - INFO - Nueva hoja creada: 2025-08-27_22-10-48
2025-08-27 22:10:49,019 - INFO - Intento de conexión 1 a 192.168.1.150
2025-08-27 22:10:49,068 - INFO - Conexión WebSocket establecida
2025-08-27 22:10:52,715 - INFO - Buffer vaciado y archivo guardado exitosamente
2025-08-27 22:10:55,169 - INFO - Buffer vaciado y archivo guardado exitosamente
2025-08-27 22:10:57,714 - INFO - Buffer vaciado y archivo guardado exitosamente
2025-08-27 22:11:00,410 - INFO - Buffer vaciado y archivo guardado exitosamente
2025-08-27 22:11:02,937 - INFO - Buffer vaciado y archivo guardado exitosamente
2025-08-27 22:11:05,411 - INFO - Buffer vaciado y archivo guardado exitosamente
2025-08-27 22:11:07,933 - INFO - Buffer vaciado y archivo guardado exitosamente
2025-08-27 22:11:10,703 - INFO - Buffer vaciado y archivo guardado exitosamente
2025-08-27 22:11:12,898 - INFO - Buffer vaciado y archivo guardado exitosamente
2025-08-27 22:11:15,609 - INFO - Buffer vaciado y archivo guardado exitosamente
2025-08-27 22:11:18,420 - INFO - Buffer vaciado y archivo guardado exitosamente
2025-08-27 22:11:20,710 - INFO - Buffer vaciado y archivo guardado exitosamente
2025-08-27 22:11:23,380 - INFO - Buffer vaciado y archivo guardado exitosamente
2025-08-27 22:11:25,872 - INFO - Buffer vaciado y archivo guardado exitosamente
2025-08-27 22:11:28,665 - INFO - Buffer vaciado y archivo guardado exitosamente
2025-08-27 22:11:31,113 - INFO - Buffer vaciado y archivo guardado exitosamente
2025-08-27 22:11:33,591 - INFO - Buffer vaciado y archivo guardado exitosamente
2025-08-27 22:11:36,332 - INFO - Buffer vaciado y archivo guardado exitosamente
2025-08-27 22:11:38,859 - INFO - Buffer vaciado y archivo guardado exitosamente
2025-08-27 22:11:41,361 - INFO - Buffer vaciado y archivo guardado exitosamente
2025-08-27 22:11:44,125 - INFO - Buffer vaciado y archivo guardado exitosamente
2025-08-27 22:11:46,700 - INFO - Buffer vaciado y archivo guardado exitosamente
2025-08-27 22:11:49,082 - INFO - Buffer vaciado y archivo guardado exitosamente
2025-08-27 22:11:51,586 - INFO - Buffer vaciado y archivo guardado exitosamente
2025-08-27 22:11:54,600 - INFO - Buffer vaciado y archivo guardado exitosamente
2025-08-27 22:11:56,892 - INFO - Buffer vaciado y archivo guardado exitosamente
2025-08-27 22:11:59,488 - INFO - Buffer vaciado y archivo guardado exitosamente
2025-08-27 22:12:02,171 - INFO - Buffer vaciado y archivo guardado exitosamente
2025-08-27 22:12:04,213 - INFO - Buffer vaciado y archivo guardado exitosamente
2025-08-27 22:12:06,635 - INFO - Buffer vaciado y archivo guardado exitosamente
2025-08-27 22:12:09,420 - INFO - Buffer vaciado y archivo guardado exitosamente
2025-08-27 22:12:12,367 - INFO - Buffer vaciado y archivo guardado exitosamente
2025-08-27 22:12:14,875 - INFO - Buffer vaciado y archivo guardado exitosamente
2025-08-27 22:12:17,360 - INFO - Buffer vaciado y archivo guardado exitosamente
2025-08-27 22:12:20,166 - INFO - Buffer vaciado y archivo guardado exitosamente
2025-08-27 22:12:22,253 - INFO - Buffer vaciado y archivo guardado exitosamente
2025-08-27 22:12:25,118 - INFO - Buffer vaciado y archivo guardado exitosamente
2025-08-27 22:12:27,840 - INFO - Buffer vaciado y archivo guardado exitosamente
2025-08-27 22:12:30,470 - INFO - Buffer vaciado y archivo guardado exitosamente
2025-08-27 22:12:32,922 - INFO - Buffer vaciado y archivo guardado exitosamente
2025-08-27 22:12:35,671 - INFO - Buffer vaciado y archivo guardado exitosamente
2025-08-27 22:12:38,111 - INFO - Buffer vaciado y archivo guardado exitosamente
2025-08-27 22:12:40,760 - INFO - Buffer vaciado y archivo guardado exitosamente
2025-08-27 22:12:43,166 - INFO - Buffer vaciado y archivo guardado exitosamente
2025-08-27 22:12:45,875 - INFO - Buffer vaciado y archivo guardado exitosamente
2025-08-27 22:12:48,368 - INFO - Buffer vaciado y archivo guardado exitosamente
2025-08-27 22:12:50,856 - INFO - Buffer vaciado y archivo guardado exitosamente
2025-08-27 22:12:53,590 - INFO - Buffer vaciado y archivo guardado exitosamente
2025-08-27 22:12:56,139 - INFO - Buffer vaciado y archivo guardado exitosamente
2025-08-27 22:12:58,676 - INFO - Buffer vaciado y archivo guardado exitosamente
2025-08-27 22:13:01,487 - INFO - Buffer vaciado y archivo guardado exitosamente
2025-08-27 22:13:03,865 - INFO - Buffer vaciado y archivo guardado exitosamente
2025-08-27 22:13:06,404 - INFO - Buffer vaciado y archivo guardado exitosamente
2025-08-27 22:13:08,851 - INFO - Buffer vaciado y archivo guardado exitosamente
2025-08-27 22:13:11,580 - INFO - Buffer vaciado y archivo guardado exitosamente
2025-08-27 22:13:14,202 - INFO - Buffer vaciado y archivo guardado exitosamente
2025-08-27 22:13:16,750 - INFO - Buffer vaciado y archivo guardado exitosamente
2025-08-27 22:13:19,376 - INFO - Buffer vaciado y archivo guardado exitosamente
2025-08-27 22:13:21,867 - INFO - Buffer vaciado y archivo guardado exitosamente
2025-08-27 22:13:24,447 - INFO - Buffer vaciado y archivo guardado exitosamente
2025-08-27 22:13:29,029 - INFO - Buffer vaciado y archivo guardado exitosamente
2025-08-27 22:13:29,865 - INFO - Buffer vaciado y archivo guardado exitosamente
2025-08-27 22:13:32,114 - INFO - Buffer vaciado y archivo guardado exitosamente
2025-08-27 22:13:34,682 - INFO - Buffer vaciado y archivo guardado exitosamente
2025-08-27 22:13:37,395 - INFO - Buffer vaciado y archivo guardado exitosamente
2025-08-27 22:13:39,888 - INFO - Buffer vaciado y archivo guardado exitosamente
2025-08-27 22:13:42,341 - INFO - Buffer vaciado y archivo guardado exitosamente
2025-08-27 22:13:45,097 - INFO - Buffer vaciado y archivo guardado exitosamente
2025-08-27 22:13:47,622 - INFO - Buffer vaciado y archivo guardado exitosamente
2025-08-27 22:13:50,178 - INFO - Buffer vaciado y archivo guardado exitosamente
2025-08-27 22:13:52,940 - INFO - Buffer vaciado y archivo guardado exitosamente
2025-08-27 22:13:55,352 - INFO - Buffer vaciado y archivo guardado exitosamente
2025-08-27 22:13:57,951 - INFO - Buffer vaciado y archivo guardado exitosamente
2025-08-27 22:14:01,514 - INFO - Buffer vaciado y archivo guardado exitosamente
2025-08-27 22:14:03,153 - INFO - Buffer vaciado y archivo guardado exitosamente
2025-08-27 22:14:05,705 - INFO - Buffer vaciado y archivo guardado exitosamente
2025-08-27 22:14:08,272 - INFO - Buffer vaciado y archivo guardado exitosamente
2025-08-27 22:14:10,891 - INFO - Buffer vaciado y archivo guardado exitosamente
2025-08-27 22:14:13,363 - INFO - Buffer vaciado y archivo guardado exitosamente
2025-08-27 22:14:15,831 - INFO - Buffer vaciado y archivo guardado exitosamente
2025-08-27 22:14:18,636 - INFO - Buffer vaciado y archivo guardado exitosamente
2025-08-27 22:14:21,158 - INFO - Buffer vaciado y archivo guardado exitosamente
2025-08-27 22:14:23,728 - INFO - Buffer vaciado y archivo guardado exitosamente
2025-08-27 22:14:26,132 - INFO - Buffer vaciado y archivo guardado exitosamente
2025-08-27 22:14:28,881 - INFO - Buffer vaciado y archivo guardado exitosamente
2025-08-27 22:14:31,387 - INFO - Buffer vaciado y archivo guardado exitosamente
2025-08-27 22:14:33,900 - INFO - Buffer vaciado y archivo guardado exitosamente
2025-08-27 22:14:37,136 - INFO - Buffer vaciado y archivo guardado exitosamente
2025-08-27 22:14:39,198 - INFO - Buffer vaciado y archivo guardado exitosamente
2025-08-27 22:14:41,704 - INFO - Buffer vaciado y archivo guardado exitosamente
2025-08-27 22:14:44,118 - INFO - Buffer vaciado y archivo guardado exitosamente
2025-08-27 22:14:46,834 - INFO - Buffer vaciado y archivo guardado exitosamente
2025-08-27 22:14:49,428 - INFO - Buffer vaciado y archivo guardado exitosamente
2025-08-27 22:14:51,886 - INFO - Buffer vaciado y archivo guardado exitosamente
2025-08-27 22:14:54,743 - INFO - Buffer vaciado y archivo guardado exitosamente
2025-08-27 22:14:57,190 - INFO - Buffer vaciado y archivo guardado exitosamente
2025-08-27 22:14:59,636 - INFO - Buffer vaciado y archivo guardado exitosamente
2025-08-27 22:15:02,370 - INFO - Buffer vaciado y archivo guardado exitosamente
2025-08-27 22:15:04,838 - INFO - Buffer vaciado y archivo guardado exitosamente
2025-08-27 22:15:07,349 - INFO - Buffer vaciado y archivo guardado exitosamente
2025-08-27 22:15:10,096 - INFO - Buffer vaciado y archivo guardado exitosamente
2025-08-27 22:15:12,777 - INFO - Buffer vaciado y archivo guardado exitosamente
2025-08-27 22:15:15,091 - INFO - Buffer vaciado y archivo guardado exitosamente
2025-08-27 22:15:17,623 - INFO - Buffer vaciado y archivo guardado exitosamente
2025-08-27 22:15:20,414 - INFO - Buffer vaciado y archivo guardado exitosamente
2025-08-27 22:15:22,846 - INFO - Buffer vaciado y archivo guardado exitosamente
2025-08-27 22:15:25,357 - INFO - Buffer vaciado y archivo guardado exitosamente
2025-08-27 22:15:28,212 - INFO - Buffer vaciado y archivo guardado exitosamente
2025-08-27 22:15:30,632 - INFO - Buffer vaciado y archivo guardado exitosamente
2025-08-27 22:15:33,126 - INFO - Buffer vaciado y archivo guardado exitosamente
2025-08-27 22:15:35,882 - INFO - Buffer vaciado y archivo guardado exitosamente
2025-08-27 22:15:38,292 - INFO - Buffer vaciado y archivo guardado exitosamente
2025-08-27 22:15:42,159 - INFO - Buffer vaciado y archivo guardado exitosamente
2025-08-27 22:15:43,278 - INFO - Buffer vaciado y archivo guardado exitosamente
2025-08-27 22:15:46,080 - INFO - Buffer vaciado y archivo guardado exitosamente
2025-08-27 22:15:48,611 - INFO - Buffer vaciado y archivo guardado exitosamente
2025-08-27 22:15:51,201 - INFO - Buffer vaciado y archivo guardado exitosamente
2025-08-27 22:15:53,897 - INFO - Buffer vaciado y archivo guardado exitosamente
2025-08-27 22:15:56,437 - INFO - Buffer vaciado y archivo guardado exitosamente
2025-08-27 22:15:58,910 - INFO - Buffer vaciado y archivo guardado exitosamente
2025-08-27 22:16:01,444 - INFO - Buffer vaciado y archivo guardado exitosamente
2025-08-27 22:16:04,151 - INFO - Buffer vaciado y archivo guardado exitosamente
2025-08-27 22:16:06,693 - INFO - Buffer vaciado y archivo guardado exitosamente
2025-08-27 22:16:09,222 - INFO - Buffer vaciado y archivo guardado exitosamente
2025-08-27 22:16:11,907 - INFO - Buffer vaciado y archivo guardado exitosamente
2025-08-27 22:16:14,503 - INFO - Buffer vaciado y archivo guardado exitosamente
2025-08-27 22:16:16,988 - INFO - Buffer vaciado y archivo guardado exitosamente
2025-08-27 22:16:19,630 - INFO - Buffer vaciado y archivo guardado exitosamente
2025-08-27 22:16:22,113 - INFO - Buffer vaciado y archivo guardado exitosamente
2025-08-27 22:16:24,696 - INFO - Buffer vaciado y archivo guardado exitosamente
2025-08-27 22:16:27,111 - INFO - Buffer vaciado y archivo guardado exitosamente
2025-08-27 22:16:29,857 - INFO - Buffer vaciado y archivo guardado exitosamente
2025-08-27 22:16:32,341 - INFO - Buffer vaciado y archivo guardado exitosamente
2025-08-27 22:16:35,016 - INFO - Buffer vaciado y archivo guardado exitosamente
2025-08-27 22:16:37,714 - INFO - Buffer vaciado y archivo guardado exitosamente
2025-08-27 22:16:40,090 - INFO - Buffer vaciado y archivo guardado exitosamente
2025-08-27 22:16:42,635 - INFO - Buffer vaciado y archivo guardado exitosamente
2025-08-27 22:16:45,364 - INFO - Buffer vaciado y archivo guardado exitosamente
2025-08-27 22:16:47,966 - INFO - Buffer vaciado y archivo guardado exitosamente
2025-08-27 22:16:50,438 - INFO - Buffer vaciado y archivo guardado exitosamente
2025-08-27 22:16:52,861 - INFO - Buffer vaciado y archivo guardado exitosamente
2025-08-27 22:16:55,619 - INFO - Buffer vaciado y archivo guardado exitosamente
2025-08-27 22:16:58,154 - INFO - Buffer vaciado y archivo guardado exitosamente
2025-08-27 22:17:00,635 - INFO - Buffer vaciado y archivo guardado exitosamente
2025-08-27 22:17:03,357 - INFO - Buffer vaciado y archivo guardado exitosamente
2025-08-27 22:17:05,986 - INFO - Buffer vaciado y archivo guardado exitosamente
2025-08-27 22:17:08,377 - INFO - Buffer vaciado y archivo guardado exitosamente
2025-08-27 22:17:11,207 - INFO - Buffer vaciado y archivo guardado exitosamente
2025-08-27 22:17:13,639 - INFO - Buffer vaciado y archivo guardado exitosamente
2025-08-27 22:17:16,134 - INFO - Buffer vaciado y archivo guardado exitosamente
2025-08-27 22:17:18,643 - INFO - Buffer vaciado y archivo guardado exitosamente
2025-08-27 22:17:21,470 - INFO - Buffer vaciado y archivo guardado exitosamente
2025-08-27 22:17:23,884 - INFO - Buffer vaciado y archivo guardado exitosamente
2025-08-27 22:17:26,487 - INFO - Buffer vaciado y archivo guardado exitosamente
2025-08-27 22:17:29,145 - INFO - Buffer vaciado y archivo guardado exitosamente
2025-08-27 22:17:31,637 - INFO - Buffer vaciado y archivo guardado exitosamente
2025-08-27 22:17:34,131 - INFO - Buffer vaciado y archivo guardado exitosamente
2025-08-27 22:17:36,998 - INFO - Buffer vaciado y archivo guardado exitosamente
2025-08-27 22:17:39,361 - INFO - Buffer vaciado y archivo guardado exitosamente
2025-08-27 22:17:42,169 - INFO - Buffer vaciado y archivo guardado exitosamente
2025-08-27 22:17:44,363 - INFO - Buffer vaciado y archivo guardado exitosamente
2025-08-27 22:17:47,482 - INFO - Buffer vaciado y archivo guardado exitosamente
2025-08-27 22:17:49,854 - INFO - Buffer vaciado y archivo guardado exitosamente
2025-08-27 22:17:52,573 - INFO - Buffer vaciado y archivo guardado exitosamente
2025-08-27 22:17:55,438 - INFO - Buffer vaciado y archivo guardado exitosamente
2025-08-27 22:17:57,874 - INFO - Buffer vaciado y archivo guardado exitosamente
2025-08-27 22:18:00,489 - INFO - Buffer vaciado y archivo guardado exitosamente
2025-08-27 22:18:03,150 - INFO - Buffer vaciado y archivo guardado exitosamente
2025-08-27 22:18:05,700 - INFO - Buffer vaciado y archivo guardado exitosamente
2025-08-27 22:18:08,197 - INFO - Buffer vaciado y archivo guardado exitosamente
2025-08-27 22:18:10,710 - INFO - Buffer vaciado y archivo guardado exitosamente
2025-08-27 22:18:13,380 - INFO - Buffer vaciado y archivo guardado exitosamente
2025-08-27 22:18:15,914 - INFO - Buffer vaciado y archivo guardado exitosamente
2025-08-27 22:18:18,370 - INFO - Buffer vaciado y archivo guardado exitosamente
2025-08-27 22:18:21,106 - INFO - Buffer vaciado y archivo guardado exitosamente
2025-08-27 22:18:23,775 - INFO - Buffer vaciado y archivo guardado exitosamente
2025-08-27 22:18:26,109 - INFO - Buffer vaciado y archivo guardado exitosamente
2025-08-27 22:18:28,887 - INFO - Buffer vaciado y archivo guardado exitosamente
2025-08-27 22:18:31,396 - INFO - Buffer vaciado y archivo guardado exitosamente
2025-08-27 22:18:33,894 - INFO - Buffer vaciado y archivo guardado exitosamente
2025-08-27 22:18:36,392 - INFO - Buffer vaciado y archivo guardado exitosamente
2025-08-27 22:18:39,244 - INFO - Buffer vaciado y archivo guardado exitosamente
2025-08-27 22:18:41,649 - INFO - Buffer vaciado y archivo guardado exitosamente
2025-08-27 22:18:44,143 - INFO - Buffer vaciado y archivo guardado exitosamente
2025-08-27 22:18:46,993 - INFO - Buffer vaciado y archivo guardado exitosamente
2025-08-27 22:18:49,395 - INFO - Buffer vaciado y archivo guardado exitosamente
2025-08-27 22:18:51,903 - INFO - Buffer vaciado y archivo guardado exitosamente
2025-08-27 22:18:54,729 - INFO - Buffer vaciado y archivo guardado exitosamente
2025-08-27 22:18:57,243 - INFO - Buffer vaciado y archivo guardado exitosamente
2025-08-27 22:18:59,654 - INFO - Buffer vaciado y archivo guardado exitosamente
2025-08-27 22:19:02,062 - INFO - Buffer vaciado y archivo guardado exitosamente
2025-08-27 22:19:04,820 - INFO - Buffer vaciado y archivo guardado exitosamente
2025-08-27 22:19:07,333 - INFO - Buffer vaciado y archivo guardado exitosamente
2025-08-27 22:19:09,984 - INFO - Buffer vaciado y archivo guardado exitosamente
2025-08-27 22:19:12,956 - INFO - Buffer vaciado y archivo guardado exitosamente
2025-08-27 22:19:15,501 - INFO - Buffer vaciado y archivo guardado exitosamente
2025-08-27 22:19:17,905 - INFO - Buffer vaciado y archivo guardado exitosamente
2025-08-27 22:19:20,419 - INFO - Buffer vaciado y archivo guardado exitosamente
2025-08-27 22:19:23,140 - INFO - Buffer vaciado y archivo guardado exitosamente
2025-08-27 22:19:25,691 - INFO - Buffer vaciado y archivo guardado exitosamente
2025-08-27 22:19:28,144 - INFO - Buffer vaciado y archivo guardado exitosamente
2025-08-27 22:19:30,996 - INFO - Buffer vaciado y archivo guardado exitosamente
2025-08-27 22:19:33,439 - INFO - Buffer vaciado y archivo guardado exitosamente
2025-08-27 22:19:35,958 - INFO - Buffer vaciado y archivo guardado exitosamente
2025-08-27 22:19:38,706 - INFO - Buffer vaciado y archivo guardado exitosamente
2025-08-27 22:19:41,147 - INFO - Buffer vaciado y archivo guardado exitosamente
2025-08-27 22:19:43,749 - INFO - Buffer vaciado y archivo guardado exitosamente
2025-08-27 22:19:46,130 - INFO - Buffer vaciado y archivo guardado exitosamente
2025-08-27 22:19:48,905 - INFO - Buffer vaciado y archivo guardado exitosamente
2025-08-27 22:19:51,407 - INFO - Buffer vaciado y archivo guardado exitosamente
2025-08-27 22:19:54,178 - INFO - Buffer vaciado y archivo guardado exitosamente
2025-08-27 22:19:56,912 - INFO - Buffer vaciado y archivo guardado exitosamente
2025-08-27 22:19:58,849 - INFO - Buffer vaciado y archivo guardado exitosamente
2025-08-27 22:20:01,633 - INFO - Buffer vaciado y archivo guardado exitosamente
2025-08-27 22:20:04,123 - INFO - Buffer vaciado y archivo guardado exitosamente
2025-08-27 22:20:06,470 - INFO - Buffer vaciado y archivo guardado exitosamente
2025-08-27 22:20:09,518 - INFO - Buffer vaciado y archivo guardado exitosamente
2025-08-27 22:20:12,266 - INFO - Buffer vaciado y archivo guardado exitosamente
2025-08-27 22:20:14,908 - INFO - Buffer vaciado y archivo guardado exitosamente
2025-08-27 22:20:17,020 - INFO - Buffer vaciado y archivo guardado exitosamente
2025-08-27 22:20:19,848 - INFO - Buffer vaciado y archivo guardado exitosamente
2025-08-27 22:20:22,586 - INFO - Buffer vaciado y archivo guardado exitosamente
2025-08-27 22:20:25,018 - INFO - Buffer vaciado y archivo guardado exitosamente
2025-08-27 22:20:27,050 - INFO - Buffer vaciado y archivo guardado exitosamente
2025-08-27 22:20:30,268 - INFO - Buffer vaciado y archivo guardado exitosamente
2025-08-27 22:20:32,758 - INFO - Buffer vaciado y archivo guardado exitosamente
2025-08-27 22:20:35,221 - INFO - Buffer vaciado y archivo guardado exitosamente
2025-08-27 22:20:37,509 - INFO - Buffer vaciado y archivo guardado exitosamente
2025-08-27 22:20:40,567 - INFO - Buffer vaciado y archivo guardado exitosamente
2025-08-27 22:20:43,075 - INFO - Buffer vaciado y archivo guardado exitosamente
2025-08-27 22:20:44,986 - INFO - Buffer vaciado y archivo guardado exitosamente
2025-08-27 22:20:48,285 - INFO - Buffer vaciado y archivo guardado exitosamente
2025-08-27 22:20:50,927 - INFO - Buffer vaciado y archivo guardado exitosamente
2025-08-27 22:20:53,219 - INFO - Buffer vaciado y archivo guardado exitosamente
2025-08-27 22:20:55,876 - INFO - Buffer vaciado y archivo guardado exitosamente
2025-08-27 22:20:58,665 - INFO - Buffer vaciado y archivo guardado exitosamente
2025-08-27 22:21:00,969 - INFO - Buffer vaciado y archivo guardado exitosamente
2025-08-27 22:21:02,998 - INFO - Buffer vaciado y archivo guardado exitosamente
2025-08-27 22:21:06,202 - INFO - Buffer vaciado y archivo guardado exitosamente
2025-08-27 22:21:08,776 - INFO - Buffer vaciado y archivo guardado exitosamente
2025-08-27 22:21:11,347 - INFO - Buffer vaciado y archivo guardado exitosamente
2025-08-27 22:21:13,957 - INFO - Buffer vaciado y archivo guardado exitosamente
2025-08-27 22:21:16,491 - INFO - Buffer vaciado y archivo guardado exitosamente
2025-08-27 22:21:19,040 - INFO - Buffer vaciado y archivo guardado exitosamente
2025-08-27 22:21:21,466 - INFO - Buffer vaciado y archivo guardado exitosamente
2025-08-27 22:21:24,268 - INFO - Buffer vaciado y archivo guardado exitosamente
2025-08-27 22:21:26,912 - INFO - Buffer vaciado y archivo guardado exitosamente
2025-08-27 22:21:29,262 - INFO - Buffer vaciado y archivo guardado exitosamente
2025-08-27 22:21:31,968 - INFO - Buffer vaciado y archivo guardado exitosamente
2025-08-27 22:21:34,481 - INFO - Buffer vaciado y archivo guardado exitosamente
2025-08-27 22:21:37,093 - INFO - Buffer vaciado y archivo guardado exitosamente
2025-08-27 22:21:39,701 - INFO - Buffer vaciado y archivo guardado exitosamente
2025-08-27 22:21:42,243 - INFO - Buffer vaciado y archivo guardado exitosamente
2025-08-27 22:21:44,662 - INFO - Buffer vaciado y archivo guardado exitosamente
2025-08-27 22:21:47,197 - INFO - Buffer vaciado y archivo guardado exitosamente
2025-08-27 22:21:50,054 - INFO - Buffer vaciado y archivo guardado exitosamente
2025-08-27 22:21:52,437 - INFO - Buffer vaciado y archivo guardado exitosamente
2025-08-27 22:21:54,941 - INFO - Buffer vaciado y archivo guardado exitosamente
2025-08-27 22:21:57,753 - INFO - Buffer vaciado y archivo guardado exitosamente
2025-08-27 22:22:00,174 - INFO - Buffer vaciado y archivo guardado exitosamente
2025-08-27 22:22:04,004 - INFO - Buffer vaciado y archivo guardado exitosamente
2025-08-27 22:22:05,497 - INFO - Buffer vaciado y archivo guardado exitosamente
2025-08-27 22:22:07,959 - INFO - Buffer vaciado y archivo guardado exitosamente
2025-08-27 22:22:10,519 - INFO - Buffer vaciado y archivo guardado exitosamente
2025-08-27 22:22:12,988 - INFO - Buffer vaciado y archivo guardado exitosamente
2025-08-27 22:22:15,689 - INFO - Buffer vaciado y archivo guardado exitosamente
2025-08-27 22:22:18,200 - INFO - Buffer vaciado y archivo guardado exitosamente
2025-08-27 22:22:20,681 - INFO - Buffer vaciado y archivo guardado exitosamente
2025-08-27 22:22:23,448 - INFO - Buffer vaciado y archivo guardado exitosamente
2025-08-27 22:22:26,275 - INFO - Buffer vaciado y archivo guardado exitosamente
2025-08-27 22:22:28,687 - INFO - Buffer vaciado y archivo guardado exitosamente
2025-08-27 22:22:31,338 - INFO - Buffer vaciado y archivo guardado exitosamente
2025-08-27 22:22:33,995 - INFO - Buffer vaciado y archivo guardado exitosamente
2025-08-27 22:22:36,417 - INFO - Buffer vaciado y archivo guardado exitosamente
2025-08-27 22:22:40,555 - INFO - Buffer vaciado y archivo guardado exitosamente
2025-08-27 22:22:41,793 - INFO - Buffer vaciado y archivo guardado exitosamente
2025-08-27 22:22:44,243 - INFO - Buffer vaciado y archivo guardado exitosamente
2025-08-27 22:22:46,707 - INFO - Buffer vaciado y archivo guardado exitosamente
2025-08-27 22:22:49,484 - INFO - Buffer vaciado y archivo guardado exitosamente
2025-08-27 22:22:51,967 - INFO - Buffer vaciado y archivo guardado exitosamente
2025-08-27 22:22:54,529 - INFO - Buffer vaciado y archivo guardado exitosamente
2025-08-27 22:22:57,223 - INFO - Buffer vaciado y archivo guardado exitosamente
2025-08-27 22:22:59,805 - INFO - Buffer vaciado y archivo guardado exitosamente
2025-08-27 22:23:02,211 - INFO - Buffer vaciado y archivo guardado exitosamente
2025-08-27 22:23:04,709 - INFO - Buffer vaciado y archivo guardado exitosamente
2025-08-27 22:23:07,450 - INFO - Buffer vaciado y archivo guardado exitosamente
2025-08-27 22:23:09,999 - INFO - Buffer vaciado y archivo guardado exitosamente
2025-08-27 22:23:12,450 - INFO - Buffer vaciado y archivo guardado exitosamente
2025-08-27 22:23:15,219 - INFO - Buffer vaciado y archivo guardado exitosamente
2025-08-27 22:23:17,702 - INFO - Buffer vaciado y archivo guardado exitosamente
2025-08-27 22:23:20,290 - INFO - Buffer vaciado y archivo guardado exitosamente
2025-08-27 22:23:23,111 - INFO - Buffer vaciado y archivo guardado exitosamente
2025-08-27 22:23:25,499 - INFO - Buffer vaciado y archivo guardado exitosamente
2025-08-27 22:23:27,967 - INFO - Buffer vaciado y archivo guardado exitosamente
2025-08-27 22:23:30,537 - INFO - Buffer vaciado y archivo guardado exitosamente
2025-08-27 22:23:33,303 - INFO - Buffer vaciado y archivo guardado exitosamente
2025-08-27 22:23:35,758 - INFO - Buffer vaciado y archivo guardado exitosamente
2025-08-27 22:23:38,229 - INFO - Buffer vaciado y archivo guardado exitosamente
2025-08-27 22:23:40,936 - INFO - Buffer vaciado y archivo guardado exitosamente
2025-08-27 22:23:43,432 - INFO - Buffer vaciado y archivo guardado exitosamente
2025-08-27 22:23:45,931 - INFO - Buffer vaciado y archivo guardado exitosamente
2025-08-27 22:23:48,602 - INFO - Buffer vaciado y archivo guardado exitosamente
2025-08-27 22:23:51,331 - INFO - Buffer vaciado y archivo guardado exitosamente
2025-08-27 22:23:53,769 - INFO - Buffer vaciado y archivo guardado exitosamente
2025-08-27 22:23:56,260 - INFO - Buffer vaciado y archivo guardado exitosamente
2025-08-27 22:23:58,929 - INFO - Buffer vaciado y archivo guardado exitosamente
2025-08-27 22:24:01,548 - INFO - Buffer vaciado y archivo guardado exitosamente
2025-08-27 22:24:04,069 - INFO - Buffer vaciado y archivo guardado exitosamente
2025-08-27 22:24:06,833 - INFO - Buffer vaciado y archivo guardado exitosamente
2025-08-27 22:24:09,169 - INFO - Buffer vaciado y archivo guardado exitosamente
2025-08-27 22:24:11,685 - INFO - Buffer vaciado y archivo guardado exitosamente
2025-08-27 22:24:14,181 - INFO - Buffer vaciado y archivo guardado exitosamente
2025-08-27 22:24:17,046 - INFO - Buffer vaciado y archivo guardado exitosamente
2025-08-27 22:24:20,321 - INFO - Buffer vaciado y archivo guardado exitosamente
2025-08-27 22:24:22,082 - INFO - Buffer vaciado y archivo guardado exitosamente
2025-08-27 22:24:24,789 - INFO - Buffer vaciado y archivo guardado exitosamente
2025-08-27 22:24:27,204 - INFO - Buffer vaciado y archivo guardado exitosamente
2025-08-27 22:24:29,762 - INFO - Buffer vaciado y archivo guardado exitosamente
2025-08-27 22:24:32,518 - INFO - Buffer vaciado y archivo guardado exitosamente
2025-08-27 22:24:35,003 - INFO - Buffer vaciado y archivo guardado exitosamente
2025-08-27 22:24:37,477 - INFO - Buffer vaciado y archivo guardado exitosamente
2025-08-27 22:24:39,947 - INFO - Buffer vaciado y archivo guardado exitosamente
2025-08-27 22:24:42,731 - INFO - Buffer vaciado y archivo guardado exitosamente
2025-08-27 22:24:45,290 - INFO - Buffer vaciado y archivo guardado exitosamente
2025-08-27 22:24:47,726 - INFO - Buffer vaciado y archivo guardado exitosamente
2025-08-27 22:24:50,435 - INFO - Buffer vaciado y archivo guardado exitosamente
2025-08-27 22:24:52,934 - INFO - Buffer vaciado y archivo guardado exitosamente
2025-08-27 22:24:55,941 - INFO - Buffer vaciado y archivo guardado exitosamente
2025-08-27 22:24:58,305 - INFO - Buffer vaciado y archivo guardado exitosamente
2025-08-27 22:25:00,729 - INFO - Buffer vaciado y archivo guardado exitosamente
2025-08-27 22:25:03,185 - INFO - Buffer vaciado y archivo guardado exitosamente
2025-08-27 22:25:05,686 - INFO - Buffer vaciado y archivo guardado exitosamente
2025-08-27 22:25:08,544 - INFO - Buffer vaciado y archivo guardado exitosamente
2025-08-27 22:25:11,003 - INFO - Buffer vaciado y archivo guardado exitosamente
2025-08-27 22:25:13,629 - INFO - Buffer vaciado y archivo guardado exitosamente
2025-08-27 22:25:16,208 - INFO - Buffer vaciado y archivo guardado exitosamente
2025-08-27 22:25:18,804 - INFO - Buffer vaciado y archivo guardado exitosamente
2025-08-27 22:25:21,226 - INFO - Buffer vaciado y archivo guardado exitosamente
2025-08-27 22:25:23,985 - INFO - Buffer vaciado y archivo guardado exitosamente
2025-08-27 22:25:26,561 - INFO - Buffer vaciado y archivo guardado exitosamente
2025-08-27 22:25:28,991 - INFO - Buffer vaciado y archivo guardado exitosamente
2025-08-27 22:25:31,479 - INFO - Buffer vaciado y archivo guardado exitosamente
2025-08-27 22:25:34,195 - INFO - Buffer vaciado y archivo guardado exitosamente
2025-08-27 22:25:36,802 - INFO - Buffer vaciado y archivo guardado exitosamente
2025-08-27 22:25:39,314 - INFO - Buffer vaciado y archivo guardado exitosamente
2025-08-27 22:25:41,942 - INFO - Buffer vaciado y archivo guardado exitosamente
2025-08-27 22:25:44,481 - INFO - Buffer vaciado y archivo guardado exitosamente
2025-08-27 22:25:47,054 - INFO - Buffer vaciado y archivo guardado exitosamente
2025-08-27 22:25:49,763 - INFO - Buffer vaciado y archivo guardado exitosamente
2025-08-27 22:25:52,284 - INFO - Buffer vaciado y archivo guardado exitosamente
2025-08-27 22:25:54,724 - INFO - Buffer vaciado y archivo guardado exitosamente
2025-08-27 22:25:57,065 - INFO - Buffer vaciado y archivo guardado exitosamente
2025-08-27 22:26:01,026 - INFO - Buffer vaciado y archivo guardado exitosamente
2025-08-27 22:26:02,431 - INFO - Buffer vaciado y archivo guardado exitosamente
2025-08-27 22:26:05,002 - INFO - Buffer vaciado y archivo guardado exitosamente
2025-08-27 22:26:07,821 - INFO - Buffer vaciado y archivo guardado exitosamente
2025-08-27 22:26:10,281 - INFO - Buffer vaciado y archivo guardado exitosamente
2025-08-27 22:26:12,734 - INFO - Buffer vaciado y archivo guardado exitosamente
2025-08-27 22:26:15,204 - INFO - Buffer vaciado y archivo guardado exitosamente
2025-08-27 22:26:17,960 - INFO - Buffer vaciado y archivo guardado exitosamente
2025-08-27 22:26:20,563 - INFO - Buffer vaciado y archivo guardado exitosamente
2025-08-27 22:26:23,002 - INFO - Buffer vaciado y archivo guardado exitosamente
2025-08-27 22:26:25,753 - INFO - Buffer vaciado y archivo guardado exitosamente
2025-08-27 22:26:28,317 - INFO - Buffer vaciado y archivo guardado exitosamente
2025-08-27 22:26:30,711 - INFO - Buffer vaciado y archivo guardado exitosamente
2025-08-27 22:26:33,666 - INFO - Buffer vaciado y archivo guardado exitosamente
2025-08-27 22:26:36,007 - INFO - Buffer vaciado y archivo guardado exitosamente
2025-08-27 22:26:38,568 - INFO - Buffer vaciado y archivo guardado exitosamente
2025-08-27 22:26:41,014 - INFO - Buffer vaciado y archivo guardado exitosamente
2025-08-27 22:26:43,788 - INFO - Buffer vaciado y archivo guardado exitosamente
2025-08-27 22:26:46,353 - INFO - Buffer vaciado y archivo guardado exitosamente
2025-08-27 22:26:48,824 - INFO - Buffer vaciado y archivo guardado exitosamente
2025-08-27 22:26:51,588 - INFO - Buffer vaciado y archivo guardado exitosamente
2025-08-27 22:26:54,005 - INFO - Buffer vaciado y archivo guardado exitosamente
2025-08-27 22:26:56,480 - INFO - Buffer vaciado y archivo guardado exitosamente
2025-08-27 22:27:01,014 - INFO - Buffer vaciado y archivo guardado exitosamente
2025-08-27 22:27:02,101 - INFO - Buffer vaciado y archivo guardado exitosamente
2025-08-27 22:27:04,244 - INFO - Buffer vaciado y archivo guardado exitosamente
2025-08-27 22:27:06,722 - INFO - Buffer vaciado y archivo guardado exitosamente
2025-08-27 22:27:09,514 - INFO - Buffer vaciado y archivo guardado exitosamente
2025-08-27 22:27:12,059 - INFO - Buffer vaciado y archivo guardado exitosamente
2025-08-27 22:27:14,504 - INFO - Buffer vaciado y archivo guardado exitosamente
2025-08-27 22:27:17,220 - INFO - Buffer vaciado y archivo guardado exitosamente
2025-08-27 22:27:19,785 - INFO - Buffer vaciado y archivo guardado exitosamente
2025-08-27 22:27:22,329 - INFO - Buffer vaciado y archivo guardado exitosamente
2025-08-27 22:27:25,130 - INFO - Buffer vaciado y archivo guardado exitosamente
2025-08-27 22:27:27,509 - INFO - Buffer vaciado y archivo guardado exitosamente
2025-08-27 22:27:29,997 - INFO - Buffer vaciado y archivo guardado exitosamente
2025-08-27 22:27:32,460 - INFO - Buffer vaciado y archivo guardado exitosamente
2025-08-27 22:27:35,549 - INFO - Buffer vaciado y archivo guardado exitosamente
2025-08-27 22:27:38,115 - INFO - Buffer vaciado y archivo guardado exitosamente
2025-08-27 22:27:40,522 - INFO - Buffer vaciado y archivo guardado exitosamente
2025-08-27 22:27:43,388 - INFO - Buffer vaciado y archivo guardado exitosamente
2025-08-27 22:27:45,835 - INFO - Buffer vaciado y archivo guardado exitosamente
2025-08-27 22:27:48,400 - INFO - Buffer vaciado y archivo guardado exitosamente
2025-08-27 22:27:51,171 - INFO - Buffer vaciado y archivo guardado exitosamente
2025-08-27 22:27:53,571 - INFO - Buffer vaciado y archivo guardado exitosamente
2025-08-27 22:27:55,995 - INFO - Buffer vaciado y archivo guardado exitosamente
2025-08-27 22:27:58,554 - INFO - Buffer vaciado y archivo guardado exitosamente
2025-08-27 22:28:01,238 - INFO - Buffer vaciado y archivo guardado exitosamente
2025-08-27 22:28:03,777 - INFO - Buffer vaciado y archivo guardado exitosamente
2025-08-27 22:28:06,345 - INFO - Buffer vaciado y archivo guardado exitosamente
2025-08-27 22:28:09,119 - INFO - Buffer vaciado y archivo guardado exitosamente
2025-08-27 22:28:11,082 - INFO - Buffer vaciado y archivo guardado exitosamente
2025-08-27 22:28:14,036 - INFO - Buffer vaciado y archivo guardado exitosamente
2025-08-27 22:28:16,146 - INFO - Buffer vaciado y archivo guardado exitosamente
2025-08-27 22:28:18,664 - INFO - Buffer vaciado y archivo guardado exitosamente
2025-08-27 22:28:21,128 - INFO - Buffer vaciado y archivo guardado exitosamente
2025-08-27 22:28:23,627 - INFO - Buffer vaciado y archivo guardado exitosamente
2025-08-27 22:28:26,441 - INFO - Buffer vaciado y archivo guardado exitosamente
2025-08-27 22:28:28,893 - INFO - Buffer vaciado y archivo guardado exitosamente
2025-08-27 22:28:31,447 - INFO - Buffer vaciado y archivo guardado exitosamente
2025-08-27 22:28:34,132 - INFO - Buffer vaciado y archivo guardado exitosamente
2025-08-27 22:28:36,631 - INFO - Buffer vaciado y archivo guardado exitosamente
2025-08-27 22:28:39,120 - INFO - Buffer vaciado y archivo guardado exitosamente
2025-08-27 22:28:41,628 - INFO - Buffer vaciado y archivo guardado exitosamente
2025-08-27 22:28:44,442 - INFO - Buffer vaciado y archivo guardado exitosamente
2025-08-27 22:28:46,916 - INFO - Buffer vaciado y archivo guardado exitosamente
2025-08-27 22:28:49,362 - INFO - Buffer vaciado y archivo guardado exitosamente
2025-08-27 22:28:52,135 - INFO - Buffer vaciado y archivo guardado exitosamente
2025-08-27 22:28:54,619 - INFO - Buffer vaciado y archivo guardado exitosamente
2025-08-27 22:28:57,189 - INFO - Buffer vaciado y archivo guardado exitosamente
2025-08-27 22:28:59,874 - INFO - Buffer vaciado y archivo guardado exitosamente
2025-08-27 22:29:02,473 - INFO - Buffer vaciado y archivo guardado exitosamente
2025-08-27 22:29:05,534 - INFO - Buffer vaciado y archivo guardado exitosamente
2025-08-27 22:29:08,049 - INFO - Buffer vaciado y archivo guardado exitosamente
2025-08-27 22:29:10,913 - INFO - Buffer vaciado y archivo guardado exitosamente
2025-08-27 22:29:13,372 - INFO - Buffer vaciado y archivo guardado exitosamente
2025-08-27 22:29:15,792 - INFO - Buffer vaciado y archivo guardado exitosamente
2025-08-27 22:29:18,419 - INFO - Buffer vaciado y archivo guardado exitosamente
2025-08-27 22:29:20,853 - INFO - Buffer vaciado y archivo guardado exitosamente
2025-08-27 22:29:23,432 - INFO - Buffer vaciado y archivo guardado exitosamente
2025-08-27 22:29:26,197 - INFO - Buffer vaciado y archivo guardado exitosamente
2025-08-27 22:29:28,777 - INFO - Buffer vaciado y archivo guardado exitosamente
2025-08-27 22:29:31,233 - INFO - Buffer vaciado y archivo guardado exitosamente
2025-08-27 22:29:33,762 - INFO - Buffer vaciado y archivo guardado exitosamente
2025-08-27 22:29:36,632 - INFO - Buffer vaciado y archivo guardado exitosamente
2025-08-27 22:29:39,063 - INFO - Buffer vaciado y archivo guardado exitosamente
2025-08-27 22:29:41,601 - INFO - Buffer vaciado y archivo guardado exitosamente
2025-08-27 22:29:44,313 - INFO - Buffer vaciado y archivo guardado exitosamente
2025-08-27 22:29:46,819 - INFO - Buffer vaciado y archivo guardado exitosamente
2025-08-27 22:29:49,410 - INFO - Buffer vaciado y archivo guardado exitosamente
2025-08-27 22:29:52,083 - INFO - Buffer vaciado y archivo guardado exitosamente
2025-08-27 22:29:54,510 - INFO - Buffer vaciado y archivo guardado exitosamente
2025-08-27 22:29:57,063 - INFO - Buffer vaciado y archivo guardado exitosamente
2025-08-27 22:29:59,533 - INFO - Buffer vaciado y archivo guardado exitosamente
2025-08-27 22:30:02,362 - INFO - Buffer vaciado y archivo guardado exitosamente
2025-08-27 22:30:04,801 - INFO - Buffer vaciado y archivo guardado exitosamente
2025-08-27 22:30:07,278 - INFO - Buffer vaciado y archivo guardado exitosamente
2025-08-27 22:30:10,025 - INFO - Buffer vaciado y archivo guardado exitosamente
2025-08-27 22:30:12,562 - INFO - Buffer vaciado y archivo guardado exitosamente
2025-08-27 22:30:15,213 - INFO - Buffer vaciado y archivo guardado exitosamente
2025-08-27 22:30:17,793 - INFO - Buffer vaciado y archivo guardado exitosamente
2025-08-27 22:30:20,295 - INFO - Buffer vaciado y archivo guardado exitosamente
2025-08-27 22:30:22,860 - INFO - Buffer vaciado y archivo guardado exitosamente
2025-08-27 22:30:25,297 - INFO - Buffer vaciado y archivo guardado exitosamente
2025-08-27 22:30:28,204 - INFO - Buffer vaciado y archivo guardado exitosamente
2025-08-27 22:30:30,549 - INFO - Buffer vaciado y archivo guardado exitosamente
2025-08-27 22:30:32,479 - INFO - Buffer vaciado y archivo guardado exitosamente
2025-08-27 22:30:35,122 - INFO - Buffer vaciado y archivo guardado exitosamente
2025-08-27 22:30:37,697 - INFO - Buffer vaciado y archivo guardado exitosamente
2025-08-27 22:30:40,153 - INFO - Buffer vaciado y archivo guardado exitosamente
2025-08-27 22:30:42,743 - INFO - Buffer vaciado y archivo guardado exitosamente
2025-08-27 22:30:45,379 - INFO - Buffer vaciado y archivo guardado exitosamente
2025-08-27 22:30:47,904 - INFO - Buffer vaciado y archivo guardado exitosamente
2025-08-27 22:30:50,458 - INFO - Buffer vaciado y archivo guardado exitosamente
2025-08-27 22:30:53,140 - INFO - Buffer vaciado y archivo guardado exitosamente
2025-08-27 22:30:55,630 - INFO - Buffer vaciado y archivo guardado exitosamente
2025-08-27 22:30:58,149 - INFO - Buffer vaciado y archivo guardado exitosamente
2025-08-27 22:31:00,872 - INFO - Buffer vaciado y archivo guardado exitosamente
2025-08-27 22:31:03,433 - INFO - Buffer vaciado y archivo guardado exitosamente
2025-08-27 22:31:05,872 - INFO - Buffer vaciado y archivo guardado exitosamente
2025-08-27 22:31:08,388 - INFO - Buffer vaciado y archivo guardado exitosamente
2025-08-27 22:31:11,138 - INFO - Buffer vaciado y archivo guardado exitosamente
2025-08-27 22:31:13,631 - INFO - Buffer vaciado y archivo guardado exitosamente
2025-08-27 22:31:16,275 - INFO - Buffer vaciado y archivo guardado exitosamente
2025-08-27 22:31:18,888 - INFO - Buffer vaciado y archivo guardado exitosamente
2025-08-27 22:31:21,424 - INFO - Buffer vaciado y archivo guardado exitosamente
2025-08-27 22:31:23,890 - INFO - Buffer vaciado y archivo guardado exitosamente
2025-08-27 22:31:26,665 - INFO - Buffer vaciado y archivo guardado exitosamente
2025-08-27 22:31:29,888 - INFO - Buffer vaciado y archivo guardado exitosamente
2025-08-27 22:31:32,262 - INFO - Buffer vaciado y archivo guardado exitosamente
2025-08-27 22:31:34,785 - INFO - Buffer vaciado y archivo guardado exitosamente
2025-08-27 22:31:37,605 - INFO - Buffer vaciado y archivo guardado exitosamente
2025-08-27 22:31:40,105 - INFO - Buffer vaciado y archivo guardado exitosamente
2025-08-27 22:31:42,592 - INFO - Buffer vaciado y archivo guardado exitosamente
2025-08-27 22:31:45,288 - INFO - Buffer vaciado y archivo guardado exitosamente
2025-08-27 22:31:47,810 - INFO - Buffer vaciado y archivo guardado exitosamente
2025-08-27 22:31:50,271 - INFO - Buffer vaciado y archivo guardado exitosamente
2025-08-27 22:31:53,138 - INFO - Buffer vaciado y archivo guardado exitosamente
2025-08-27 22:31:55,594 - INFO - Buffer vaciado y archivo guardado exitosamente
2025-08-27 22:31:58,050 - INFO - Buffer vaciado y archivo guardado exitosamente
2025-08-27 22:32:00,569 - INFO - Buffer vaciado y archivo guardado exitosamente
2025-08-27 22:32:03,251 - INFO - Buffer vaciado y archivo guardado exitosamente
2025-08-27 22:32:05,803 - INFO - Buffer vaciado y archivo guardado exitosamente
2025-08-27 22:32:08,439 - INFO - Buffer vaciado y archivo guardado exitosamente
2025-08-27 22:32:11,092 - INFO - Buffer vaciado y archivo guardado exitosamente
2025-08-27 22:32:13,586 - INFO - Buffer vaciado y archivo guardado exitosamente
2025-08-27 22:32:16,074 - INFO - Buffer vaciado y archivo guardado exitosamente
2025-08-27 22:32:18,860 - INFO - Buffer vaciado y archivo guardado exitosamente
2025-08-27 22:32:21,319 - INFO - Buffer vaciado y archivo guardado exitosamente
2025-08-27 22:32:23,802 - INFO - Buffer vaciado y archivo guardado exitosamente
2025-08-27 22:32:26,383 - INFO - Buffer vaciado y archivo guardado exitosamente
2025-08-27 22:32:29,034 - INFO - Buffer vaciado y archivo guardado exitosamente
2025-08-27 22:32:31,484 - INFO - Buffer vaciado y archivo guardado exitosamente
2025-08-27 22:32:33,430 - INFO - Buffer vaciado y archivo guardado exitosamente
2025-08-27 22:32:36,128 - INFO - Buffer vaciado y archivo guardado exitosamente
2025-08-27 22:32:39,330 - INFO - Buffer vaciado y archivo guardado exitosamente
2025-08-27 22:32:41,911 - INFO - Buffer vaciado y archivo guardado exitosamente
2025-08-27 22:32:44,777 - INFO - Buffer vaciado y archivo guardado exitosamente
2025-08-27 22:32:46,975 - INFO - Buffer vaciado y archivo guardado exitosamente
2025-08-27 22:32:49,621 - INFO - Buffer vaciado y archivo guardado exitosamente
2025-08-27 22:32:52,161 - INFO - Buffer vaciado y archivo guardado exitosamente
2025-08-27 22:32:54,987 - INFO - Buffer vaciado y archivo guardado exitosamente
2025-08-27 22:32:57,476 - INFO - Buffer vaciado y archivo guardado exitosamente
2025-08-27 22:32:59,543 - INFO - Buffer vaciado y archivo guardado exitosamente
2025-08-27 22:33:02,625 - INFO - Buffer vaciado y archivo guardado exitosamente
2025-08-27 22:33:05,076 - INFO - Buffer vaciado y archivo guardado exitosamente
2025-08-27 22:33:07,714 - INFO - Buffer vaciado y archivo guardado exitosamente
2025-08-27 22:33:10,218 - INFO - Buffer vaciado y archivo guardado exitosamente
2025-08-27 22:33:12,812 - INFO - Buffer vaciado y archivo guardado exitosamente
2025-08-27 22:33:15,367 - INFO - Buffer vaciado y archivo guardado exitosamente
2025-08-27 22:33:17,887 - INFO - Buffer vaciado y archivo guardado exitosamente
2025-08-27 22:33:20,699 - INFO - Buffer vaciado y archivo guardado exitosamente
2025-08-27 22:33:23,051 - INFO - Buffer vaciado y archivo guardado exitosamente
2025-08-27 22:33:25,613 - INFO - Buffer vaciado y archivo guardado exitosamente
2025-08-27 22:33:28,454 - INFO - Buffer vaciado y archivo guardado exitosamente
2025-08-27 22:33:30,841 - INFO - Buffer vaciado y archivo guardado exitosamente
2025-08-27 22:33:33,504 - INFO - Buffer vaciado y archivo guardado exitosamente
2025-08-27 22:33:36,047 - INFO - Buffer vaciado y archivo guardado exitosamente
2025-08-27 22:33:38,617 - INFO - Buffer vaciado y archivo guardado exitosamente
2025-08-27 22:33:41,176 - INFO - Buffer vaciado y archivo guardado exitosamente
2025-08-27 22:33:43,634 - INFO - Buffer vaciado y archivo guardado exitosamente
2025-08-27 22:33:46,470 - INFO - Buffer vaciado y archivo guardado exitosamente
2025-08-27 22:33:48,910 - INFO - Buffer vaciado y archivo guardado exitosamente
2025-08-27 22:33:51,363 - INFO - Buffer vaciado y archivo guardado exitosamente
2025-08-27 22:33:54,105 - INFO - Buffer vaciado y archivo guardado exitosamente
2025-08-27 22:33:56,778 - INFO - Buffer vaciado y archivo guardado exitosamente
2025-08-27 22:33:59,088 - INFO - Buffer vaciado y archivo guardado exitosamente
2025-08-27 22:34:01,589 - INFO - Buffer vaciado y archivo guardado exitosamente
2025-08-27 22:34:04,293 - INFO - Buffer vaciado y archivo guardado exitosamente
2025-08-27 22:34:06,810 - INFO - Buffer vaciado y archivo guardado exitosamente
2025-08-27 22:34:09,450 - INFO - Buffer vaciado y archivo guardado exitosamente
2025-08-27 22:34:12,139 - INFO - Buffer vaciado y archivo guardado exitosamente
2025-08-27 22:34:14,677 - INFO - Buffer vaciado y archivo guardado exitosamente
2025-08-27 22:34:17,228 - INFO - Buffer vaciado y archivo guardado exitosamente
2025-08-27 22:34:19,987 - INFO - Buffer vaciado y archivo guardado exitosamente
2025-08-27 22:34:22,373 - INFO - Buffer vaciado y archivo guardado exitosamente
2025-08-27 22:34:24,877 - INFO - Buffer vaciado y archivo guardado exitosamente
2025-08-27 22:34:27,465 - INFO - Buffer vaciado y archivo guardado exitosamente
2025-08-27 22:34:30,196 - INFO - Buffer vaciado y archivo guardado exitosamente
2025-08-27 22:34:32,673 - INFO - Buffer vaciado y archivo guardado exitosamente
2025-08-27 22:34:35,119 - INFO - Buffer vaciado y archivo guardado exitosamente
2025-08-27 22:34:37,847 - INFO - Buffer vaciado y archivo guardado exitosamente
2025-08-27 22:34:40,329 - INFO - Buffer vaciado y archivo guardado exitosamente
2025-08-27 22:34:42,852 - INFO - Buffer vaciado y archivo guardado exitosamente
2025-08-27 22:34:45,654 - INFO - Buffer vaciado y archivo guardado exitosamente
2025-08-27 22:34:48,085 - INFO - Buffer vaciado y archivo guardado exitosamente
2025-08-27 22:34:50,604 - INFO - Buffer vaciado y archivo guardado exitosamente
2025-08-27 22:34:53,108 - INFO - Buffer vaciado y archivo guardado exitosamente
2025-08-27 22:34:55,797 - INFO - Buffer vaciado y archivo guardado exitosamente
2025-08-27 22:34:58,503 - INFO - Buffer vaciado y archivo guardado exitosamente
2025-08-27 22:35:00,795 - INFO - Buffer vaciado y archivo guardado exitosamente
2025-08-27 22:35:03,569 - INFO - Buffer vaciado y archivo guardado exitosamente
2025-08-27 22:35:06,051 - INFO - Buffer vaciado y archivo guardado exitosamente
2025-08-27 22:35:08,676 - INFO - Buffer vaciado y archivo guardado exitosamente
2025-08-27 22:35:11,421 - INFO - Buffer vaciado y archivo guardado exitosamente
2025-08-27 22:35:13,859 - INFO - Buffer vaciado y archivo guardado exitosamente
2025-08-27 22:35:16,328 - INFO - Buffer vaciado y archivo guardado exitosamente
2025-08-27 22:35:18,938 - INFO - Buffer vaciado y archivo guardado exitosamente
2025-08-27 22:35:21,665 - INFO - Buffer vaciado y archivo guardado exitosamente
2025-08-27 22:35:24,057 - INFO - Buffer vaciado y archivo guardado exitosamente
2025-08-27 22:35:26,563 - INFO - Buffer vaciado y archivo guardado exitosamente
2025-08-27 22:35:29,347 - INFO - Buffer vaciado y archivo guardado exitosamente
2025-08-27 22:35:31,932 - INFO - Buffer vaciado y archivo guardado exitosamente
2025-08-27 22:35:34,421 - INFO - Buffer vaciado y archivo guardado exitosamente
2025-08-27 22:35:36,839 - INFO - Buffer vaciado y archivo guardado exitosamente
2025-08-27 22:35:39,575 - INFO - Buffer vaciado y archivo guardado exitosamente
2025-08-27 22:35:42,123 - INFO - Buffer vaciado y archivo guardado exitosamente
2025-08-27 22:35:44,475 - INFO - Buffer vaciado y archivo guardado exitosamente
2025-08-27 22:35:47,293 - INFO - Buffer vaciado y archivo guardado exitosamente
2025-08-27 22:35:49,642 - INFO - Buffer vaciado y archivo guardado exitosamente
2025-08-27 22:35:52,328 - INFO - Buffer vaciado y archivo guardado exitosamente
2025-08-27 22:35:55,134 - INFO - Buffer vaciado y archivo guardado exitosamente
2025-08-27 22:35:57,776 - INFO - Buffer vaciado y archivo guardado exitosamente
2025-08-27 22:36:00,114 - INFO - Buffer vaciado y archivo guardado exitosamente
2025-08-27 22:36:02,581 - INFO - Buffer vaciado y archivo guardado exitosamente
2025-08-27 22:36:05,306 - INFO - Buffer vaciado y archivo guardado exitosamente
2025-08-27 22:36:07,868 - INFO - Buffer vaciado y archivo guardado exitosamente
2025-08-27 22:36:10,448 - INFO - Buffer vaciado y archivo guardado exitosamente
2025-08-27 22:36:13,081 - INFO - Buffer vaciado y archivo guardado exitosamente
2025-08-27 22:36:15,669 - INFO - Buffer vaciado y archivo guardado exitosamente
2025-08-27 22:36:18,078 - INFO - Buffer vaciado y archivo guardado exitosamente
2025-08-27 22:36:20,992 - INFO - Buffer vaciado y archivo guardado exitosamente
2025-08-27 22:36:23,350 - INFO - Buffer vaciado y archivo guardado exitosamente
2025-08-27 22:36:25,888 - INFO - Buffer vaciado y archivo guardado exitosamente
2025-08-27 22:36:28,337 - INFO - Buffer vaciado y archivo guardado exitosamente
2025-08-27 22:36:31,122 - INFO - Buffer vaciado y archivo guardado exitosamente
2025-08-27 22:36:33,798 - INFO - Buffer vaciado y archivo guardado exitosamente
2025-08-27 22:36:36,117 - INFO - Buffer vaciado y archivo guardado exitosamente
2025-08-27 22:36:38,843 - INFO - Buffer vaciado y archivo guardado exitosamente
2025-08-27 22:36:41,367 - INFO - Buffer vaciado y archivo guardado exitosamente
2025-08-27 22:36:44,912 - INFO - Buffer vaciado y archivo guardado exitosamente
2025-08-27 22:36:46,596 - INFO - Buffer vaciado y archivo guardado exitosamente
2025-08-27 22:36:49,120 - INFO - Buffer vaciado y archivo guardado exitosamente
2025-08-27 22:36:51,585 - INFO - Buffer vaciado y archivo guardado exitosamente
2025-08-27 22:36:54,153 - INFO - Buffer vaciado y archivo guardado exitosamente
2025-08-27 22:36:57,087 - INFO - Buffer vaciado y archivo guardado exitosamente
2025-08-27 22:36:59,326 - INFO - Buffer vaciado y archivo guardado exitosamente
2025-08-27 22:37:01,833 - INFO - Buffer vaciado y archivo guardado exitosamente
2025-08-27 22:37:04,641 - INFO - Buffer vaciado y archivo guardado exitosamente
2025-08-27 22:37:07,224 - INFO - Buffer vaciado y archivo guardado exitosamente
2025-08-27 22:37:09,724 - INFO - Buffer vaciado y archivo guardado exitosamente
2025-08-27 22:37:12,422 - INFO - Buffer vaciado y archivo guardado exitosamente
2025-08-27 22:37:14,896 - INFO - Buffer vaciado y archivo guardado exitosamente
2025-08-27 22:37:17,429 - INFO - Buffer vaciado y archivo guardado exitosamente
2025-08-27 22:37:19,974 - INFO - Buffer vaciado y archivo guardado exitosamente
2025-08-27 22:37:22,652 - INFO - Buffer vaciado y archivo guardado exitosamente
2025-08-27 22:37:25,130 - INFO - Buffer vaciado y archivo guardado exitosamente
2025-08-27 22:37:27,736 - INFO - Buffer vaciado y archivo guardado exitosamente
2025-08-27 22:37:30,461 - INFO - Buffer vaciado y archivo guardado exitosamente
2025-08-27 22:37:32,998 - INFO - Buffer vaciado y archivo guardado exitosamente
2025-08-27 22:37:35,423 - INFO - Buffer vaciado y archivo guardado exitosamente
2025-08-27 22:37:38,178 - INFO - Buffer vaciado y archivo guardado exitosamente
2025-08-27 22:37:40,528 - INFO - Buffer vaciado y archivo guardado exitosamente
2025-08-27 22:37:42,700 - INFO - Buffer vaciado y archivo guardado exitosamente
2025-08-27 22:37:45,291 - INFO - Buffer vaciado y archivo guardado exitosamente
2025-08-27 22:37:47,940 - INFO - Buffer vaciado y archivo guardado exitosamente
2025-08-27 22:37:50,382 - INFO - Buffer vaciado y archivo guardado exitosamente
2025-08-27 22:37:52,656 - INFO - Buffer vaciado y archivo guardado exitosamente
2025-08-27 22:37:56,244 - INFO - Buffer vaciado y archivo guardado exitosamente
2025-08-27 22:37:58,070 - INFO - Buffer vaciado y archivo guardado exitosamente
2025-08-27 22:38:01,087 - INFO - Buffer vaciado y archivo guardado exitosamente
2025-08-27 22:38:03,193 - INFO - Buffer vaciado y archivo guardado exitosamente
2025-08-27 22:38:05,757 - INFO - Buffer vaciado y archivo guardado exitosamente
2025-08-27 22:38:08,157 - INFO - Buffer vaciado y archivo guardado exitosamente
2025-08-27 22:38:10,651 - INFO - Buffer vaciado y archivo guardado exitosamente
2025-08-27 22:38:13,377 - INFO - Buffer vaciado y archivo guardado exitosamente
2025-08-27 22:38:15,873 - INFO - Buffer vaciado y archivo guardado exitosamente
2025-08-27 22:38:18,485 - INFO - Buffer vaciado y archivo guardado exitosamente
2025-08-27 22:38:21,132 - INFO - Buffer vaciado y archivo guardado exitosamente
2025-08-27 22:38:23,654 - INFO - Buffer vaciado y archivo guardado exitosamente
2025-08-27 22:38:26,159 - INFO - Buffer vaciado y archivo guardado exitosamente
2025-08-27 22:38:29,022 - INFO - Buffer vaciado y archivo guardado exitosamente
2025-08-27 22:38:33,418 - INFO - Buffer vaciado y archivo guardado exitosamente
2025-08-27 22:38:33,965 - INFO - Buffer vaciado y archivo guardado exitosamente
2025-08-27 22:38:36,410 - INFO - Buffer vaciado y archivo guardado exitosamente
2025-08-27 22:38:39,138 - INFO - Buffer vaciado y archivo guardado exitosamente
2025-08-27 22:38:41,696 - INFO - Buffer vaciado y archivo guardado exitosamente
2025-08-27 22:38:44,149 - INFO - Buffer vaciado y archivo guardado exitosamente
2025-08-27 22:38:46,898 - INFO - Buffer vaciado y archivo guardado exitosamente
2025-08-27 22:38:49,422 - INFO - Buffer vaciado y archivo guardado exitosamente
2025-08-27 22:38:52,029 - INFO - Buffer vaciado y archivo guardado exitosamente
2025-08-27 22:38:54,403 - INFO - Buffer vaciado y archivo guardado exitosamente
2025-08-27 22:38:57,184 - INFO - Buffer vaciado y archivo guardado exitosamente
2025-08-27 22:38:59,633 - INFO - Buffer vaciado y archivo guardado exitosamente
2025-08-27 22:39:02,188 - INFO - Buffer vaciado y archivo guardado exitosamente
2025-08-27 22:39:04,963 - INFO - Buffer vaciado y archivo guardado exitosamente
2025-08-27 22:39:13,388 - INFO - Buffer vaciado y archivo guardado exitosamente
2025-08-27 22:39:14,011 - INFO - Buffer vaciado y archivo guardado exitosamente
2025-08-27 22:39:14,624 - INFO - Buffer vaciado y archivo guardado exitosamente
2025-08-27 22:39:15,508 - INFO - Buffer vaciado y archivo guardado exitosamente
2025-08-27 22:39:17,904 - INFO - Buffer vaciado y archivo guardado exitosamente
2025-08-27 22:39:20,439 - INFO - Buffer vaciado y archivo guardado exitosamente
2025-08-27 22:39:23,191 - INFO - Buffer vaciado y archivo guardado exitosamente
2025-08-27 22:39:25,727 - INFO - Buffer vaciado y archivo guardado exitosamente
2025-08-27 22:39:28,147 - INFO - Buffer vaciado y archivo guardado exitosamente
2025-08-27 22:39:31,818 - INFO - Buffer vaciado y archivo guardado exitosamente
2025-08-27 22:39:34,171 - INFO - Buffer vaciado y archivo guardado exitosamente
2025-08-27 22:39:36,355 - INFO - Buffer vaciado y archivo guardado exitosamente
2025-08-27 22:39:39,518 - INFO - Buffer vaciado y archivo guardado exitosamente
2025-08-27 22:39:41,236 - INFO - Buffer vaciado y archivo guardado exitosamente
2025-08-27 22:39:44,373 - INFO - Buffer vaciado y archivo guardado exitosamente
2025-08-27 22:39:46,875 - INFO - Buffer vaciado y archivo guardado exitosamente
2025-08-27 22:39:49,747 - INFO - Buffer vaciado y archivo guardado exitosamente
2025-08-27 22:39:52,109 - INFO - Buffer vaciado y archivo guardado exitosamente
2025-08-27 22:39:54,743 - INFO - Buffer vaciado y archivo guardado exitosamente
2025-08-27 22:39:57,359 - INFO - Buffer vaciado y archivo guardado exitosamente
2025-08-27 22:39:59,980 - INFO - Buffer vaciado y archivo guardado exitosamente
2025-08-27 22:40:02,562 - INFO - Buffer vaciado y archivo guardado exitosamente
2025-08-27 22:40:05,168 - INFO - Buffer vaciado y archivo guardado exitosamente
2025-08-27 22:40:07,663 - INFO - Buffer vaciado y archivo guardado exitosamente
2025-08-27 22:40:10,246 - INFO - Buffer vaciado y archivo guardado exitosamente
2025-08-27 22:40:12,726 - INFO - Buffer vaciado y archivo guardado exitosamente
2025-08-27 22:40:15,681 - INFO - Buffer vaciado y archivo guardado exitosamente
2025-08-27 22:40:18,313 - INFO - Buffer vaciado y archivo guardado exitosamente
2025-08-27 22:40:20,643 - INFO - Buffer vaciado y archivo guardado exitosamente
2025-08-27 22:40:23,378 - INFO - Buffer vaciado y archivo guardado exitosamente
2025-08-27 22:40:26,005 - INFO - Buffer vaciado y archivo guardado exitosamente
2025-08-27 22:40:28,493 - INFO - Buffer vaciado y archivo guardado exitosamente
2025-08-27 22:40:31,109 - INFO - Buffer vaciado y archivo guardado exitosamente
2025-08-27 22:40:33,677 - INFO - Buffer vaciado y archivo guardado exitosamente
2025-08-27 22:40:36,257 - INFO - Buffer vaciado y archivo guardado exitosamente
2025-08-27 22:40:38,730 - INFO - Buffer vaciado y archivo guardado exitosamente
2025-08-27 22:40:41,381 - INFO - Buffer vaciado y archivo guardado exitosamente
2025-08-27 22:40:43,863 - INFO - Buffer vaciado y archivo guardado exitosamente
2025-08-27 22:40:46,527 - INFO - Buffer vaciado y archivo guardado exitosamente
2025-08-27 22:40:49,215 - INFO - Buffer vaciado y archivo guardado exitosamente
2025-08-27 22:40:51,678 - INFO - Buffer vaciado y archivo guardado exitosamente
2025-08-27 22:40:54,283 - INFO - Buffer vaciado y archivo guardado exitosamente
2025-08-27 22:40:56,895 - INFO - Buffer vaciado y archivo guardado exitosamente
2025-08-27 22:40:59,592 - INFO - Buffer vaciado y archivo guardado exitosamente
2025-08-27 22:41:02,020 - INFO - Buffer vaciado y archivo guardado exitosamente
2025-08-27 22:41:04,383 - INFO - Buffer vaciado y archivo guardado exitosamente
2025-08-27 22:41:07,221 - INFO - Buffer vaciado y archivo guardado exitosamente
2025-08-27 22:41:09,865 - INFO - Buffer vaciado y archivo guardado exitosamente
2025-08-27 22:41:12,191 - INFO - Buffer vaciado y archivo guardado exitosamente
2025-08-27 22:41:14,916 - INFO - Buffer vaciado y archivo guardado exitosamente
2025-08-27 22:41:17,401 - INFO - Buffer vaciado y archivo guardado exitosamente
2025-08-27 22:41:20,015 - INFO - Buffer vaciado y archivo guardado exitosamente
2025-08-27 22:41:22,686 - INFO - Buffer vaciado y archivo guardado exitosamente
2025-08-27 22:41:25,153 - INFO - Buffer vaciado y archivo guardado exitosamente
2025-08-27 22:41:27,704 - INFO - Buffer vaciado y archivo guardado exitosamente
2025-08-27 22:41:30,247 - INFO - Buffer vaciado y archivo guardado exitosamente
2025-08-27 22:41:33,017 - INFO - Buffer vaciado y archivo guardado exitosamente
2025-08-27 22:41:35,450 - INFO - Buffer vaciado y archivo guardado exitosamente
2025-08-27 22:41:37,937 - INFO - Buffer vaciado y archivo guardado exitosamente
2025-08-27 22:41:40,730 - INFO - Buffer vaciado y archivo guardado exitosamente
2025-08-27 22:41:43,329 - INFO - Buffer vaciado y archivo guardado exitosamente
2025-08-27 22:41:45,692 - INFO - Buffer vaciado y archivo guardado exitosamente
2025-08-27 22:41:48,516 - INFO - Buffer vaciado y archivo guardado exitosamente
2025-08-27 22:41:50,954 - INFO - Buffer vaciado y archivo guardado exitosamente
2025-08-27 22:41:53,625 - INFO - Buffer vaciado y archivo guardado exitosamente
2025-08-27 22:41:56,014 - INFO - Buffer vaciado y archivo guardado exitosamente
2025-08-27 22:41:59,131 - INFO - Buffer vaciado y archivo guardado exitosamente
2025-08-27 22:42:00,413 - INFO - Buffer vaciado y archivo guardado exitosamente
2025-08-27 22:42:02,914 - INFO - Buffer vaciado y archivo guardado exitosamente
2025-08-27 22:42:06,792 - INFO - Buffer vaciado y archivo guardado exitosamente
2025-08-27 22:42:09,033 - INFO - Buffer vaciado y archivo guardado exitosamente
2025-08-27 22:42:10,770 - INFO - Buffer vaciado y archivo guardado exitosamente
2025-08-27 22:42:14,185 - INFO - Buffer vaciado y archivo guardado exitosamente
2025-08-27 22:42:16,770 - INFO - Buffer vaciado y archivo guardado exitosamente
2025-08-27 22:42:19,249 - INFO - Buffer vaciado y archivo guardado exitosamente
2025-08-27 22:42:21,795 - INFO - Buffer vaciado y archivo guardado exitosamente
2025-08-27 22:42:24,513 - INFO - Buffer vaciado y archivo guardado exitosamente
2025-08-27 22:42:26,572 - INFO - Buffer vaciado y archivo guardado exitosamente
2025-08-27 22:42:28,671 - INFO - Buffer vaciado y archivo guardado exitosamente
2025-08-27 22:42:31,463 - INFO - Buffer vaciado y archivo guardado exitosamente
2025-08-27 22:42:36,687 - INFO - Buffer vaciado y archivo guardado exitosamente
2025-08-27 22:42:37,389 - INFO - Buffer vaciado y archivo guardado exitosamente
2025-08-27 22:42:38,957 - INFO - Buffer vaciado y archivo guardado exitosamente
2025-08-27 22:42:41,714 - INFO - Buffer vaciado y archivo guardado exitosamente
2025-08-27 22:42:44,201 - INFO - Buffer vaciado y archivo guardado exitosamente
2025-08-27 22:42:46,691 - INFO - Buffer vaciado y archivo guardado exitosamente
2025-08-27 22:42:49,498 - INFO - Buffer vaciado y archivo guardado exitosamente
2025-08-27 22:42:51,891 - INFO - Buffer vaciado y archivo guardado exitosamente
2025-08-27 22:42:54,415 - INFO - Buffer vaciado y archivo guardado exitosamente
2025-08-27 22:42:57,138 - INFO - Buffer vaciado y archivo guardado exitosamente
2025-08-27 22:42:59,710 - INFO - Buffer vaciado y archivo guardado exitosamente
2025-08-27 22:43:02,188 - INFO - Buffer vaciado y archivo guardado exitosamente
2025-08-27 22:43:04,648 - INFO - Buffer vaciado y archivo guardado exitosamente
2025-08-27 22:43:07,408 - INFO - Buffer vaciado y archivo guardado exitosamente
2025-08-27 22:43:10,240 - INFO - Buffer vaciado y archivo guardado exitosamente
2025-08-27 22:43:13,193 - INFO - Buffer vaciado y archivo guardado exitosamente
2025-08-27 22:43:15,778 - INFO - Buffer vaciado y archivo guardado exitosamente
2025-08-27 22:43:18,445 - INFO - Buffer vaciado y archivo guardado exitosamente
2025-08-27 22:43:20,505 - INFO - Buffer vaciado y archivo guardado exitosamente
2025-08-27 22:43:23,797 - INFO - Buffer vaciado y archivo guardado exitosamente
2025-08-27 22:43:25,631 - INFO - Buffer vaciado y archivo guardado exitosamente
2025-08-27 22:43:28,754 - INFO - Buffer vaciado y archivo guardado exitosamente
2025-08-27 22:43:31,146 - INFO - Buffer vaciado y archivo guardado exitosamente
2025-08-27 22:43:34,087 - INFO - Buffer vaciado y archivo guardado exitosamente
2025-08-27 22:43:36,452 - INFO - Buffer vaciado y archivo guardado exitosamente
2025-08-27 22:43:38,979 - INFO - Buffer vaciado y archivo guardado exitosamente
2025-08-27 22:43:43,485 - INFO - Buffer vaciado y archivo guardado exitosamente
2025-08-27 22:43:44,947 - INFO - Buffer vaciado y archivo guardado exitosamente
2025-08-27 22:43:46,642 - INFO - Buffer vaciado y archivo guardado exitosamente
2025-08-27 22:43:49,448 - INFO - Buffer vaciado y archivo guardado exitosamente
2025-08-27 22:43:52,039 - INFO - Buffer vaciado y archivo guardado exitosamente
2025-08-27 22:43:54,608 - INFO - Buffer vaciado y archivo guardado exitosamente
2025-08-27 22:43:56,998 - INFO - Buffer vaciado y archivo guardado exitosamente
2025-08-27 22:43:59,799 - INFO - Buffer vaciado y archivo guardado exitosamente
2025-08-27 22:44:02,207 - INFO - Buffer vaciado y archivo guardado exitosamente
2025-08-27 22:44:04,679 - INFO - Buffer vaciado y archivo guardado exitosamente
2025-08-27 22:44:07,503 - INFO - Buffer vaciado y archivo guardado exitosamente
2025-08-27 22:44:09,925 - INFO - Buffer vaciado y archivo guardado exitosamente
2025-08-27 22:44:12,498 - INFO - Buffer vaciado y archivo guardado exitosamente
2025-08-27 22:44:16,154 - INFO - Buffer vaciado y archivo guardado exitosamente
2025-08-27 22:44:17,946 - INFO - Buffer vaciado y archivo guardado exitosamente
2025-08-27 22:44:20,110 - INFO - Buffer vaciado y archivo guardado exitosamente
2025-08-27 22:44:21,946 - INFO - Buffer vaciado y archivo guardado exitosamente
2025-08-27 22:44:25,549 - INFO - Buffer vaciado y archivo guardado exitosamente
2025-08-27 22:44:28,127 - INFO - Buffer vaciado y archivo guardado exitosamente
2025-08-27 22:44:30,500 - INFO - Buffer vaciado y archivo guardado exitosamente
2025-08-27 22:44:33,316 - INFO - Buffer vaciado y archivo guardado exitosamente
2025-08-27 22:44:35,799 - INFO - Buffer vaciado y archivo guardado exitosamente
2025-08-27 22:44:38,323 - INFO - Buffer vaciado y archivo guardado exitosamente
2025-08-27 22:44:41,135 - INFO - Buffer vaciado y archivo guardado exitosamente
2025-08-27 22:44:43,599 - INFO - Buffer vaciado y archivo guardado exitosamente
2025-08-27 22:44:45,154 - INFO - Buffer vaciado y archivo guardado exitosamente
2025-08-27 22:44:48,989 - INFO - Buffer vaciado y archivo guardado exitosamente
2025-08-27 22:44:50,573 - INFO - Buffer vaciado y archivo guardado exitosamente
2025-08-27 22:44:52,995 - INFO - Buffer vaciado y archivo guardado exitosamente
2025-08-27 22:44:56,361 - INFO - Buffer vaciado y archivo guardado exitosamente
2025-08-27 22:44:59,278 - INFO - Buffer vaciado y archivo guardado exitosamente
2025-08-27 22:45:01,695 - INFO - Buffer vaciado y archivo guardado exitosamente
2025-08-27 22:45:03,637 - INFO - Buffer vaciado y archivo guardado exitosamente
2025-08-27 22:45:06,769 - INFO - Buffer vaciado y archivo guardado exitosamente
2025-08-27 22:45:09,200 - INFO - Buffer vaciado y archivo guardado exitosamente
2025-08-27 22:45:11,834 - INFO - Buffer vaciado y archivo guardado exitosamente
2025-08-27 22:45:14,297 - INFO - Buffer vaciado y archivo guardado exitosamente
2025-08-27 22:45:16,971 - INFO - Buffer vaciado y archivo guardado exitosamente
2025-08-27 22:45:21,204 - INFO - Buffer vaciado y archivo guardado exitosamente
2025-08-27 22:45:22,751 - INFO - Buffer vaciado y archivo guardado exitosamente
2025-08-27 22:45:24,741 - INFO - Buffer vaciado y archivo guardado exitosamente
2025-08-27 22:45:27,259 - INFO - Buffer vaciado y archivo guardado exitosamente
2025-08-27 22:45:29,746 - INFO - Buffer vaciado y archivo guardado exitosamente
2025-08-27 22:45:32,424 - INFO - Buffer vaciado y archivo guardado exitosamente
2025-08-27 22:45:35,113 - INFO - Buffer vaciado y archivo guardado exitosamente
2025-08-27 22:45:37,494 - INFO - Buffer vaciado y archivo guardado exitosamente
2025-08-27 22:45:39,988 - INFO - Buffer vaciado y archivo guardado exitosamente
2025-08-27 22:45:42,886 - INFO - Buffer vaciado y archivo guardado exitosamente
2025-08-27 22:45:45,358 - INFO - Buffer vaciado y archivo guardado exitosamente
2025-08-27 22:45:47,020 - INFO - Buffer vaciado y archivo guardado exitosamente
2025-08-27 22:45:50,656 - INFO - Buffer vaciado y archivo guardado exitosamente
2025-08-27 22:45:53,505 - INFO - Buffer vaciado y archivo guardado exitosamente
2025-08-27 22:45:54,763 - INFO - Buffer vaciado y archivo guardado exitosamente
2025-08-27 22:45:57,786 - INFO - Buffer vaciado y archivo guardado exitosamente
2025-08-27 22:46:00,447 - INFO - Buffer vaciado y archivo guardado exitosamente
2025-08-27 22:46:03,087 - INFO - Buffer vaciado y archivo guardado exitosamente
2025-08-27 22:46:05,676 - INFO - Buffer vaciado y archivo guardado exitosamente
2025-08-27 22:46:08,326 - INFO - Buffer vaciado y archivo guardado exitosamente
2025-08-27 22:46:10,842 - INFO - Buffer vaciado y archivo guardado exitosamente
2025-08-27 22:46:13,357 - INFO - Buffer vaciado y archivo guardado exitosamente
2025-08-27 22:46:16,348 - INFO - Buffer vaciado y archivo guardado exitosamente
2025-08-27 22:46:18,663 - INFO - Buffer vaciado y archivo guardado exitosamente
2025-08-27 22:46:21,287 - INFO - Buffer vaciado y archivo guardado exitosamente
2025-08-27 22:46:23,739 - INFO - Buffer vaciado y archivo guardado exitosamente
2025-08-27 22:46:26,598 - INFO - Buffer vaciado y archivo guardado exitosamente
2025-08-27 22:46:28,937 - INFO - Buffer vaciado y archivo guardado exitosamente
2025-08-27 22:46:31,491 - INFO - Buffer vaciado y archivo guardado exitosamente
2025-08-27 22:46:34,231 - INFO - Buffer vaciado y archivo guardado exitosamente
2025-08-27 22:46:36,859 - INFO - Buffer vaciado y archivo guardado exitosamente
2025-08-27 22:46:39,205 - INFO - Buffer vaciado y archivo guardado exitosamente
2025-08-27 22:46:42,076 - INFO - Buffer vaciado y archivo guardado exitosamente
2025-08-27 22:46:44,509 - INFO - Buffer vaciado y archivo guardado exitosamente
2025-08-27 22:46:47,194 - INFO - Buffer vaciado y archivo guardado exitosamente
2025-08-27 22:46:49,467 - INFO - Buffer vaciado y archivo guardado exitosamente
2025-08-27 22:46:52,241 - INFO - Buffer vaciado y archivo guardado exitosamente
2025-08-27 22:46:54,812 - INFO - Buffer vaciado y archivo guardado exitosamente
2025-08-27 22:46:57,315 - INFO - Buffer vaciado y archivo guardado exitosamente
2025-08-27 22:46:59,992 - INFO - Buffer vaciado y archivo guardado exitosamente
2025-08-27 22:47:02,524 - INFO - Buffer vaciado y archivo guardado exitosamente
2025-08-27 22:47:04,979 - INFO - Buffer vaciado y archivo guardado exitosamente
2025-08-27 22:47:07,796 - INFO - Buffer vaciado y archivo guardado exitosamente
2025-08-27 22:47:10,405 - INFO - Buffer vaciado y archivo guardado exitosamente
2025-08-27 22:47:12,730 - INFO - Buffer vaciado y archivo guardado exitosamente
2025-08-27 22:47:15,224 - INFO - Buffer vaciado y archivo guardado exitosamente
2025-08-27 22:47:18,072 - INFO - Buffer vaciado y archivo guardado exitosamente
2025-08-27 22:47:20,528 - INFO - Buffer vaciado y archivo guardado exitosamente
2025-08-27 22:47:23,017 - INFO - Buffer vaciado y archivo guardado exitosamente
2025-08-27 22:47:25,816 - INFO - Buffer vaciado y archivo guardado exitosamente
2025-08-27 22:47:28,459 - INFO - Buffer vaciado y archivo guardado exitosamente
2025-08-27 22:47:30,702 - INFO - Buffer vaciado y archivo guardado exitosamente
2025-08-27 22:47:33,593 - INFO - Buffer vaciado y archivo guardado exitosamente
2025-08-27 22:47:36,161 - INFO - Buffer vaciado y archivo guardado exitosamente
2025-08-27 22:47:38,744 - INFO - Buffer vaciado y archivo guardado exitosamente
2025-08-27 22:47:40,985 - INFO - Buffer vaciado y archivo guardado exitosamente
2025-08-27 22:47:43,718 - INFO - Buffer vaciado y archivo guardado exitosamente
2025-08-27 22:47:46,318 - INFO - Buffer vaciado y archivo guardado exitosamente
2025-08-27 22:47:48,980 - INFO - Buffer vaciado y archivo guardado exitosamente
2025-08-27 22:47:51,644 - INFO - Buffer vaciado y archivo guardado exitosamente
2025-08-27 22:47:54,039 - INFO - Buffer vaciado y archivo guardado exitosamente
2025-08-27 22:47:56,516 - INFO - Buffer vaciado y archivo guardado exitosamente
2025-08-27 22:47:59,417 - INFO - Buffer vaciado y archivo guardado exitosamente
2025-08-27 22:48:01,823 - INFO - Buffer vaciado y archivo guardado exitosamente
2025-08-27 22:48:04,226 - INFO - Buffer vaciado y archivo guardado exitosamente
2025-08-27 22:48:06,779 - INFO - Buffer vaciado y archivo guardado exitosamente
2025-08-27 22:48:09,580 - INFO - Buffer vaciado y archivo guardado exitosamente
2025-08-27 22:48:12,019 - INFO - Buffer vaciado y archivo guardado exitosamente
2025-08-27 22:48:14,469 - INFO - Buffer vaciado y archivo guardado exitosamente
2025-08-27 22:48:17,329 - INFO - Buffer vaciado y archivo guardado exitosamente
2025-08-27 22:48:19,936 - INFO - Buffer vaciado y archivo guardado exitosamente
2025-08-27 22:48:22,218 - INFO - Buffer vaciado y archivo guardado exitosamente
2025-08-27 22:48:24,769 - INFO - Buffer vaciado y archivo guardado exitosamente
2025-08-27 22:48:27,557 - INFO - Buffer vaciado y archivo guardado exitosamente
2025-08-27 22:48:30,145 - INFO - Buffer vaciado y archivo guardado exitosamente
2025-08-27 22:48:32,569 - INFO - Buffer vaciado y archivo guardado exitosamente
2025-08-27 22:48:35,311 - INFO - Buffer vaciado y archivo guardado exitosamente
2025-08-27 22:48:37,761 - INFO - Buffer vaciado y archivo guardado exitosamente
2025-08-27 22:48:40,386 - INFO - Buffer vaciado y archivo guardado exitosamente
2025-08-27 22:48:43,015 - INFO - Buffer vaciado y archivo guardado exitosamente
2025-08-27 22:48:45,591 - INFO - Buffer vaciado y archivo guardado exitosamente
2025-08-27 22:48:47,995 - INFO - Buffer vaciado y archivo guardado exitosamente
2025-08-27 22:48:50,757 - INFO - Buffer vaciado y archivo guardado exitosamente
2025-08-27 22:48:53,475 - INFO - Buffer vaciado y archivo guardado exitosamente
2025-08-27 22:48:55,749 - INFO - Buffer vaciado y archivo guardado exitosamente
2025-08-27 22:48:58,635 - INFO - Buffer vaciado y archivo guardado exitosamente
2025-08-27 22:49:01,270 - INFO - Buffer vaciado y archivo guardado exitosamente
2025-08-27 22:49:04,755 - INFO - Buffer vaciado y archivo guardado exitosamente
2025-08-27 22:49:06,075 - INFO - Buffer vaciado y archivo guardado exitosamente
2025-08-27 22:49:08,798 - INFO - Buffer vaciado y archivo guardado exitosamente
2025-08-27 22:49:11,302 - INFO - Buffer vaciado y archivo guardado exitosamente
2025-08-27 22:49:13,904 - INFO - Buffer vaciado y archivo guardado exitosamente
2025-08-27 22:49:16,347 - INFO - Buffer vaciado y archivo guardado exitosamente
2025-08-27 22:49:19,034 - INFO - Buffer vaciado y archivo guardado exitosamente
2025-08-27 22:49:21,575 - INFO - Buffer vaciado y archivo guardado exitosamente
2025-08-27 22:49:23,838 - INFO - Buffer vaciado y archivo guardado exitosamente
2025-08-27 22:49:26,563 - INFO - Buffer vaciado y archivo guardado exitosamente
2025-08-27 22:49:29,019 - INFO - Buffer vaciado y archivo guardado exitosamente
2025-08-27 22:49:31,648 - INFO - Buffer vaciado y archivo guardado exitosamente
2025-08-27 22:49:34,496 - INFO - Buffer vaciado y archivo guardado exitosamente
2025-08-27 22:49:37,228 - INFO - Buffer vaciado y archivo guardado exitosamente
2025-08-27 22:49:39,488 - INFO - Buffer vaciado y archivo guardado exitosamente
2025-08-27 22:49:41,933 - INFO - Buffer vaciado y archivo guardado exitosamente
2025-08-27 22:49:44,836 - INFO - Buffer vaciado y archivo guardado exitosamente
2025-08-27 22:49:47,262 - INFO - Buffer vaciado y archivo guardado exitosamente
2025-08-27 22:49:49,800 - INFO - Buffer vaciado y archivo guardado exitosamente
2025-08-27 22:49:52,600 - INFO - Buffer vaciado y archivo guardado exitosamente
2025-08-27 22:49:55,113 - INFO - Buffer vaciado y archivo guardado exitosamente
2025-08-27 22:49:57,570 - INFO - Buffer vaciado y archivo guardado exitosamente
2025-08-27 22:50:00,282 - INFO - Buffer vaciado y archivo guardado exitosamente
2025-08-27 22:50:02,756 - INFO - Buffer vaciado y archivo guardado exitosamente
2025-08-27 22:50:05,446 - INFO - Buffer vaciado y archivo guardado exitosamente
2025-08-27 22:50:07,807 - INFO - Buffer vaciado y archivo guardado exitosamente
2025-08-27 22:50:10,496 - INFO - Buffer vaciado y archivo guardado exitosamente
2025-08-27 22:50:13,179 - INFO - Buffer vaciado y archivo guardado exitosamente
2025-08-27 22:50:15,545 - INFO - Buffer vaciado y archivo guardado exitosamente
2025-08-27 22:50:18,307 - INFO - Buffer vaciado y archivo guardado exitosamente
2025-08-27 22:50:20,825 - INFO - Buffer vaciado y archivo guardado exitosamente
2025-08-27 22:50:23,417 - INFO - Buffer vaciado y archivo guardado exitosamente
2025-08-27 22:50:26,022 - INFO - Buffer vaciado y archivo guardado exitosamente
2025-08-27 22:50:28,539 - INFO - Buffer vaciado y archivo guardado exitosamente
2025-08-27 22:50:31,033 - INFO - Buffer vaciado y archivo guardado exitosamente
2025-08-27 22:50:33,645 - INFO - Buffer vaciado y archivo guardado exitosamente
2025-08-27 22:50:36,303 - INFO - Buffer vaciado y archivo guardado exitosamente
2025-08-27 22:50:38,794 - INFO - Buffer vaciado y archivo guardado exitosamente
2025-08-27 22:50:42,472 - INFO - Buffer vaciado y archivo guardado exitosamente
2025-08-27 22:50:44,128 - INFO - Buffer vaciado y archivo guardado exitosamente
2025-08-27 22:50:46,701 - INFO - Buffer vaciado y archivo guardado exitosamente
2025-08-27 22:50:49,016 - INFO - Buffer vaciado y archivo guardado exitosamente
2025-08-27 22:50:51,949 - INFO - Buffer vaciado y archivo guardado exitosamente
2025-08-27 22:50:54,345 - INFO - Buffer vaciado y archivo guardado exitosamente
2025-08-27 22:50:56,747 - INFO - Buffer vaciado y archivo guardado exitosamente
2025-08-27 22:50:59,309 - INFO - Buffer vaciado y archivo guardado exitosamente
2025-08-27 22:51:02,023 - INFO - Buffer vaciado y archivo guardado exitosamente
2025-08-27 22:51:04,676 - INFO - Buffer vaciado y archivo guardado exitosamente
2025-08-27 22:51:07,120 - INFO - Buffer vaciado y archivo guardado exitosamente
2025-08-27 22:51:09,772 - INFO - Buffer vaciado y archivo guardado exitosamente
2025-08-27 22:51:12,337 - INFO - Buffer vaciado y archivo guardado exitosamente
2025-08-27 22:51:15,113 - INFO - Buffer vaciado y archivo guardado exitosamente
2025-08-27 22:51:17,284 - INFO - Buffer vaciado y archivo guardado exitosamente
2025-08-27 22:51:20,031 - INFO - Buffer vaciado y archivo guardado exitosamente
2025-08-27 22:51:22,562 - INFO - Buffer vaciado y archivo guardado exitosamente
2025-08-27 22:51:25,138 - INFO - Buffer vaciado y archivo guardado exitosamente
2025-08-27 22:51:27,797 - INFO - Buffer vaciado y archivo guardado exitosamente
2025-08-27 22:51:30,255 - INFO - Buffer vaciado y archivo guardado exitosamente
2025-08-27 22:51:32,767 - INFO - Buffer vaciado y archivo guardado exitosamente
2025-08-27 22:51:35,639 - INFO - Buffer vaciado y archivo guardado exitosamente
2025-08-27 22:51:38,104 - INFO - Buffer vaciado y archivo guardado exitosamente
2025-08-27 22:51:40,576 - INFO - Buffer vaciado y archivo guardado exitosamente
2025-08-27 22:51:43,031 - INFO - Buffer vaciado y archivo guardado exitosamente
2025-08-27 22:51:45,944 - INFO - Buffer vaciado y archivo guardado exitosamente
2025-08-27 22:51:48,278 - INFO - Buffer vaciado y archivo guardado exitosamente
2025-08-27 22:51:50,894 - INFO - Buffer vaciado y archivo guardado exitosamente
2025-08-27 22:51:53,640 - INFO - Buffer vaciado y archivo guardado exitosamente
2025-08-27 22:51:56,207 - INFO - Buffer vaciado y archivo guardado exitosamente
2025-08-27 22:51:58,566 - INFO - Buffer vaciado y archivo guardado exitosamente
2025-08-27 22:52:01,305 - INFO - Buffer vaciado y archivo guardado exitosamente
2025-08-27 22:52:03,832 - INFO - Buffer vaciado y archivo guardado exitosamente
2025-08-27 22:52:06,475 - INFO - Buffer vaciado y archivo guardado exitosamente
2025-08-27 22:52:08,925 - INFO - Buffer vaciado y archivo guardado exitosamente
2025-08-27 22:52:11,686 - INFO - Buffer vaciado y archivo guardado exitosamente
2025-08-27 22:52:14,226 - INFO - Buffer vaciado y archivo guardado exitosamente
2025-08-27 22:52:17,544 - INFO - Buffer vaciado y archivo guardado exitosamente
2025-08-27 22:52:19,359 - INFO - Buffer vaciado y archivo guardado exitosamente
2025-08-27 22:52:21,773 - INFO - Buffer vaciado y archivo guardado exitosamente
2025-08-27 22:52:24,391 - INFO - Buffer vaciado y archivo guardado exitosamente
2025-08-27 22:52:27,090 - INFO - Buffer vaciado y archivo guardado exitosamente
2025-08-27 22:52:29,625 - INFO - Buffer vaciado y archivo guardado exitosamente
2025-08-27 22:52:32,100 - INFO - Buffer vaciado y archivo guardado exitosamente
2025-08-27 22:52:34,685 - INFO - Buffer vaciado y archivo guardado exitosamente
2025-08-27 22:52:37,262 - INFO - Buffer vaciado y archivo guardado exitosamente
2025-08-27 22:52:39,802 - INFO - Buffer vaciado y archivo guardado exitosamente
2025-08-27 22:52:42,318 - INFO - Buffer vaciado y archivo guardado exitosamente
2025-08-27 22:52:45,151 - INFO - Buffer vaciado y archivo guardado exitosamente
2025-08-27 22:52:48,366 - INFO - Buffer vaciado y archivo guardado exitosamente
2025-08-27 22:52:49,764 - INFO - Buffer vaciado y archivo guardado exitosamente
2025-08-27 22:52:52,537 - INFO - Buffer vaciado y archivo guardado exitosamente
2025-08-27 22:52:55,243 - INFO - Buffer vaciado y archivo guardado exitosamente
2025-08-27 22:52:57,719 - INFO - Buffer vaciado y archivo guardado exitosamente
2025-08-27 22:53:00,235 - INFO - Buffer vaciado y archivo guardado exitosamente
2025-08-27 22:53:02,820 - INFO - Buffer vaciado y archivo guardado exitosamente
2025-08-27 22:53:05,481 - INFO - Buffer vaciado y archivo guardado exitosamente
2025-08-27 22:53:08,076 - INFO - Buffer vaciado y archivo guardado exitosamente
2025-08-27 22:53:10,813 - INFO - Buffer vaciado y archivo guardado exitosamente
2025-08-27 22:53:13,361 - INFO - Buffer vaciado y archivo guardado exitosamente
2025-08-27 22:53:15,921 - INFO - Buffer vaciado y archivo guardado exitosamente
2025-08-27 22:53:18,534 - INFO - Buffer vaciado y archivo guardado exitosamente
2025-08-27 22:53:21,075 - INFO - Buffer vaciado y archivo guardado exitosamente
2025-08-27 22:53:23,602 - INFO - Buffer vaciado y archivo guardado exitosamente
2025-08-27 22:53:26,153 - INFO - Buffer vaciado y archivo guardado exitosamente
2025-08-27 22:53:28,884 - INFO - Buffer vaciado y archivo guardado exitosamente
2025-08-27 22:53:31,280 - INFO - Buffer vaciado y archivo guardado exitosamente
2025-08-27 22:53:33,988 - INFO - Buffer vaciado y archivo guardado exitosamente
2025-08-27 22:53:36,573 - INFO - Buffer vaciado y archivo guardado exitosamente
2025-08-27 22:53:39,055 - INFO - Buffer vaciado y archivo guardado exitosamente
2025-08-27 22:53:41,589 - INFO - Buffer vaciado y archivo guardado exitosamente
2025-08-27 22:53:44,167 - INFO - Buffer vaciado y archivo guardado exitosamente
2025-08-27 22:53:46,763 - INFO - Buffer vaciado y archivo guardado exitosamente
2025-08-27 22:53:49,378 - INFO - Buffer vaciado y archivo guardado exitosamente
2025-08-27 22:53:51,764 - INFO - Buffer vaciado y archivo guardado exitosamente
2025-08-27 22:53:54,605 - INFO - Buffer vaciado y archivo guardado exitosamente
2025-08-27 22:53:57,215 - INFO - Buffer vaciado y archivo guardado exitosamente
2025-08-27 22:53:59,620 - INFO - Buffer vaciado y archivo guardado exitosamente
2025-08-27 22:54:02,364 - INFO - Buffer vaciado y archivo guardado exitosamente
2025-08-27 22:54:04,932 - INFO - Buffer vaciado y archivo guardado exitosamente
2025-08-27 22:54:07,323 - INFO - Buffer vaciado y archivo guardado exitosamente
2025-08-27 22:54:09,828 - INFO - Buffer vaciado y archivo guardado exitosamente
2025-08-27 22:54:12,638 - INFO - Buffer vaciado y archivo guardado exitosamente
2025-08-27 22:54:15,079 - INFO - Buffer vaciado y archivo guardado exitosamente
2025-08-27 22:54:17,650 - INFO - Buffer vaciado y archivo guardado exitosamente
2025-08-27 22:54:20,348 - INFO - Buffer vaciado y archivo guardado exitosamente
2025-08-27 22:54:22,718 - INFO - Buffer vaciado y archivo guardado exitosamente
2025-08-27 22:54:24,307 - INFO - Buffer vaciado y archivo guardado exitosamente
2025-08-27 22:54:27,050 - INFO - Buffer vaciado y archivo guardado exitosamente
2025-08-27 22:54:29,642 - INFO - Buffer vaciado y archivo guardado exitosamente
2025-08-27 22:54:32,104 - INFO - Buffer vaciado y archivo guardado exitosamente
2025-08-27 22:54:34,555 - INFO - Buffer vaciado y archivo guardado exitosamente
2025-08-27 22:54:37,319 - INFO - Buffer vaciado y archivo guardado exitosamente
2025-08-27 22:54:39,787 - INFO - Buffer vaciado y archivo guardado exitosamente
2025-08-27 22:54:42,370 - INFO - Buffer vaciado y archivo guardado exitosamente
2025-08-27 22:54:45,030 - INFO - Buffer vaciado y archivo guardado exitosamente
2025-08-27 22:54:47,544 - INFO - Buffer vaciado y archivo guardado exitosamente
2025-08-27 22:54:50,122 - INFO - Buffer vaciado y archivo guardado exitosamente
2025-08-27 22:54:52,840 - INFO - Buffer vaciado y archivo guardado exitosamente
2025-08-27 22:54:55,278 - INFO - Buffer vaciado y archivo guardado exitosamente
2025-08-27 22:54:57,890 - INFO - Buffer vaciado y archivo guardado exitosamente
2025-08-27 22:55:00,322 - INFO - Buffer vaciado y archivo guardado exitosamente
2025-08-27 22:55:03,048 - INFO - Buffer vaciado y archivo guardado exitosamente
2025-08-27 22:55:05,556 - INFO - Buffer vaciado y archivo guardado exitosamente
2025-08-27 22:55:08,147 - INFO - Buffer vaciado y archivo guardado exitosamente
2025-08-27 22:55:10,847 - INFO - Buffer vaciado y archivo guardado exitosamente
2025-08-27 22:55:13,277 - INFO - Buffer vaciado y archivo guardado exitosamente
2025-08-27 22:55:15,789 - INFO - Buffer vaciado y archivo guardado exitosamente
2025-08-27 22:55:18,529 - INFO - Buffer vaciado y archivo guardado exitosamente
2025-08-27 22:55:21,090 - INFO - Buffer vaciado y archivo guardado exitosamente
2025-08-27 22:55:23,539 - INFO - Buffer vaciado y archivo guardado exitosamente
2025-08-27 22:55:26,030 - INFO - Buffer vaciado y archivo guardado exitosamente
2025-08-27 22:55:28,782 - INFO - Buffer vaciado y archivo guardado exitosamente
2025-08-27 22:55:31,347 - INFO - Buffer vaciado y archivo guardado exitosamente
2025-08-27 22:55:33,790 - INFO - Buffer vaciado y archivo guardado exitosamente
2025-08-27 22:55:36,539 - INFO - Buffer vaciado y archivo guardado exitosamente
2025-08-27 22:55:39,041 - INFO - Buffer vaciado y archivo guardado exitosamente
2025-08-27 22:55:41,695 - INFO - Buffer vaciado y archivo guardado exitosamente
2025-08-27 22:55:44,411 - INFO - Buffer vaciado y archivo guardado exitosamente
2025-08-27 22:55:46,794 - INFO - Buffer vaciado y archivo guardado exitosamente
2025-08-27 22:55:49,361 - INFO - Buffer vaciado y archivo guardado exitosamente
2025-08-27 22:55:56,561 - INFO - Buffer vaciado y archivo guardado exitosamente
2025-08-27 22:55:57,113 - INFO - Buffer vaciado y archivo guardado exitosamente
2025-08-27 22:55:57,676 - INFO - Buffer vaciado y archivo guardado exitosamente
2025-08-27 22:55:59,615 - INFO - Buffer vaciado y archivo guardado exitosamente
2025-08-27 22:56:02,298 - INFO - Buffer vaciado y archivo guardado exitosamente
2025-08-27 22:56:04,871 - INFO - Buffer vaciado y archivo guardado exitosamente
2025-08-27 22:56:07,288 - INFO - Buffer vaciado y archivo guardado exitosamente
2025-08-27 22:56:09,879 - INFO - Buffer vaciado y archivo guardado exitosamente
2025-08-27 22:56:12,553 - INFO - Buffer vaciado y archivo guardado exitosamente
2025-08-27 22:56:15,056 - INFO - Buffer vaciado y archivo guardado exitosamente
2025-08-27 22:56:17,564 - INFO - Buffer vaciado y archivo guardado exitosamente
2025-08-27 22:56:20,371 - INFO - Buffer vaciado y archivo guardado exitosamente
2025-08-27 22:56:22,820 - INFO - Buffer vaciado y archivo guardado exitosamente
2025-08-27 22:56:25,305 - INFO - Buffer vaciado y archivo guardado exitosamente
2025-08-27 22:56:28,102 - INFO - Buffer vaciado y archivo guardado exitosamente
2025-08-27 22:56:30,561 - INFO - Buffer vaciado y archivo guardado exitosamente
2025-08-27 22:56:33,048 - INFO - Buffer vaciado y archivo guardado exitosamente
2025-08-27 22:56:35,536 - INFO - Buffer vaciado y archivo guardado exitosamente
2025-08-27 22:56:38,351 - INFO - Buffer vaciado y archivo guardado exitosamente
2025-08-27 22:56:40,795 - INFO - Buffer vaciado y archivo guardado exitosamente
2025-08-27 22:56:43,413 - INFO - Buffer vaciado y archivo guardado exitosamente
2025-08-27 22:56:46,046 - INFO - Buffer vaciado y archivo guardado exitosamente
2025-08-27 22:56:48,663 - INFO - Buffer vaciado y archivo guardado exitosamente
2025-08-27 22:56:51,057 - INFO - Buffer vaciado y archivo guardado exitosamente
2025-08-27 22:56:53,795 - INFO - Buffer vaciado y archivo guardado exitosamente
2025-08-27 22:56:56,382 - INFO - Buffer vaciado y archivo guardado exitosamente
2025-08-27 22:56:58,793 - INFO - Buffer vaciado y archivo guardado exitosamente
2025-08-27 22:57:01,294 - INFO - Buffer vaciado y archivo guardado exitosamente
2025-08-27 22:57:04,055 - INFO - Buffer vaciado y archivo guardado exitosamente
2025-08-27 22:57:06,603 - INFO - Buffer vaciado y archivo guardado exitosamente
2025-08-27 22:57:09,037 - INFO - Buffer vaciado y archivo guardado exitosamente
2025-08-27 22:57:11,800 - INFO - Buffer vaciado y archivo guardado exitosamente
2025-08-27 22:57:14,290 - INFO - Buffer vaciado y archivo guardado exitosamente
2025-08-27 22:57:16,934 - INFO - Buffer vaciado y archivo guardado exitosamente
2025-08-27 22:57:19,576 - INFO - Buffer vaciado y archivo guardado exitosamente
2025-08-27 22:57:22,051 - INFO - Buffer vaciado y archivo guardado exitosamente
2025-08-27 22:57:24,541 - INFO - Buffer vaciado y archivo guardado exitosamente
2025-08-27 22:57:27,085 - INFO - Buffer vaciado y archivo guardado exitosamente
2025-08-27 22:57:29,798 - INFO - Buffer vaciado y archivo guardado exitosamente
2025-08-27 22:57:32,296 - INFO - Buffer vaciado y archivo guardado exitosamente
2025-08-27 22:57:34,864 - INFO - Buffer vaciado y archivo guardado exitosamente
2025-08-27 22:57:37,543 - INFO - Buffer vaciado y archivo guardado exitosamente
2025-08-27 22:57:40,061 - INFO - Buffer vaciado y archivo guardado exitosamente
2025-08-27 22:57:42,577 - INFO - Buffer vaciado y archivo guardado exitosamente
2025-08-27 22:57:45,365 - INFO - Buffer vaciado y archivo guardado exitosamente
2025-08-27 22:57:47,795 - INFO - Buffer vaciado y archivo guardado exitosamente
2025-08-27 22:57:50,281 - INFO - Buffer vaciado y archivo guardado exitosamente
2025-08-27 22:57:52,811 - INFO - Buffer vaciado y archivo guardado exitosamente
2025-08-27 22:57:55,595 - INFO - Buffer vaciado y archivo guardado exitosamente
2025-08-27 22:57:58,163 - INFO - Buffer vaciado y archivo guardado exitosamente
2025-08-27 22:58:00,549 - INFO - Buffer vaciado y archivo guardado exitosamente
2025-08-27 22:58:03,360 - INFO - Buffer vaciado y archivo guardado exitosamente
2025-08-27 22:58:05,796 - INFO - Buffer vaciado y archivo guardado exitosamente
2025-08-27 22:58:08,389 - INFO - Buffer vaciado y archivo guardado exitosamente
2025-08-27 22:58:11,146 - INFO - Buffer vaciado y archivo guardado exitosamente
2025-08-27 22:58:13,600 - INFO - Buffer vaciado y archivo guardado exitosamente
2025-08-27 22:58:16,075 - INFO - Buffer vaciado y archivo guardado exitosamente
2025-08-27 22:58:18,548 - INFO - Buffer vaciado y archivo guardado exitosamente
2025-08-27 22:58:21,303 - INFO - Buffer vaciado y archivo guardado exitosamente
2025-08-27 22:58:23,861 - INFO - Buffer vaciado y archivo guardado exitosamente
2025-08-27 22:58:26,321 - INFO - Buffer vaciado y archivo guardado exitosamente
2025-08-27 22:58:29,040 - INFO - Buffer vaciado y archivo guardado exitosamente
2025-08-27 22:58:31,600 - INFO - Buffer vaciado y archivo guardado exitosamente
2025-08-27 22:58:34,040 - INFO - Buffer vaciado y archivo guardado exitosamente
2025-08-27 22:58:36,876 - INFO - Buffer vaciado y archivo guardado exitosamente
2025-08-27 22:58:39,570 - INFO - Buffer vaciado y archivo guardado exitosamente
2025-08-27 22:58:42,133 - INFO - Buffer vaciado y archivo guardado exitosamente
2025-08-27 22:58:44,678 - INFO - Buffer vaciado y archivo guardado exitosamente
2025-08-27 22:58:47,300 - INFO - Buffer vaciado y archivo guardado exitosamente
2025-08-27 22:58:49,805 - INFO - Buffer vaciado y archivo guardado exitosamente
2025-08-27 22:58:52,351 - INFO - Buffer vaciado y archivo guardado exitosamente
2025-08-27 22:58:55,052 - INFO - Buffer vaciado y archivo guardado exitosamente
2025-08-27 22:58:57,538 - INFO - Buffer vaciado y archivo guardado exitosamente
2025-08-27 22:59:00,106 - INFO - Buffer vaciado y archivo guardado exitosamente
2025-08-27 22:59:02,895 - INFO - Buffer vaciado y archivo guardado exitosamente
2025-08-27 22:59:05,298 - INFO - Buffer vaciado y archivo guardado exitosamente
2025-08-27 22:59:07,802 - INFO - Buffer vaciado y archivo guardado exitosamente
2025-08-27 22:59:10,344 - INFO - Buffer vaciado y archivo guardado exitosamente
2025-08-27 22:59:13,051 - INFO - Buffer vaciado y archivo guardado exitosamente
2025-08-27 22:59:15,570 - INFO - Buffer vaciado y archivo guardado exitosamente
2025-08-27 22:59:18,059 - INFO - Buffer vaciado y archivo guardado exitosamente
2025-08-27 22:59:20,878 - INFO - Buffer vaciado y archivo guardado exitosamente
2025-08-27 22:59:23,319 - INFO - Buffer vaciado y archivo guardado exitosamente
2025-08-27 22:59:25,815 - INFO - Buffer vaciado y archivo guardado exitosamente
2025-08-27 22:59:28,380 - INFO - Buffer vaciado y archivo guardado exitosamente
2025-08-27 22:59:31,179 - INFO - Buffer vaciado y archivo guardado exitosamente
2025-08-27 22:59:33,616 - INFO - Buffer vaciado y archivo guardado exitosamente
2025-08-27 22:59:36,064 - INFO - Buffer vaciado y archivo guardado exitosamente
2025-08-27 22:59:38,865 - INFO - Buffer vaciado y archivo guardado exitosamente
2025-08-27 22:59:41,329 - INFO - Buffer vaciado y archivo guardado exitosamente
2025-08-27 22:59:43,876 - INFO - Buffer vaciado y archivo guardado exitosamente
2025-08-27 22:59:46,658 - INFO - Buffer vaciado y archivo guardado exitosamente
2025-08-27 22:59:49,099 - INFO - Buffer vaciado y archivo guardado exitosamente
2025-08-27 22:59:51,601 - INFO - Buffer vaciado y archivo guardado exitosamente
2025-08-27 22:59:54,350 - INFO - Buffer vaciado y archivo guardado exitosamente
2025-08-27 22:59:56,885 - INFO - Buffer vaciado y archivo guardado exitosamente
2025-08-27 22:59:59,348 - INFO - Buffer vaciado y archivo guardado exitosamente
2025-08-27 23:00:01,853 - INFO - Buffer vaciado y archivo guardado exitosamente
2025-08-27 23:00:04,580 - INFO - Buffer vaciado y archivo guardado exitosamente
2025-08-27 23:00:07,123 - INFO - Buffer vaciado y archivo guardado exitosamente
2025-08-27 23:00:09,661 - INFO - Buffer vaciado y archivo guardado exitosamente
2025-08-27 23:00:12,343 - INFO - Buffer vaciado y archivo guardado exitosamente
2025-08-27 23:00:14,978 - INFO - Buffer vaciado y archivo guardado exitosamente
2025-08-27 23:00:17,322 - INFO - Buffer vaciado y archivo guardado exitosamente
2025-08-27 23:00:21,397 - INFO - Buffer vaciado y archivo guardado exitosamente
2025-08-27 23:00:22,567 - INFO - Buffer vaciado y archivo guardado exitosamente
2025-08-27 23:00:25,114 - INFO - Buffer vaciado y archivo guardado exitosamente
2025-08-27 23:00:27,577 - INFO - Buffer vaciado y archivo guardado exitosamente
2025-08-27 23:00:30,298 - INFO - Buffer vaciado y archivo guardado exitosamente
2025-08-27 23:00:32,955 - INFO - Buffer vaciado y archivo guardado exitosamente
2025-08-27 23:00:35,295 - INFO - Buffer vaciado y archivo guardado exitosamente
2025-08-27 23:00:38,045 - INFO - Buffer vaciado y archivo guardado exitosamente
2025-08-27 23:00:40,546 - INFO - Buffer vaciado y archivo guardado exitosamente
2025-08-27 23:00:43,119 - INFO - Buffer vaciado y archivo guardado exitosamente
2025-08-27 23:00:45,809 - INFO - Buffer vaciado y archivo guardado exitosamente
2025-08-27 23:00:48,298 - INFO - Buffer vaciado y archivo guardado exitosamente
2025-08-27 23:00:50,868 - INFO - Buffer vaciado y archivo guardado exitosamente
2025-08-27 23:00:54,004 - INFO - Buffer vaciado y archivo guardado exitosamente
2025-08-27 23:00:56,066 - INFO - Buffer vaciado y archivo guardado exitosamente
2025-08-27 23:00:58,567 - INFO - Buffer vaciado y archivo guardado exitosamente
2025-08-27 23:01:01,145 - INFO - Buffer vaciado y archivo guardado exitosamente
2025-08-27 23:01:03,802 - INFO - Buffer vaciado y archivo guardado exitosamente
2025-08-27 23:01:06,414 - INFO - Buffer vaciado y archivo guardado exitosamente
2025-08-27 23:01:08,809 - INFO - Buffer vaciado y archivo guardado exitosamente
2025-08-27 23:01:11,627 - INFO - Buffer vaciado y archivo guardado exitosamente
2025-08-27 23:01:14,065 - INFO - Buffer vaciado y archivo guardado exitosamente
2025-08-27 23:01:16,543 - INFO - Buffer vaciado y archivo guardado exitosamente
2025-08-27 23:01:19,116 - INFO - Buffer vaciado y archivo guardado exitosamente
2025-08-27 23:01:21,805 - INFO - Buffer vaciado y archivo guardado exitosamente
2025-08-27 23:01:24,448 - INFO - Buffer vaciado y archivo guardado exitosamente
2025-08-27 23:01:26,885 - INFO - Buffer vaciado y archivo guardado exitosamente
2025-08-27 23:01:29,708 - INFO - Buffer vaciado y archivo guardado exitosamente
2025-08-27 23:01:32,046 - INFO - Buffer vaciado y archivo guardado exitosamente
2025-08-27 23:01:34,553 - INFO - Buffer vaciado y archivo guardado exitosamente
2025-08-27 23:01:37,301 - INFO - Buffer vaciado y archivo guardado exitosamente
2025-08-27 23:01:39,877 - INFO - Buffer vaciado y archivo guardado exitosamente
2025-08-27 23:01:42,320 - INFO - Buffer vaciado y archivo guardado exitosamente
2025-08-27 23:01:44,804 - INFO - Buffer vaciado y archivo guardado exitosamente
2025-08-27 23:01:47,623 - INFO - Buffer vaciado y archivo guardado exitosamente
2025-08-27 23:01:50,115 - INFO - Buffer vaciado y archivo guardado exitosamente
2025-08-27 23:01:52,562 - INFO - Buffer vaciado y archivo guardado exitosamente
2025-08-27 23:01:55,327 - INFO - Buffer vaciado y archivo guardado exitosamente
2025-08-27 23:01:59,178 - INFO - Buffer vaciado y archivo guardado exitosamente
2025-08-27 23:02:00,343 - INFO - Buffer vaciado y archivo guardado exitosamente
2025-08-27 23:02:03,079 - INFO - Buffer vaciado y archivo guardado exitosamente
2025-08-27 23:02:05,667 - INFO - Buffer vaciado y archivo guardado exitosamente
2025-08-27 23:02:08,187 - INFO - Buffer vaciado y archivo guardado exitosamente
2025-08-27 23:02:10,601 - INFO - Buffer vaciado y archivo guardado exitosamente
2025-08-27 23:02:13,313 - INFO - Buffer vaciado y archivo guardado exitosamente
2025-08-27 23:02:15,866 - INFO - Buffer vaciado y archivo guardado exitosamente
2025-08-27 23:02:18,360 - INFO - Buffer vaciado y archivo guardado exitosamente
2025-08-27 23:02:21,064 - INFO - Buffer vaciado y archivo guardado exitosamente
2025-08-27 23:02:23,646 - INFO - Buffer vaciado y archivo guardado exitosamente
2025-08-27 23:02:26,154 - INFO - Buffer vaciado y archivo guardado exitosamente
2025-08-27 23:02:28,839 - INFO - Buffer vaciado y archivo guardado exitosamente
2025-08-27 23:02:31,407 - INFO - Buffer vaciado y archivo guardado exitosamente
2025-08-27 23:02:33,930 - INFO - Buffer vaciado y archivo guardado exitosamente
2025-08-27 23:02:36,446 - INFO - Buffer vaciado y archivo guardado exitosamente
2025-08-27 23:02:39,070 - INFO - Buffer vaciado y archivo guardado exitosamente
2025-08-27 23:02:41,643 - INFO - Buffer vaciado y archivo guardado exitosamente
2025-08-27 23:02:44,075 - INFO - Buffer vaciado y archivo guardado exitosamente
2025-08-27 23:02:46,829 - INFO - Buffer vaciado y archivo guardado exitosamente
2025-08-27 23:02:49,318 - INFO - Buffer vaciado y archivo guardado exitosamente
2025-08-27 23:02:51,885 - INFO - Buffer vaciado y archivo guardado exitosamente
2025-08-27 23:02:54,307 - INFO - Buffer vaciado y archivo guardado exitosamente
2025-08-27 23:02:57,079 - INFO - Buffer vaciado y archivo guardado exitosamente
2025-08-27 23:02:59,753 - INFO - Buffer vaciado y archivo guardado exitosamente
2025-08-27 23:03:02,085 - INFO - Buffer vaciado y archivo guardado exitosamente
2025-08-27 23:03:04,932 - INFO - Buffer vaciado y archivo guardado exitosamente
2025-08-27 23:03:07,329 - INFO - Buffer vaciado y archivo guardado exitosamente
2025-08-27 23:03:09,893 - INFO - Buffer vaciado y archivo guardado exitosamente
2025-08-27 23:03:12,678 - INFO - Buffer vaciado y archivo guardado exitosamente
2025-08-27 23:03:15,206 - INFO - Buffer vaciado y archivo guardado exitosamente
2025-08-27 23:03:17,775 - INFO - Buffer vaciado y archivo guardado exitosamente
2025-08-27 23:03:20,139 - INFO - Buffer vaciado y archivo guardado exitosamente
2025-08-27 23:03:23,340 - INFO - Buffer vaciado y archivo guardado exitosamente
2025-08-27 23:03:25,456 - INFO - Buffer vaciado y archivo guardado exitosamente
2025-08-27 23:03:27,934 - INFO - Buffer vaciado y archivo guardado exitosamente
2025-08-27 23:03:30,871 - INFO - Buffer vaciado y archivo guardado exitosamente
2025-08-27 23:03:33,560 - INFO - Buffer vaciado y archivo guardado exitosamente
2025-08-27 23:03:35,945 - INFO - Buffer vaciado y archivo guardado exitosamente
2025-08-27 23:03:38,790 - INFO - Buffer vaciado y archivo guardado exitosamente
2025-08-27 23:03:40,998 - INFO - Buffer vaciado y archivo guardado exitosamente
2025-08-27 23:03:43,562 - INFO - Buffer vaciado y archivo guardado exitosamente
2025-08-27 23:03:46,423 - INFO - Buffer vaciado y archivo guardado exitosamente
2025-08-27 23:03:48,904 - INFO - Buffer vaciado y archivo guardado exitosamente
2025-08-27 23:03:51,287 - INFO - Buffer vaciado y archivo guardado exitosamente
2025-08-27 23:03:53,784 - INFO - Buffer vaciado y archivo guardado exitosamente
2025-08-27 23:03:56,560 - INFO - Buffer vaciado y archivo guardado exitosamente
2025-08-27 23:03:58,984 - INFO - Buffer vaciado y archivo guardado exitosamente
2025-08-27 23:04:01,463 - INFO - Buffer vaciado y archivo guardado exitosamente
2025-08-27 23:04:04,269 - INFO - Buffer vaciado y archivo guardado exitosamente
2025-08-27 23:04:06,670 - INFO - Buffer vaciado y archivo guardado exitosamente
2025-08-27 23:04:09,195 - INFO - Buffer vaciado y archivo guardado exitosamente
2025-08-27 23:04:12,214 - INFO - Buffer vaciado y archivo guardado exitosamente
2025-08-27 23:04:14,555 - INFO - Buffer vaciado y archivo guardado exitosamente
2025-08-27 23:04:17,097 - INFO - Buffer vaciado y archivo guardado exitosamente
2025-08-27 23:04:19,541 - INFO - Buffer vaciado y archivo guardado exitosamente
2025-08-27 23:04:22,717 - INFO - Buffer vaciado y archivo guardado exitosamente
2025-08-27 23:04:24,771 - INFO - Buffer vaciado y archivo guardado exitosamente
2025-08-27 23:04:27,286 - INFO - Buffer vaciado y archivo guardado exitosamente
2025-08-27 23:04:30,077 - INFO - Buffer vaciado y archivo guardado exitosamente
2025-08-27 23:04:32,604 - INFO - Buffer vaciado y archivo guardado exitosamente
2025-08-27 23:04:35,134 - INFO - Buffer vaciado y archivo guardado exitosamente
2025-08-27 23:04:37,765 - INFO - Buffer vaciado y archivo guardado exitosamente
2025-08-27 23:04:40,352 - INFO - Buffer vaciado y archivo guardado exitosamente
2025-08-27 23:04:42,757 - INFO - Buffer vaciado y archivo guardado exitosamente
2025-08-27 23:04:45,311 - INFO - Buffer vaciado y archivo guardado exitosamente
2025-08-27 23:04:48,153 - INFO - Buffer vaciado y archivo guardado exitosamente
2025-08-27 23:04:50,556 - INFO - Buffer vaciado y archivo guardado exitosamente
2025-08-27 23:04:53,058 - INFO - Buffer vaciado y archivo guardado exitosamente
2025-08-27 23:04:55,816 - INFO - Buffer vaciado y archivo guardado exitosamente
2025-08-27 23:04:58,321 - INFO - Buffer vaciado y archivo guardado exitosamente
2025-08-27 23:05:00,806 - INFO - Buffer vaciado y archivo guardado exitosamente
2025-08-27 23:05:03,497 - INFO - Buffer vaciado y archivo guardado exitosamente
2025-08-27 23:05:06,057 - INFO - Buffer vaciado y archivo guardado exitosamente
2025-08-27 23:05:08,512 - INFO - Buffer vaciado y archivo guardado exitosamente
2025-08-27 23:05:11,085 - INFO - Buffer vaciado y archivo guardado exitosamente
2025-08-27 23:05:13,804 - INFO - Buffer vaciado y archivo guardado exitosamente
2025-08-27 23:05:16,313 - INFO - Buffer vaciado y archivo guardado exitosamente
2025-08-27 23:05:18,825 - INFO - Buffer vaciado y archivo guardado exitosamente
2025-08-27 23:05:21,753 - INFO - Buffer vaciado y archivo guardado exitosamente
2025-08-27 23:05:24,091 - INFO - Buffer vaciado y archivo guardado exitosamente
2025-08-27 23:05:26,548 - INFO - Buffer vaciado y archivo guardado exitosamente
2025-08-27 23:05:29,401 - INFO - Buffer vaciado y archivo guardado exitosamente
2025-08-27 23:05:32,066 - INFO - Buffer vaciado y archivo guardado exitosamente
2025-08-27 23:05:34,447 - INFO - Buffer vaciado y archivo guardado exitosamente
2025-08-27 23:05:36,842 - INFO - Buffer vaciado y archivo guardado exitosamente
2025-08-27 23:05:39,582 - INFO - Buffer vaciado y archivo guardado exitosamente
2025-08-27 23:05:42,229 - INFO - Buffer vaciado y archivo guardado exitosamente
2025-08-27 23:05:44,602 - INFO - Buffer vaciado y archivo guardado exitosamente
2025-08-27 23:05:47,249 - INFO - Buffer vaciado y archivo guardado exitosamente
2025-08-27 23:05:49,802 - INFO - Buffer vaciado y archivo guardado exitosamente
2025-08-27 23:05:52,456 - INFO - Buffer vaciado y archivo guardado exitosamente
2025-08-27 23:05:55,122 - INFO - Buffer vaciado y archivo guardado exitosamente
2025-08-27 23:05:57,486 - INFO - Buffer vaciado y archivo guardado exitosamente
2025-08-27 23:06:00,049 - INFO - Buffer vaciado y archivo guardado exitosamente
2025-08-27 23:06:02,500 - INFO - Buffer vaciado y archivo guardado exitosamente
2025-08-27 23:06:05,348 - INFO - Buffer vaciado y archivo guardado exitosamente
2025-08-27 23:06:07,880 - INFO - Buffer vaciado y archivo guardado exitosamente
2025-08-27 23:06:10,261 - INFO - Buffer vaciado y archivo guardado exitosamente
2025-08-27 23:06:13,018 - INFO - Buffer vaciado y archivo guardado exitosamente
2025-08-27 23:06:15,559 - INFO - Buffer vaciado y archivo guardado exitosamente
2025-08-27 23:06:18,108 - INFO - Buffer vaciado y archivo guardado exitosamente
2025-08-27 23:06:21,269 - INFO - Buffer vaciado y archivo guardado exitosamente
2025-08-27 23:06:23,311 - INFO - Buffer vaciado y archivo guardado exitosamente
2025-08-27 23:06:25,868 - INFO - Buffer vaciado y archivo guardado exitosamente
2025-08-27 23:06:28,199 - INFO - Buffer vaciado y archivo guardado exitosamente
2025-08-27 23:06:31,019 - INFO - Buffer vaciado y archivo guardado exitosamente
2025-08-27 23:06:33,684 - INFO - Buffer vaciado y archivo guardado exitosamente
2025-08-27 23:06:35,951 - INFO - Buffer vaciado y archivo guardado exitosamente
2025-08-27 23:06:38,750 - INFO - Buffer vaciado y archivo guardado exitosamente
2025-08-27 23:06:41,256 - INFO - Buffer vaciado y archivo guardado exitosamente
2025-08-27 23:06:43,821 - INFO - Buffer vaciado y archivo guardado exitosamente
2025-08-27 23:06:46,578 - INFO - Buffer vaciado y archivo guardado exitosamente
2025-08-27 23:06:49,115 - INFO - Buffer vaciado y archivo guardado exitosamente
2025-08-27 23:06:51,578 - INFO - Buffer vaciado y archivo guardado exitosamente
2025-08-27 23:06:54,024 - INFO - Buffer vaciado y archivo guardado exitosamente
2025-08-27 23:06:56,826 - INFO - Buffer vaciado y archivo guardado exitosamente
2025-08-27 23:06:59,274 - INFO - Buffer vaciado y archivo guardado exitosamente
2025-08-27 23:07:01,877 - INFO - Buffer vaciado y archivo guardado exitosamente
2025-08-27 23:07:04,474 - INFO - Buffer vaciado y archivo guardado exitosamente
2025-08-27 23:07:06,981 - INFO - Buffer vaciado y archivo guardado exitosamente
2025-08-27 23:07:09,510 - INFO - Buffer vaciado y archivo guardado exitosamente
2025-08-27 23:07:12,213 - INFO - Buffer vaciado y archivo guardado exitosamente
2025-08-27 23:07:15,036 - INFO - Buffer vaciado y archivo guardado exitosamente
2025-08-27 23:07:17,867 - INFO - Buffer vaciado y archivo guardado exitosamente
2025-08-27 23:07:19,928 - INFO - Buffer vaciado y archivo guardado exitosamente
2025-08-27 23:07:23,026 - INFO - Buffer vaciado y archivo guardado exitosamente
2025-08-27 23:07:25,762 - INFO - Buffer vaciado y archivo guardado exitosamente
2025-08-27 23:07:28,275 - INFO - Buffer vaciado y archivo guardado exitosamente
2025-08-27 23:07:31,614 - INFO - Buffer vaciado y archivo guardado exitosamente
2025-08-27 23:07:33,676 - INFO - Buffer vaciado y archivo guardado exitosamente
2025-08-27 23:07:36,151 - INFO - Buffer vaciado y archivo guardado exitosamente
2025-08-27 23:07:38,862 - INFO - Buffer vaciado y archivo guardado exitosamente
2025-08-27 23:07:41,363 - INFO - Buffer vaciado y archivo guardado exitosamente
2025-08-27 23:07:43,854 - INFO - Buffer vaciado y archivo guardado exitosamente
2025-08-27 23:07:47,711 - INFO - Buffer vaciado y archivo guardado exitosamente
2025-08-27 23:07:49,611 - INFO - Buffer vaciado y archivo guardado exitosamente
2025-08-27 23:07:51,713 - INFO - Buffer vaciado y archivo guardado exitosamente
2025-08-27 23:07:54,279 - INFO - Buffer vaciado y archivo guardado exitosamente
2025-08-27 23:07:56,796 - INFO - Buffer vaciado y archivo guardado exitosamente
2025-08-27 23:07:59,556 - INFO - Buffer vaciado y archivo guardado exitosamente
2025-08-27 23:08:01,832 - INFO - Buffer vaciado y archivo guardado exitosamente
2025-08-27 23:08:04,476 - INFO - Buffer vaciado y archivo guardado exitosamente
2025-08-27 23:08:07,040 - INFO - Buffer vaciado y archivo guardado exitosamente
2025-08-27 23:08:09,422 - INFO - Buffer vaciado y archivo guardado exitosamente
2025-08-27 23:08:12,215 - INFO - Buffer vaciado y archivo guardado exitosamente
2025-08-27 23:08:14,650 - INFO - Buffer vaciado y archivo guardado exitosamente
2025-08-27 23:08:17,136 - INFO - Buffer vaciado y archivo guardado exitosamente
2025-08-27 23:08:19,670 - INFO - Buffer vaciado y archivo guardado exitosamente
2025-08-27 23:08:25,979 - INFO - Buffer vaciado y archivo guardado exitosamente
2025-08-27 23:08:26,680 - INFO - Buffer vaciado y archivo guardado exitosamente
2025-08-27 23:08:27,501 - INFO - Buffer vaciado y archivo guardado exitosamente
2025-08-27 23:08:30,135 - INFO - Buffer vaciado y archivo guardado exitosamente
2025-08-27 23:08:32,654 - INFO - Buffer vaciado y archivo guardado exitosamente
2025-08-27 23:08:35,128 - INFO - Buffer vaciado y archivo guardado exitosamente
2025-08-27 23:08:37,928 - INFO - Buffer vaciado y archivo guardado exitosamente
2025-08-27 23:08:40,434 - INFO - Buffer vaciado y archivo guardado exitosamente
2025-08-27 23:08:42,872 - INFO - Buffer vaciado y archivo guardado exitosamente
2025-08-27 23:08:45,497 - INFO - Buffer vaciado y archivo guardado exitosamente
2025-08-27 23:08:48,202 - INFO - Buffer vaciado y archivo guardado exitosamente
2025-08-27 23:08:50,673 - INFO - Buffer vaciado y archivo guardado exitosamente
2025-08-27 23:08:53,154 - INFO - Buffer vaciado y archivo guardado exitosamente
2025-08-27 23:08:55,855 - INFO - Buffer vaciado y archivo guardado exitosamente
2025-08-27 23:08:58,517 - INFO - Buffer vaciado y archivo guardado exitosamente
2025-08-27 23:09:00,863 - INFO - Buffer vaciado y archivo guardado exitosamente
2025-08-27 23:09:03,852 - INFO - Buffer vaciado y archivo guardado exitosamente
2025-08-27 23:09:06,115 - INFO - Buffer vaciado y archivo guardado exitosamente
2025-08-27 23:09:08,703 - INFO - Buffer vaciado y archivo guardado exitosamente
2025-08-27 23:09:11,185 - INFO - Buffer vaciado y archivo guardado exitosamente
2025-08-27 23:09:13,864 - INFO - Buffer vaciado y archivo guardado exitosamente
2025-08-27 23:09:16,381 - INFO - Buffer vaciado y archivo guardado exitosamente
2025-08-27 23:09:18,918 - INFO - Buffer vaciado y archivo guardado exitosamente
2025-08-27 23:09:21,703 - INFO - Buffer vaciado y archivo guardado exitosamente
2025-08-27 23:09:24,101 - INFO - Buffer vaciado y archivo guardado exitosamente
2025-08-27 23:09:26,675 - INFO - Buffer vaciado y archivo guardado exitosamente
2025-08-27 23:09:29,642 - INFO - Buffer vaciado y archivo guardado exitosamente
2025-08-27 23:09:32,174 - INFO - Buffer vaciado y archivo guardado exitosamente
2025-08-27 23:09:34,540 - INFO - Buffer vaciado y archivo guardado exitosamente
2025-08-27 23:09:37,121 - INFO - Buffer vaciado y archivo guardado exitosamente
2025-08-27 23:09:39,834 - INFO - Buffer vaciado y archivo guardado exitosamente
2025-08-27 23:09:42,256 - INFO - Buffer vaciado y archivo guardado exitosamente
2025-08-27 23:09:44,906 - INFO - Buffer vaciado y archivo guardado exitosamente
2025-08-27 23:09:48,035 - INFO - Buffer vaciado y archivo guardado exitosamente
2025-08-27 23:09:50,074 - INFO - Buffer vaciado y archivo guardado exitosamente
2025-08-27 23:09:52,507 - INFO - Buffer vaciado y archivo guardado exitosamente
2025-08-27 23:09:55,396 - INFO - Buffer vaciado y archivo guardado exitosamente
2025-08-27 23:09:57,693 - INFO - Buffer vaciado y archivo guardado exitosamente
2025-08-27 23:10:00,220 - INFO - Buffer vaciado y archivo guardado exitosamente
2025-08-27 23:10:02,820 - INFO - Buffer vaciado y archivo guardado exitosamente
2025-08-27 23:10:05,625 - INFO - Buffer vaciado y archivo guardado exitosamente
2025-08-27 23:10:08,000 - INFO - Buffer vaciado y archivo guardado exitosamente
2025-08-27 23:10:10,629 - INFO - Buffer vaciado y archivo guardado exitosamente
2025-08-27 23:10:13,214 - INFO - Buffer vaciado y archivo guardado exitosamente
2025-08-27 23:10:15,745 - INFO - Buffer vaciado y archivo guardado exitosamente
2025-08-27 23:10:18,170 - INFO - Buffer vaciado y archivo guardado exitosamente
2025-08-27 23:10:20,975 - INFO - Buffer vaciado y archivo guardado exitosamente
2025-08-27 23:10:23,447 - INFO - Buffer vaciado y archivo guardado exitosamente
2025-08-27 23:10:25,930 - INFO - Buffer vaciado y archivo guardado exitosamente
2025-08-27 23:10:28,459 - INFO - Buffer vaciado y archivo guardado exitosamente
2025-08-27 23:10:31,203 - INFO - Buffer vaciado y archivo guardado exitosamente
2025-08-27 23:10:33,671 - INFO - Buffer vaciado y archivo guardado exitosamente
2025-08-27 23:10:36,244 - INFO - Buffer vaciado y archivo guardado exitosamente
2025-08-27 23:10:39,019 - INFO - Buffer vaciado y archivo guardado exitosamente
2025-08-27 23:10:41,472 - INFO - Buffer vaciado y archivo guardado exitosamente
2025-08-27 23:10:44,369 - INFO - Buffer vaciado y archivo guardado exitosamente
2025-08-27 23:10:46,941 - INFO - Buffer vaciado y archivo guardado exitosamente
2025-08-27 23:10:49,385 - INFO - Buffer vaciado y archivo guardado exitosamente
2025-08-27 23:10:51,808 - INFO - Buffer vaciado y archivo guardado exitosamente
2025-08-27 23:10:54,589 - INFO - Buffer vaciado y archivo guardado exitosamente
2025-08-27 23:10:57,059 - INFO - Buffer vaciado y archivo guardado exitosamente
2025-08-27 23:10:59,501 - INFO - Buffer vaciado y archivo guardado exitosamente
2025-08-27 23:11:02,232 - INFO - Buffer vaciado y archivo guardado exitosamente
2025-08-27 23:11:04,804 - INFO - Buffer vaciado y archivo guardado exitosamente
2025-08-27 23:11:07,306 - INFO - Buffer vaciado y archivo guardado exitosamente
2025-08-27 23:11:09,939 - INFO - Buffer vaciado y archivo guardado exitosamente
2025-08-27 23:11:12,460 - INFO - Buffer vaciado y archivo guardado exitosamente
2025-08-27 23:11:15,189 - INFO - Buffer vaciado y archivo guardado exitosamente
2025-08-27 23:11:17,582 - INFO - Buffer vaciado y archivo guardado exitosamente
2025-08-27 23:11:20,045 - INFO - Buffer vaciado y archivo guardado exitosamente
2025-08-27 23:11:22,845 - INFO - Buffer vaciado y archivo guardado exitosamente
2025-08-27 23:11:25,313 - INFO - Buffer vaciado y archivo guardado exitosamente
2025-08-27 23:11:27,928 - INFO - Buffer vaciado y archivo guardado exitosamente
2025-08-27 23:11:30,566 - INFO - Buffer vaciado y archivo guardado exitosamente
2025-08-27 23:11:33,134 - INFO - Buffer vaciado y archivo guardado exitosamente
2025-08-27 23:11:37,131 - INFO - Buffer vaciado y archivo guardado exitosamente
2025-08-27 23:11:38,160 - INFO - Buffer vaciado y archivo guardado exitosamente
2025-08-27 23:11:40,855 - INFO - Buffer vaciado y archivo guardado exitosamente
2025-08-27 23:11:43,439 - INFO - Buffer vaciado y archivo guardado exitosamente
2025-08-27 23:11:45,781 - INFO - Buffer vaciado y archivo guardado exitosamente
2025-08-27 23:11:48,713 - INFO - Buffer vaciado y archivo guardado exitosamente
2025-08-27 23:11:51,045 - INFO - Buffer vaciado y archivo guardado exitosamente
2025-08-27 23:11:53,624 - INFO - Buffer vaciado y archivo guardado exitosamente
2025-08-27 23:11:56,483 - INFO - Buffer vaciado y archivo guardado exitosamente
2025-08-27 23:11:59,049 - INFO - Buffer vaciado y archivo guardado exitosamente
2025-08-27 23:12:01,464 - INFO - Buffer vaciado y archivo guardado exitosamente
2025-08-27 23:12:03,799 - INFO - Buffer vaciado y archivo guardado exitosamente
2025-08-27 23:12:06,601 - INFO - Buffer vaciado y archivo guardado exitosamente
2025-08-27 23:12:09,701 - INFO - Buffer vaciado y archivo guardado exitosamente
2025-08-27 23:12:11,564 - INFO - Buffer vaciado y archivo guardado exitosamente
2025-08-27 23:12:14,333 - INFO - Buffer vaciado y archivo guardado exitosamente
2025-08-27 23:12:16,972 - INFO - Buffer vaciado y archivo guardado exitosamente
2025-08-27 23:12:19,374 - INFO - Buffer vaciado y archivo guardado exitosamente
2025-08-27 23:12:22,632 - INFO - Buffer vaciado y archivo guardado exitosamente
2025-08-27 23:12:24,924 - INFO - Buffer vaciado y archivo guardado exitosamente
2025-08-27 23:12:27,316 - INFO - Buffer vaciado y archivo guardado exitosamente
2025-08-27 23:12:29,663 - INFO - Buffer vaciado y archivo guardado exitosamente
2025-08-27 23:12:32,520 - INFO - Buffer vaciado y archivo guardado exitosamente
2025-08-27 23:12:34,877 - INFO - Buffer vaciado y archivo guardado exitosamente
2025-08-27 23:12:37,460 - INFO - Buffer vaciado y archivo guardado exitosamente
2025-08-27 23:12:40,315 - INFO - Buffer vaciado y archivo guardado exitosamente
2025-08-27 23:12:42,852 - INFO - Buffer vaciado y archivo guardado exitosamente
2025-08-27 23:12:45,489 - INFO - Buffer vaciado y archivo guardado exitosamente
2025-08-27 23:12:47,770 - INFO - Buffer vaciado y archivo guardado exitosamente
2025-08-27 23:12:50,376 - INFO - Buffer vaciado y archivo guardado exitosamente
2025-08-27 23:12:52,924 - INFO - Buffer vaciado y archivo guardado exitosamente
2025-08-27 23:12:55,423 - INFO - Buffer vaciado y archivo guardado exitosamente
2025-08-27 23:12:56,903 - INFO - Buffer vaciado y archivo guardado exitosamente
2025-08-27 23:12:58,024 - INFO - Archivo Excel cerrado correctamente
